date,cash,holdings,total_value,daily_return,cumulative_return
2015-01-02,100000.0,0.0,100000.0,0.0,0.0
2015-01-05,100000.0,0.0,100000.0,0.0,0.0
2015-01-06,100000.0,0.0,100000.0,0.0,0.0
2015-01-07,100000.0,0.0,100000.0,0.0,0.0
2015-01-08,100000.0,0.0,100000.0,0.0,0.0
2015-01-09,100000.0,0.0,100000.0,0.0,0.0
2015-01-12,100000.0,0.0,100000.0,0.0,0.0
2015-01-13,100000.0,0.0,100000.0,0.0,0.0
2015-01-14,100000.0,0.0,100000.0,0.0,0.0
2015-01-15,100000.0,0.0,100000.0,0.0,0.0
2015-01-16,100000.0,0.0,100000.0,0.0,0.0
2015-01-20,100000.0,0.0,100000.0,0.0,0.0
2015-01-21,100000.0,0.0,100000.0,0.0,0.0
2015-01-22,100000.0,0.0,100000.0,0.0,0.0
2015-01-23,100000.0,0.0,100000.0,0.0,0.0
2015-01-26,100000.0,0.0,100000.0,0.0,0.0
2015-01-27,100000.0,0.0,100000.0,0.0,0.0
2015-01-28,100000.0,0.0,100000.0,0.0,0.0
2015-01-29,100000.0,0.0,100000.0,0.0,0.0
2015-01-30,100000.0,0.0,100000.0,0.0,0.0
2015-02-02,100000.0,0.0,100000.0,0.0,0.0
2015-02-03,100000.0,0.0,100000.0,0.0,0.0
2015-02-04,100000.0,0.0,100000.0,0.0,0.0
2015-02-05,100000.0,0.0,100000.0,0.0,0.0
2015-02-06,100000.0,0.0,100000.0,0.0,0.0
2015-02-09,100000.0,0.0,100000.0,0.0,0.0
2015-02-10,100000.0,0.0,100000.0,0.0,0.0
2015-02-11,100000.0,0.0,100000.0,0.0,0.0
2015-02-12,100000.0,0.0,100000.0,0.0,0.0
2015-02-13,100000.0,0.0,100000.0,0.0,0.0
2015-02-17,100000.0,0.0,100000.0,0.0,0.0
2015-02-18,100000.0,0.0,100000.0,0.0,0.0
2015-02-19,100000.0,0.0,100000.0,0.0,0.0
2015-02-20,100000.0,0.0,100000.0,0.0,0.0
2015-02-23,100000.0,0.0,100000.0,0.0,0.0
2015-02-24,100000.0,0.0,100000.0,0.0,0.0
2015-02-25,100000.0,0.0,100000.0,0.0,0.0
2015-02-26,100000.0,0.0,100000.0,0.0,0.0
2015-02-27,100000.0,0.0,100000.0,0.0,0.0
2015-03-02,127.92398740597491,99802.20448923111,99930.12847663708,-0.000698715233629188,-0.000698715233629188
2015-03-03,127.92398740597491,99059.9949233532,99187.91891075917,-0.00742728521610414,-0.008120810892408348
2015-03-04,127.92398740597491,98401.38436198235,98529.30834938832,-0.006640028025624911,-0.014706916506116885
2015-03-05,127.92398740597491,98473.2439250946,98601.16791250058,0.0007293217045372113,-0.013988320874994242
2015-03-06,127.92398740597491,96982.04709148407,97109.97107889004,-0.015123521000621754,-0.02890028921109955
2015-03-09,127.92398740597491,97455.29109072685,97583.21507813282,0.004873279169842704,-0.024167849218671766
2015-03-10,127.92398740597491,95919.38111782074,96047.30510522671,-0.01573948933406577,-0.0395269489477329
2015-03-11,127.92398740597491,95206.51575350761,95334.43974091359,-0.007422023590689331,-0.0466556025908641
2015-03-12,127.92398740597491,96424.22567725182,96552.14966465779,0.01277303277864239,-0.034478503353422174
2015-03-13,127.92398740597491,96016.40876579285,96144.33275319882,-0.004223799396237071,-0.038556672468011866
2015-03-16,127.92398740597491,97380.59713864326,97508.52112604924,0.014188962924650772,-0.024914788739507587
2015-03-17,127.92398740597491,97755.12212848663,97883.0461158926,0.0038409462631396885,-0.021169538841073976
2015-03-18,127.92398740597491,97851.92055177689,97979.84453918286,0.0009889191962380028,-0.020201554608171413
2015-03-19,127.92398740597491,97807.9861547947,97935.91014220066,-0.00044840239529697623,-0.02064089857799334
2015-03-20,127.92398740597491,98364.0386197567,98491.96260716267,0.00567771784787241,-0.015080373928373247
2015-03-23,127.92398740597491,98163.2448914051,98291.16887881108,-0.002038681360756911,-0.01708831121188925
2015-03-24,127.92398740597491,97406.07141160965,97533.99539901562,-0.007703372423305099,-0.02466004600984384
2015-03-25,127.92398740597491,94315.06287384033,94442.9868612463,-0.031691601734593955,-0.05557013138753697
2015-03-26,127.92398740597491,94313.23141145706,94441.15539886303,-1.939225393154942e-05,-0.0555884460113697
2015-03-27,127.92398740597491,95071.36036849022,95199.28435589619,0.008027527340503937,-0.048007156441038146
2015-03-30,127.92398740597491,96036.06479096413,96163.9887783701,0.010133525992353398,-0.03836011221629898
2015-03-31,127.92398740597491,95058.66002440453,95186.5840118105,-0.010163937446607263,-0.04813415988189507
2015-04-01,389.79816917579046,94499.05773925781,94888.8559084336,-0.0031278368319210825,-0.051111440915664
2015-04-02,389.79816917579046,94702.40465927124,95092.20282844703,0.0021430010728515914,-0.049077971715529745
2015-04-06,389.79816917579046,95189.51717376709,95579.31534294288,0.005122528451408703,-0.04420684657057117
2015-04-07,389.79816917579046,95313.04564666748,95702.84381584327,0.0012924184741978095,-0.04297156184156736
2015-04-08,389.79816917579046,95739.71643066406,96129.51459983985,0.004458287413251938,-0.03870485400160151
2015-04-09,389.79816917579046,95762.05486679077,96151.85303596656,0.000232378538679745,-0.03848146964033439
2015-04-10,389.79816917579046,96078.35889434814,96468.15706352393,0.003289630075450134,-0.035318429364760706
2015-04-13,389.79816917579046,95753.28323364258,96143.08140281837,-0.0033697716490168617,-0.038569185971816355
2015-04-14,389.79816917579046,95955.06196594238,96344.86013511817,0.0020987337763223035,-0.03655139864881829
2015-04-15,389.79816917579046,96082.73031616211,96472.5284853379,0.001325118434348127,-0.03527471514662106
2015-04-16,389.79816917579046,96179.76905059814,96569.56721977393,0.0010058690899843459,-0.03430432780226067
2015-04-17,389.79816917579046,94651.87216949463,95041.67033867042,-0.015821722361314072,-0.04958329661329586
2015-04-20,389.79816917579046,95975.90107727051,96365.6992464463,0.013931035755767374,-0.036343007535536986
2015-04-21,389.79816917579046,96224.24742126465,96614.04559044044,0.0025771238722507306,-0.03385954409559566
2015-04-22,389.79816917579046,96056.88732910156,96446.68549827735,-0.0017322542611717395,-0.035533145017226486
2015-04-23,389.79816917579046,96236.99194335938,96626.79011253516,0.001867400764757443,-0.03373209887464834
2015-04-24,389.79816917579046,95954.79929733276,96344.59746650855,-0.002920438997279784,-0.036554025334914475
2015-04-27,389.79816917579046,95116.97417068481,95506.7723398606,-0.00869612981609269,-0.04493227660139398
2015-04-28,389.79816917579046,95303.85562133789,95693.65379051368,0.0019567350678344475,-0.043063462094863225
2015-04-29,389.79816917579046,94796.15523529053,95185.95340446632,-0.00530547602622411,-0.04814046595533683
2015-04-30,389.79816917579046,93441.74502944946,93831.54319862525,-0.014229097439260485,-0.06168456801374744
2015-05-01,138.06152744551218,94860.74285131693,94998.80437876243,0.012439965712450096,-0.05001195621237564
2015-05-04,138.06152744551218,94837.3689853549,94975.4305128004,-0.00024604379091797135,-0.05024569487199593
2015-05-05,138.06152744551218,94640.59360349178,94778.65513093729,-0.002071855645198628,-0.05221344869062716
2015-05-06,138.06152744551218,94103.15596044064,94241.21748788614,-0.005670450190590648,-0.05758782512113858
2015-05-07,138.06152744551218,95031.14206534624,95169.20359279175,0.00984692398551501,-0.04830796407208249
2015-05-08,138.06152744551218,95000.46247118711,95138.52399863262,-0.0003223689281923736,-0.04861476001367382
2015-05-11,138.06152744551218,94922.57955294847,95060.64108039398,-0.0008186265139005222,-0.049393589196060184
2015-05-12,138.06152744551218,95161.30550402403,95299.36703146953,0.002511301716066283,-0.047006329685304715
2015-05-13,138.06152744551218,95161.87606221437,95299.93758965988,5.987009233265894e-06,-0.04700062410340122
2015-05-14,138.06152744551218,96176.83164834976,96314.89317579527,0.010650118056798386,-0.03685106824204731
2015-05-15,138.06152744551218,96470.65167587996,96608.71320332546,0.003050618838292385,-0.03391286796674542
2015-05-18,138.06152744551218,96592.79093325138,96730.85246069689,0.0012642675108855972,-0.03269147539303119
2015-05-19,138.06152744551218,96180.99597716331,96319.05750460882,-0.004257121131599484,-0.03680942495391182
2015-05-20,138.06152744551218,96093.21480822563,96231.27633567114,-0.0009113582629635131,-0.03768723664328866
2015-05-21,138.06152744551218,96827.06762242317,96965.12914986868,0.007625928306694618,-0.030348708501313215
2015-05-22,138.06152744551218,96834.34308469296,96972.40461213846,7.503173907541516e-05,-0.03027595387861537
2015-05-26,138.06152744551218,96050.78766334057,96188.84919078607,-0.008080189663094206,-0.03811150809213926
2015-05-27,138.06152744551218,97320.52247709036,97458.58400453586,0.013200436687118788,-0.025414159954641358
2015-05-28,138.06152744551218,97074.731346488,97212.7928739335,-0.0025220059691296592,-0.027872071260664932
2015-05-29,138.06152744551218,96677.74989074469,96815.81141819019,-0.00408363389228128,-0.031841885818098103
2015-06-01,211.1531120224845,96831.14729309082,97042.3004051133,0.0023393801446831564,-0.02957699594886698
2015-06-02,211.1531120224845,96238.652759552,96449.80587157448,-0.006105528527924342,-0.0355019412842551
2015-06-03,211.1531120224845,96623.13929843903,96834.29241046151,0.003986389971577298,-0.03165707589538491
2015-06-04,211.1531120224845,96080.16139316559,96291.31450518807,-0.005607289440107244,-0.03708685494811925
2015-06-05,211.1531120224845,96635.28674793243,96846.43985995492,0.005765061549107164,-0.03153560140045086
2015-06-08,211.1531120224845,96364.09593582153,96575.24904784402,-0.0028002145716771176,-0.03424750952155986
2015-06-09,211.1531120224845,97346.1440858841,97557.29719790658,0.010168735361749448,-0.024427028020934216
2015-06-10,211.1531120224845,98573.73134613037,98784.88445815285,0.012583243852645642,-0.012151155418471449
2015-06-11,211.1531120224845,99116.03440380096,99327.18751582345,0.005489737226957336,-0.006728124841765548
2015-06-12,211.1531120224845,98112.59084701538,98323.74395903786,-0.010102405815383908,-0.01676256040962132
2015-06-15,211.1531120224845,97969.27046585083,98180.42357787331,-0.001457637549117985,-0.018195764221266897
2015-06-16,211.1531120224845,98786.77608394623,98997.92919596871,0.008326564383244639,-0.010020708040312853
2015-06-17,211.1531120224845,98718.96761703491,98930.1207290574,-0.000684948336415081,-0.010698792709426086
2015-06-18,211.1531120224845,99659.47481441498,99870.62792643746,0.009506783075256209,-0.0012937207356253921
2015-06-19,211.1531120224845,99259.97381877899,99471.12693080147,-0.0040001850787425575,-0.005288730691985211
2015-06-22,211.1531120224845,100050.69647598267,100261.84958800515,0.007949268110270413,0.0026184958800514746
2015-06-23,211.1531120224845,100890.99243354797,101102.14554557046,0.008381013925219172,0.011021455455704654
2015-06-24,211.1531120224845,99732.3416481018,99943.49476012429,-0.011460199773148494,-0.0005650523987571487
2015-06-25,211.1531120224845,100278.99158763885,100490.14469966134,0.0054695900003203235,0.004901446996613323
2015-06-26,211.1531120224845,100008.09001636505,100219.24312838753,-0.0026958023802579056,0.0021924312838752513
2015-06-29,211.1531120224845,97682.93577194214,97894.08888396462,-0.023200676555142574,-0.02105911116035375
2015-06-30,211.1531120224845,98435.2395620346,98646.39267405709,0.007684874527860153,-0.013536073259429071
2015-07-01,151.94898783142344,99470.08084106445,99622.02982889587,0.009890246651617973,-0.00377970171104125
2015-07-02,151.94898783142344,99830.92062187195,99982.86960970337,0.0036220882211219774,-0.00017130390296626885
2015-07-06,151.94898783142344,99789.48029327393,99941.42928110535,-0.00041447428704322054,-0.0005857071889465715
2015-07-07,151.94898783142344,99681.72952270508,99833.6785105365,-0.0010781391795566808,-0.0016632148946350567
2015-07-08,151.94898783142344,97678.46067047119,97830.40965830261,-0.020066062696692644,-0.021695903416973916
2015-07-09,151.94898783142344,98521.60597801208,98673.5549658435,0.008618437871064755,-0.013264450341564982
2015-07-10,151.94898783142344,99759.97657394409,99911.92556177551,0.012550177161050557,-0.0008807443822448358
2015-07-13,151.94898783142344,101529.24908828735,101681.19807611877,0.017708321648243208,0.016811980761187728
2015-07-14,151.94898783142344,102111.87645339966,102263.82544123108,0.0057299419768455095,0.02263825441231071
2015-07-15,151.94898783142344,101772.30167579651,101924.25066362793,-0.0033205757376864042,0.019242506636279355
2015-07-16,151.94898783142344,104469.45298194885,104621.40196978027,0.026462311850135922,0.0462140196978027
2015-07-17,151.94898783142344,104968.44193649292,105120.39092432434,0.004769473025109994,0.05120390924324347
2015-07-20,151.94898783142344,105201.03144264221,105352.98043047363,0.0022126012289731545,0.053529804304736306
2015-07-21,151.94898783142344,104402.9381980896,104554.88718592102,-0.007575421609256727,0.045548871859210305
2015-07-22,151.94898783142344,104981.7526435852,105133.70163141662,0.005535986514588753,0.051337016314166206
2015-07-23,151.94898783142344,104329.45433425903,104481.40332209045,-0.006204464402985055,0.0448140332209046
2015-07-24,151.94898783142344,104135.93379974365,104287.88278757507,-0.0018522007588164247,0.04287882787575081
2015-07-27,151.94898783142344,102983.96936035156,103135.91834818298,-0.011046004661332876,0.031359183481829866
2015-07-28,151.94898783142344,104164.98548698425,104316.93447481567,0.011451065211303346,0.0431693447481567
2015-07-29,151.94898783142344,104650.16381263733,104802.11280046875,0.00465100252510009,0.048021128004687386
2015-07-30,151.94898783142344,105298.7538394928,105450.70282732422,0.006188711367778543,0.054507028273242275
2015-07-31,151.94898783142344,105224.95029449463,105376.89928232605,-0.0006998867055350022,0.05376899282326053
2015-08-03,287.93785082469003,104470.51815509796,104758.45600592265,-0.005868869558843914,0.0475845600592264
2015-08-04,287.93785082469003,105439.6702079773,105727.60805880198,0.009251301420713398,0.05727608058801992
2015-08-05,287.93785082469003,105678.0940361023,105966.03188692698,0.002255076346685092,0.059660318869269924
2015-08-06,287.93785082469003,103569.03782272339,103856.97567354808,-0.019903134767086605,0.0385697567354808
2015-08-07,287.93785082469003,103156.52274417877,103444.46059500346,-0.003971953504993908,0.03444460595003451
2015-08-10,287.93785082469003,103335.89444065094,103623.83229147563,0.0017339903503816867,0.03623832291475626
2015-08-11,287.93785082469003,102828.46474075317,103116.40259157786,-0.004896843599360934,0.031164025915778604
2015-08-12,287.93785082469003,102672.22870731354,102960.16655813823,-0.001515142397455982,0.02960166558138222
2015-08-13,287.93785082469003,103093.56928157806,103381.50713240275,0.004092267799767013,0.0338150713240275
2015-08-14,287.93785082469003,103312.04414081573,103599.98199164042,0.0021132876207528017,0.03599981991640422
2015-08-17,287.93785082469003,104436.61316013336,104724.55101095805,0.010854915200741777,0.04724551010958056
2015-08-18,287.93785082469003,104321.30645275116,104609.24430357585,-0.0011010475219906946,0.046092443035758546
2015-08-19,287.93785082469003,103766.462849617,104054.40070044169,-0.005303963400442924,0.04054400700441696
2015-08-20,287.93785082469003,99783.3140668869,100071.25191771159,-0.03827948415365001,0.0007125191771160111
2015-08-21,287.93785082469003,95437.7218170166,95725.65966784129,-0.043424981366713356,-0.0427434033215871
2015-08-24,287.93785082469003,90979.8523349762,91267.79018580088,-0.0465692218524143,-0.0873220981419911
2015-08-25,287.93785082469003,91153.53706359863,91441.47491442332,0.0019030232710670614,-0.08558525085576674
2015-08-26,287.93785082469003,96123.37761211395,96411.31546293864,0.05434996048747465,-0.035886845370613596
2015-08-27,287.93785082469003,99324.63656711578,99612.57441794047,0.033204182928428416,-0.003874255820595307
2015-08-28,287.93785082469003,99593.98952770233,99881.92737852702,0.0027040056153597725,-0.0011807262147297548
2015-08-31,287.93785082469003,98229.11175727844,98517.04960810313,-0.013664912224324088,-0.014829503918968645
2015-09-01,173.61785160924956,94904.18316185474,95077.80101346399,-0.034910186696823886,-0.04922198986536008
2015-09-02,173.61785160924956,97103.5063841939,97277.12423580314,0.023131826766036756,-0.027228757641968526
2015-09-03,173.61785160924956,96364.0121241808,96537.62997579004,-0.007601933813550454,-0.0346237002420996
2015-09-04,173.61785160924956,94958.82108551264,95132.43893712189,-0.014555889128628374,-0.04867561062878112
2015-09-08,173.61785160924956,96831.7587583065,97005.37660991575,0.019687686910158986,-0.0299462339008425
2015-09-09,173.61785160924956,96408.98962527514,96582.60747688438,-0.004358203099725455,-0.034173925231156144
2015-09-10,173.61785160924956,97103.80547493696,97277.42332654621,0.007194005916936197,-0.027225766734537915
2015-09-11,173.61785160924956,97629.78258347511,97803.40043508436,0.005406980268921391,-0.021965995649156356
2015-09-14,173.61785160924956,97286.49726980925,97460.1151214185,-0.003509952743347755,-0.02539884878581511
2015-09-15,173.61785160924956,98485.03057831526,98658.6484299245,0.012297679999791145,-0.013413515700754997
2015-09-16,173.61785160924956,100039.0682567954,100212.68610840465,0.015751661949676476,0.002126861084046583
2015-09-17,173.61785160924956,101179.7789554596,101353.39680706884,0.011382897145679083,0.013533968070688518
2015-09-18,173.61785160924956,100250.29210096598,100423.90995257522,-0.009170751881783956,0.004239099525752188
2015-09-21,173.61785160924956,100945.07243144512,101118.69028305437,0.0069184751998527805,0.011186902830543799
2015-09-22,173.61785160924956,99524.69907861948,99698.31693022873,-0.014046595627867475,-0.003016830697712747
2015-09-23,173.61785160924956,99555.7092012167,99729.32705282595,0.0003110395797245591,-0.0027067294717405543
2015-09-24,173.61785160924956,100071.43885368109,100245.05670529034,0.0051712938180281665,0.002450567052903363
2015-09-25,173.61785160924956,100018.83632838726,100192.45417999651,-0.0005247393439905546,0.0019245417999651515
2015-09-28,173.61785160924956,96817.52718776464,96991.14503937389,-0.03195159921795543,-0.03008854960626106
2015-09-29,173.61785160924956,96306.20477384329,96479.82262545254,-0.005271846349620746,-0.03520177374547462
2015-09-30,173.61785160924956,99188.42865610123,99362.04650771047,0.0298738513797554,-0.006379534922895225
2015-10-01,205.95669339382073,99584.39629602432,99790.35298941814,0.004310564212004486,-0.002096470105818593
2015-10-02,205.95669339382073,101384.18382072449,101590.1405141183,0.018035686524638495,0.01590140514118299
2015-10-05,205.95669339382073,102987.74330759048,103193.7000009843,0.01578459758743178,0.03193700000984312
2015-10-06,205.95669339382073,101980.80185556412,102186.75854895794,-0.009757780291013485,0.021867585489579344
2015-10-07,205.95669339382073,101058.84139490128,101264.7980882951,-0.009022308504101573,0.012647980882950938
2015-10-08,205.95669339382073,101875.2641787529,102081.22087214672,0.008062256571526039,0.020812208721467274
2015-10-09,205.95669339382073,102098.06128978729,102304.01798318111,0.0021825474767140918,0.02304017983181117
2015-10-12,205.95669339382073,101728.97761249542,101934.93430588924,-0.003607714384713079,0.019349343058892465
2015-10-13,205.95669339382073,101531.3150639534,101737.27175734722,-0.0019391050760759754,0.01737271757347214
2015-10-14,205.95669339382073,101680.32674741745,101886.28344081127,0.0014646715101567231,0.01886283440811276
2015-10-15,205.95669339382073,102507.71336746216,102713.67006085598,0.008120687025799267,0.02713670060855966
2015-10-16,205.95669339382073,103757.17355918884,103963.13025258266,0.012164497588163403,0.039631302525826584
2015-10-19,205.95669339382073,104320.70474910736,104526.66144250118,0.005420490788892174,0.045266614425011786
2015-10-20,205.95669339382073,102211.8688173294,102417.82551072323,-0.020175100808495605,0.02417825510723226
2015-10-21,205.95669339382073,101336.3843035698,101542.34099696361,-0.008548165413528985,0.015423409969636204
2015-10-22,205.95669339382073,102786.77297496796,102992.72966836178,0.01428358512476624,0.02992729668361771
2015-10-23,205.95669339382073,105563.31313276291,105769.26982615673,0.02695860345419976,0.05769269826156731
2015-10-26,205.95669339382073,107173.19027137756,107379.14696477138,0.015220650962804783,0.07379146964771377
2015-10-27,205.95669339382073,106974.1975684166,107180.15426181041,-0.001853178280753598,0.07180154261810423
2015-10-28,205.95669339382073,108077.28312397003,108283.23981736385,0.010291882514545714,0.08283239817363852
2015-10-29,205.95669339382073,107605.33586025238,107811.2925536462,-0.004358451635854799,0.0781129255364621
2015-10-30,205.95669339382073,107402.39118862152,107608.34788201534,-0.0018824064420698283,0.07608347882015343
2015-11-02,102.55147896071139,108514.68067485094,108617.23215381165,0.009375520502391543,0.08617232153811649
2015-11-03,102.55147896071139,108837.97804760933,108940.52952657004,0.0029764832554430853,0.08940529526570051
2015-11-04,102.55147896071139,109541.43704104424,109643.98852000495,0.006457275327116374,0.09643988520004942
2015-11-05,102.55147896071139,110488.53115999699,110591.0826389577,0.008637902832036692,0.10591082638957694
2015-11-06,102.55147896071139,112197.23324859142,112299.78472755213,0.015450631712981444,0.12299784727552132
2015-11-09,102.55147896071139,111048.46457380056,111151.01605276128,-0.010229482430245573,0.11151016052761276
2015-11-10,102.55147896071139,111338.13208544254,111440.68356440325,0.002606071648544095,0.11440683564403265
2015-11-11,102.55147896071139,111879.78390532732,111982.33538428803,0.004860449546432832,0.11982335384288034
2015-11-12,102.55147896071139,110358.19882559776,110460.75030455847,-0.013587724121915778,0.10460750304558464
2015-11-13,102.55147896071139,107827.83248764277,107930.38396660348,-0.022907379598439803,0.07930383966603483
2015-11-16,102.55147896071139,109685.41778540611,109787.96926436682,0.01721095792949412,0.09787969264366825
2015-11-17,102.55147896071139,110084.63235354424,110187.18383250495,0.0036362323742122893,0.10187183832504942
2015-11-18,102.55147896071139,112396.19477450848,112498.74625346919,0.020978505308548723,0.12498746253469184
2015-11-19,102.55147896071139,112189.08672386408,112291.63820282479,-0.0018409809668257227,0.12291638202824795
2015-11-20,102.55147896071139,113993.7234518528,114096.27493081351,0.01607098050105149,0.14096274930813513
2015-11-23,102.55147896071139,113939.90358442068,114042.45506338139,-0.0004717057367977784,0.14042455063381398
2015-11-24,102.55147896071139,113615.36310982704,113717.91458878775,-0.0028457864609567896,0.1371791458878775
2015-11-25,102.55147896071139,113527.476311028,113630.02778998872,-0.0007728491954573924,0.1363002778998872
2015-11-27,102.55147896071139,113952.44273591042,114054.99421487113,0.003739913059493727,0.1405499421487113
2015-11-30,102.55147896071139,113323.14688879251,113425.69836775323,-0.005517477348973898,0.13425698367753225
2015-12-01,182.88191928428125,115071.56632262468,115254.44824190896,0.01612288837954945,0.15254448241908958
2015-12-02,182.88191928428125,114529.05306077003,114711.93498005431,-0.004707091744658443,0.1471193498005432
2015-12-03,182.88191928428125,112830.03181916475,113012.91373844903,-0.014811198520020663,0.1301291373844904
2015-12-04,182.88191928428125,115605.82055258751,115788.70247187179,0.024561695133769268,0.15788702471871785
2015-12-07,182.88191928428125,114977.35219299793,115160.23411228221,-0.005427717438514779,0.151602341122822
2015-12-08,182.88191928428125,115693.1880005598,115876.06991984409,0.006215998196599015,0.15876069919844094
2015-12-09,182.88191928428125,113764.7780007124,113947.65991999667,-0.016642003833762797,0.1394765991999667
2015-12-10,182.88191928428125,114403.05995172262,114585.9418710069,0.005601536279537189,0.14585941871006902
2015-12-11,182.88191928428125,111801.92396569252,111984.8058849768,-0.02270030636880649,0.1198480588497679
2015-12-14,182.88191928428125,113157.0303735733,113339.91229285758,0.012100805972487416,0.1333991229285758
2015-12-15,182.88191928428125,113254.15353733301,113437.03545661729,0.0008569193481353654,0.13437035456617297
2015-12-16,182.88191928428125,115978.38918423653,116161.2711035208,0.024015398815190103,0.16161271103520813
2015-12-17,182.88191928428125,115324.32400131226,115507.20592059653,-0.005630664822369069,0.15507205920596534
2015-12-18,182.88191928428125,113000.16397869587,113183.04589798015,-0.020121342249539764,0.1318304589798014
2015-12-21,182.88191928428125,114123.74394232035,114306.62586160463,0.009927104847816448,0.14306625861604627
2015-12-22,182.88191928428125,115767.271227777,115950.15314706128,0.014378232872051866,0.15950153147061275
2015-12-23,182.88191928428125,116259.85982060432,116442.7417398886,0.004248278932435401,0.164427417398886
2015-12-24,182.88191928428125,116376.85421872139,116559.73613800567,0.0010047375763309052,0.16559736138005676
2015-12-28,182.88191928428125,117455.25398719311,117638.13590647739,0.009251906397548026,0.1763813590647738
2015-12-29,182.88191928428125,118885.34560006857,119068.22751935285,0.01215670073191566,0.19068227519352843
2015-12-30,182.88191928428125,117895.87798625231,118078.75990553659,-0.008310089386821873,0.1807875990553658
2015-12-31,182.88191928428125,115891.35146939754,116074.23338868182,-0.016976181986145478,0.16074233388681813
2016-01-04,227.7366714685562,113045.26871663332,113273.00538810188,-0.024133073454811083,0.13273005388101877
2016-01-05,227.7366714685562,112960.03590744734,113187.7725789159,-0.0007524547344175403,0.13187772578915902
2016-01-06,227.7366714685562,110559.57819277048,110787.31486423904,-0.021207747621353912,0.1078731486423905
2016-01-07,227.7366714685562,106137.71125119925,106365.44792266781,-0.03991311592838831,0.063654479226678
2016-01-08,227.7366714685562,104733.96757543087,104961.70424689943,-0.01319736533981375,0.04961704246899434
2016-01-11,227.7366714685562,106118.41448962688,106346.15116109545,0.013190019389732965,0.06346151161095448
2016-01-12,227.7366714685562,107378.44086408615,107606.17753555471,0.011848349570738659,0.07606177535554703
2016-01-13,227.7366714685562,103370.38282370567,103598.11949517424,-0.03724747158736452,0.035981194951742346
2016-01-14,227.7366714685562,104442.18446165323,104669.9211331218,0.010345763447930922,0.046699211331217905
2016-01-15,227.7366714685562,100835.0309073925,101062.76757886106,-0.03446217896422277,0.010627675788610569
2016-01-19,227.7366714685562,101008.95384949446,101236.69052096302,0.0017209398304498524,0.012366905209630241
2016-01-20,227.7366714685562,100008.86040759087,100236.59707905943,-0.009878764672739848,0.0023659707905943073
2016-01-21,227.7366714685562,102195.38610428572,102423.12277575428,0.021813646516454233,0.024231227757542717
2016-01-22,227.7366714685562,103727.85469764471,103955.59136911327,0.01496213503189292,0.03955591369113276
2016-01-25,227.7366714685562,103658.11669433117,103885.85336579973,-0.0006708441787024455,0.03885853365799741
2016-01-26,227.7366714685562,104004.22074335814,104231.9574148267,0.003331580170095716,0.042319574148266925
2016-01-27,227.7366714685562,102768.81692647934,102996.5535979479,-0.011852447632371366,0.02996553597947904
2016-01-28,227.7366714685562,106226.72046166658,106454.45713313515,0.033573002342246694,0.0645445713313515
2016-01-29,227.7366714685562,108799.7306651473,109027.46733661587,0.024170056123275607,0.09027467336615858
2016-02-01,225.29266032712076,108951.75620108843,109177.04886141555,0.001371961840935576,0.09177048861415549
2016-02-02,225.29266032712076,107570.35118848085,107795.64384880797,-0.012652888377309712,0.07795643848807976
2016-02-03,225.29266032712076,106945.36588519812,107170.65854552524,-0.005797871611206595,0.07170658545525233
2016-02-04,225.29266032712076,106457.02152109146,106682.31418141858,-0.004556698360673184,0.0668231418141858
2016-02-05,225.29266032712076,103534.75499629974,103760.04765662686,-0.02739223035434213,0.037600476566268526
2016-02-08,225.29266032712076,102829.35165935755,103054.64431968467,-0.006798409916662584,0.03054644319684674
2016-02-09,225.29266032712076,102953.90310037136,103179.19576069848,0.0012085960980801058,0.03179195760698472
2016-02-10,225.29266032712076,102935.62782764435,103160.92048797147,-0.00017712168225658687,0.03160920487971475
2016-02-11,225.29266032712076,102222.5469968915,102447.83965721862,-0.006912315510368083,0.0244783965721862
2016-02-12,225.29266032712076,103449.50221818686,103674.79487851397,0.011976389403628662,0.03674794878513965
2016-02-16,225.29266032712076,104696.25826615095,104921.55092647807,0.012025642774842638,0.0492155092647808
2016-02-17,225.29266032712076,106105.8816999793,106331.17436030642,0.0134350228468898,0.06331174360306435
2016-02-18,225.29266032712076,106179.63573378325,106404.92839411036,0.0006936256864240598,0.06404928394110354
2016-02-19,225.29266032712076,106517.22860443592,106742.52126476304,0.0031727183669751913,0.06742521264763046
2016-02-22,225.29266032712076,107984.09406453371,108209.38672486083,0.013742091180883653,0.08209386724860823
2016-02-23,225.29266032712076,107213.79357069731,107439.08623102443,-0.0071186106598590815,0.07439086231024428
2016-02-24,225.29266032712076,107650.21774762869,107875.51040795581,0.004062061510770265,0.07875510407955799
2016-02-25,225.29266032712076,108825.47787177563,109050.77053210275,0.01089459618501376,0.09050770532102748
2016-02-26,225.29266032712076,107804.70510065556,108029.99776098267,-0.009360527817816489,0.08029997760982677
2016-02-29,225.29266032712076,107154.78808939457,107380.08074972169,-0.006016079095909399,0.07380080749721696
2016-03-01,228.45439783768597,109519.46632182598,109747.92071966367,0.022051016849771843,0.09747920719663661
2016-03-02,228.45439783768597,110021.38868451118,110249.84308234887,0.004573411135207817,0.10249843082348864
2016-03-03,228.45439783768597,109614.35354804993,109842.80794588762,-0.0036919339300758303,0.0984280794588761
2016-03-04,228.45439783768597,110510.11361420155,110738.56801203924,0.008154926871433377,0.10738568012039229
2016-03-07,228.45439783768597,110490.8915553093,110719.34595314699,-0.00017358052607430174,0.10719345953146986
2016-03-08,228.45439783768597,109581.04465293884,109809.49905077653,-0.008217596433016117,0.09809499050776527
2016-03-09,228.45439783768597,109934.31826043129,110162.77265826898,0.003217149796203689,0.1016277265826897
2016-03-10,228.45439783768597,109988.85681653023,110217.31121436792,0.000495072471243363,0.10217311214367908
2016-03-11,228.45439783768597,111007.17611336708,111235.63051120477,0.009239195600192707,0.11235630511204775
2016-03-14,228.45439783768597,111076.83733808994,111305.29173592763,0.0006262492009325715,0.11305291735927625
2016-03-15,228.45439783768597,111288.1179305315,111516.57232836919,0.0018982079750784475,0.11516572328369201
2016-03-16,228.45439783768597,111668.29914140701,111896.7535392447,0.0034091902480291036,0.11896753539244709
2016-03-17,228.45439783768597,112162.27761995792,112390.73201779561,0.004414591692132097,0.12390732017795614
2016-03-18,228.45439783768597,112787.72788846493,113016.18228630262,0.005564963029228931,0.13016182286302613
2016-03-21,228.45439783768597,113152.48589217663,113380.94029001432,0.0032274847400850515,0.1338094029001431
2016-03-22,228.45439783768597,113253.43914282322,113481.89354066091,0.0008903899578567298,0.13481893540660916
2016-03-23,228.45439783768597,113164.13002181053,113392.58441964822,-0.0007869900494803517,0.13392584419648212
2016-03-24,228.45439783768597,113247.50629520416,113475.96069304185,0.0007352885889351235,0.13475960693041844
2016-03-28,228.45439783768597,113431.06400966644,113659.51840750413,0.0016175911914841912,0.13659518407504123
2016-03-29,228.45439783768597,114262.83714663982,114491.29154447751,0.007318112452238346,0.14491291544477503
2016-03-30,228.45439783768597,114923.4996970892,115151.95409492688,0.00577041748361018,0.1515195409492689
2016-03-31,228.45439783768597,114323.7699586153,114552.22435645299,-0.005208159454936356,0.14552224356453003
2016-04-01,209.78490798020903,115288.49288713932,115498.27779511953,0.00825870858450295,0.15498277795119542
2016-04-04,209.78490798020903,114078.70016247034,114288.48507045055,-0.01047455206920933,0.14288485070450552
2016-04-05,209.78490798020903,113186.13765889406,113395.92256687427,-0.007809732564274308,0.13395922566874274
2016-04-06,209.78490798020903,114126.04542022943,114335.83032820965,0.008288726261573176,0.14335830328209642
2016-04-07,209.78490798020903,112558.3849619627,112768.16986994291,-0.01371101651832718,0.12768169869942914
2016-04-08,209.78490798020903,113202.80073940754,113412.58564738775,0.005714518362655463,0.13412585647387743
2016-04-11,209.78490798020903,113004.99750095606,113214.78240893627,-0.0017441030668895463,0.13214782408936276
2016-04-12,209.78490798020903,114121.00545203686,114330.79036001707,0.009857440232934778,0.14330790360017076
2016-04-13,209.78490798020903,115458.18910139799,115667.9740093782,0.011695743947456982,0.15667974009378205
2016-04-14,209.78490798020903,115209.43086701632,115419.21577499653,-0.0021506232517006785,0.1541921577499652
2016-04-15,209.78490798020903,114830.48542833328,115040.2703363135,-0.0032832092657930634,0.150402703363135
2016-04-18,209.78490798020903,115595.0270242691,115804.81193224931,0.006645860564311379,0.15804811932249319
2016-04-19,209.78490798020903,115051.47497475147,115261.25988273168,-0.0046936913971730165,0.15261259882731681
2016-04-20,209.78490798020903,115594.08627575636,115803.87118373657,0.004707664149749435,0.15803871183736562
2016-04-21,209.78490798020903,114692.15420341492,114901.93911139513,-0.007788444920899251,0.14901939111395124
2016-04-22,209.78490798020903,119670.07033854723,119879.85524652744,0.043323169074686474,0.19879855246527445
2016-04-25,209.78490798020903,117162.90019482374,117372.68510280395,-0.02091402378295837,0.17372685102803942
2016-04-26,209.78490798020903,118555.49993443489,118765.2848424151,0.011864768522517943,0.1876528484241511
2016-04-27,209.78490798020903,119738.95428818464,119948.73919616485,0.009964648805583565,0.19948739196164844
2016-04-28,209.78490798020903,118850.45345556736,119060.23836354757,-0.007407337822569526,0.19060238363547577
2016-04-29,209.78490798020903,117920.22695189714,118130.01185987736,-0.007813074427331368,0.18130011859877349
2016-05-02,66.74853393926969,119560.33663779497,119627.08517173424,0.012673098802636895,0.19627085171734238
2016-05-03,66.74853393926969,117064.5994246602,117131.34795859948,-0.020862643351645116,0.17131347958599474
2016-05-04,66.74853393926969,115268.84441435337,115335.59294829264,-0.01533112221112276,0.15335592948292653
2016-05-05,66.74853393926969,114737.7081964612,114804.45673040047,-0.004605137098746992,0.14804456730400473
2016-05-06,66.74853393926969,115553.53456044197,115620.28309438124,0.007106225552694356,0.15620283094381238
2016-05-09,66.74853393926969,114501.6881943345,114568.43672827378,-0.009097420780822985,0.1456843672827377
2016-05-10,66.74853393926969,116074.72735339403,116141.4758873333,0.013730126760744366,0.161414758873333
2016-05-11,66.74853393926969,116190.20874685049,116256.95728078976,0.0009943165658450326,0.16256957280789774
2016-05-12,66.74853393926969,115940.98264366388,116007.73117760316,-0.0021437521591474162,0.16007731177603146
2016-05-13,66.74853393926969,116882.84950435162,116949.59803829089,0.008119000786643848,0.1694959803829088
2016-05-16,66.74853393926969,118573.70759987831,118640.45613381758,0.014458006901170162,0.18640456133817596
2016-05-17,66.74853393926969,117575.28148078918,117642.03001472846,-0.008415562040346325,0.1764203001472846
2016-05-18,66.74853393926969,118118.85155642033,118185.6000903596,0.004620543147403122,0.1818560009035961
2016-05-19,66.74853393926969,117779.00179743767,117845.75033137694,-0.002875559786664539,0.17845750331376942
2016-05-20,66.74853393926969,118833.05938267708,118899.80791661635,0.008944383503651565,0.18899807916616362
2016-05-23,66.74853393926969,119076.63521552086,119143.38374946013,0.002048580541144318,0.1914338374946014
2016-05-24,66.74853393926969,120638.76201248169,120705.51054642096,0.013111318042181352,0.20705510546420958
2016-05-25,66.74853393926969,121716.58216524124,121783.33069918051,0.008929336762508733,0.21783330699180525
2016-05-26,66.74853393926969,122621.72547221184,122688.47400615111,0.007432407224978954,0.22688474006151105
2016-05-27,66.74853393926969,123501.68396151066,123568.43249544993,0.007172299569515372,0.2356843249544993
2016-05-31,66.74853393926969,123516.21747899055,123582.96601292983,0.00011761513184560535,0.23582966012929818
2016-06-01,15.43065449441201,122962.7924195528,122978.22307404722,-0.004893416612280821,0.22978223074047222
2016-06-02,15.43065449441201,122781.80740320683,122797.23805770124,-0.0014716834559969083,0.2279723805770124
2016-06-03,15.43065449441201,122777.19172608852,122792.62238058294,-3.7587792618976046e-05,0.22792622380582928
2016-06-06,15.43065449441201,123800.45990025997,123815.89055475438,0.008333303372249246,0.23815890554754393
2016-06-07,15.43065449441201,124388.53951978683,124403.97017428125,0.004749629606442207,0.24403970174281242
2016-06-08,15.43065449441201,124258.33854627609,124273.7692007705,-0.0010465982181142586,0.24273769200770512
2016-06-09,15.43065449441201,124608.78493189812,124624.21558639253,0.0028199545879699084,0.2462421558639254
2016-06-10,15.43065449441201,122624.37283241749,122639.8034869119,-0.015923166217282958,0.22639803486911902
2016-06-13,15.43065449441201,122314.61565244198,122330.04630693639,-0.002525747523792865,0.2233004630693638
2016-06-14,15.43065449441201,122270.81558024883,122286.24623474324,-0.00035804835782737854,0.22286246234743246
2016-06-15,15.43065449441201,122504.12626695633,122519.55692145074,0.0019079061946152276,0.22519556921450734
2016-06-16,15.43065449441201,123727.61215817928,123743.0428126737,0.009986045672752075,0.23743042812673698
2016-06-17,15.43065449441201,124386.79353880882,124402.22419330323,0.005327017710623272,0.24402224193303224
2016-06-20,15.43065449441201,124985.6611109972,125001.09176549161,0.004813961937351063,0.2500109176549161
2016-06-21,15.43065449441201,126095.50411772728,126110.93477222169,0.00887866650646707,0.26110934772221683
2016-06-22,15.43065449441201,124437.75618433952,124453.18683883394,-0.013145156178422934,0.2445318683883393
2016-06-23,15.43065449441201,126860.02621126175,126875.45686575616,0.01946330253526618,0.26875456865756164
2016-06-24,15.43065449441201,120891.78939318657,120907.22004768098,-0.04704012080437292,0.20907220047680974
2016-06-27,15.43065449441201,118471.34805583954,118486.77871033395,-0.02001899751224534,0.1848677871033395
2016-06-28,15.43065449441201,121519.25566732883,121534.68632182325,0.025723609373671685,0.2153468632182325
2016-06-29,15.43065449441201,123468.57557630539,123484.0062307998,0.016039206320200394,0.23484006230799803
2016-06-30,15.43065449441201,124382.39647090435,124397.82712539876,0.007400317842708892,0.24397827125398752
2016-07-01,221.32823804252985,123765.45832324028,123986.78656128282,-0.003304242313666772,0.23986786561282814
2016-07-05,221.32823804252985,123603.00810599327,123824.33634403581,-0.0013102220143975662,0.238243363440358
2016-07-06,221.32823804252985,124736.88013339043,124958.20837143296,0.00915710159145755,0.24958208371432966
2016-07-07,221.32823804252985,124528.60106992722,124749.92930796975,-0.001666789770577659,0.24749929307969754
2016-07-08,221.32823804252985,126232.7069451809,126454.03518322343,0.013660175077508496,0.26454035183223423
2016-07-11,221.32823804252985,126565.70755815506,126787.0357961976,0.0026333727705223353,0.2678703579619759
2016-07-12,221.32823804252985,127376.0171175003,127597.34535554284,0.006391107373531213,0.27597345355542835
2016-07-13,221.32823804252985,127358.97581291199,127580.30405095452,-0.00013355532233705336,0.2758030405095453
2016-07-14,221.32823804252985,127740.32881379128,127961.65705183381,0.002989121273194062,0.2796165705183382
2016-07-15,221.32823804252985,127488.47383761406,127709.8020756566,-0.0019682065860963105,0.27709802075656587
2016-07-18,221.32823804252985,128255.23021674156,128476.5584547841,0.0060038960727013535,0.28476558454784096
2016-07-19,221.32823804252985,128389.83089900017,128611.1591370427,0.0010476672466750436,0.2861115913704271
2016-07-20,221.32823804252985,128727.33834862709,128948.66658666963,0.002624247008514047,0.28948666586669636
2016-07-21,221.32823804252985,127774.6481385231,127995.97637656564,-0.007388135413278318,0.27995976376565634
2016-07-22,221.32823804252985,129924.16377806664,130145.49201610917,0.016793618833920387,0.30145492016109166
2016-07-25,221.32823804252985,131599.53227233887,131820.8605103814,0.012873042840891191,0.318208605103814
2016-07-26,221.32823804252985,133346.88187909126,133568.2101171338,0.013255486271194439,0.335682101171338
2016-07-27,221.32823804252985,132674.89729070663,132896.22552874917,-0.005031021886085951,0.3289622552874918
2016-07-28,221.32823804252985,132636.30794239044,132857.63618043298,-0.000290372041513276,0.3285763618043298
2016-07-29,221.32823804252985,133025.66688084602,133246.99511888856,0.002930647794506802,0.33246995118888556
2016-08-01,176.41433084425444,131875.61793863773,132052.03226948198,-0.008968028497305935,0.32052032269481967
2016-08-02,176.41433084425444,130047.11529684067,130223.52962768493,-0.013846834542202147,0.3022352962768493
2016-08-03,176.41433084425444,130253.31658899784,130429.7309198421,0.0015834411242476865,0.3042973091984209
2016-08-04,176.41433084425444,131001.37562382221,131177.78995466646,0.005735341394548232,0.31177789954666446
2016-08-05,176.41433084425444,132521.14505565166,132697.5593864959,0.011585569724529288,0.326975593864959
2016-08-08,176.41433084425444,132718.9732671976,132895.38759804185,0.001490820271756066,0.3289538759804185
2016-08-09,176.41433084425444,132683.03666758537,132859.45099842962,-0.00027041269273342383,0.3285945099842962
2016-08-10,176.41433084425444,132066.3911702633,132242.80550110753,-0.004641337087335828,0.3224280550110754
2016-08-11,176.41433084425444,133024.94570684433,133201.36003768857,0.007248443746703526,0.33201360037688565
2016-08-12,176.41433084425444,133929.64799010754,134106.06232095178,0.006791989834092016,0.3410606232095177
2016-08-15,176.41433084425444,134917.24395394325,135093.6582847875,0.007364290224793457,0.350936582847875
2016-08-16,176.41433084425444,133941.52231156826,134117.9366424125,-0.007222556963540794,0.34117936642412494
2016-08-17,176.41433084425444,133233.52794766426,133409.9422785085,-0.005278893946837782,0.3340994227850851
2016-08-18,176.41433084425444,134090.53926205635,134266.9535929006,0.006423893899923705,0.34266953592900595
2016-08-19,176.41433084425444,135138.68881320953,135315.10314405378,0.007806459617242689,0.3531510314405377
2016-08-22,176.41433084425444,135086.6366302967,135263.05096114095,-0.00038467385904006335,0.3526305096114095
2016-08-23,176.41433084425444,135481.18204653263,135657.59637737687,0.002916875032999755,0.35657596377376866
2016-08-24,176.41433084425444,133935.86995244026,134112.2842832845,-0.011391268424022272,0.341122842832845
2016-08-25,176.41433084425444,133796.33154320717,133972.7458740514,-0.001040459566987506,0.33972745874051413
2016-08-26,176.41433084425444,134526.9940841198,134703.40841496404,0.0054538147751299615,0.34703408414964043
2016-08-29,176.41433084425444,134900.51772964,135076.93206048425,0.002772933884267692,0.35076932060484256
2016-08-30,176.41433084425444,134084.24550783634,134260.65983868059,-0.006043017185481836,0.34260659838680585
2016-08-31,176.41433084425444,133517.2879459858,133693.70227683004,-0.004222812270785581,0.3369370227683004
2016-09-01,34.344303194492284,134130.91022014618,134165.25452334067,0.003527108895033937,0.3416525452334067
2016-09-02,34.344303194492284,134082.08353805542,134116.4278412499,-0.0003639294112639524,0.3411642784124991
2016-09-06,34.344303194492284,133750.87980651855,133785.22410971305,-0.0024695239566692173,0.3378522410971305
2016-09-07,34.344303194492284,132037.50423049927,132071.84853369376,-0.012806911880001048,0.3207184853369376
2016-09-08,34.344303194492284,131108.4923582077,131142.8366614022,-0.007034139997325495,0.31142836661402185
2016-09-09,34.344303194492284,127149.51974964142,127183.86405283591,-0.0301882490066,0.27183864052835904
2016-09-12,34.344303194492284,129251.26464366913,129285.60894686362,0.01652524799179389,0.2928560894686363
2016-09-13,34.344303194492284,127542.25497627258,127576.59927946707,-0.013218870076243006,0.27576599279467073
2016-09-14,34.344303194492284,128404.23372650146,128438.57802969596,0.0067565584527038425,0.2843857802969596
2016-09-15,34.344303194492284,130324.27589511871,130358.6201983132,0.014949107955503305,0.30358620198313213
2016-09-16,34.344303194492284,130192.03398895264,130226.37829214713,-0.0010144469615043228,0.3022637829214714
2016-09-19,34.344303194492284,130376.43967437744,130410.78397757193,0.001416039421837434,0.3041078397757193
2016-09-20,34.344303194492284,130227.15361595154,130261.49791914603,-0.0011447370675387036,0.3026149791914603
2016-09-21,34.344303194492284,131707.19619560242,131741.5404987969,0.011362087825594891,0.31741540498796916
2016-09-22,34.344303194492284,132302.29862594604,132336.64292914054,0.004517196535659629,0.32336642929140536
2016-09-23,34.344303194492284,131768.69095230103,131803.03525549552,-0.0040321989574024775,0.31803035255495526
2016-09-26,34.344303194492284,129956.67500019073,129991.01930338523,-0.013747907615312194,0.29991019303385236
2016-09-27,34.344303194492284,132302.42338752747,132336.76769072196,0.01804546498602333,0.32336767690721957
2016-09-28,34.344303194492284,133294.54431152344,133328.88861471793,0.007496940882783409,0.3332888861471792
2016-09-29,34.344303194492284,133841.0082244873,133875.3525276818,0.004098615976189546,0.3387535252768179
2016-09-30,34.344303194492284,136116.45405578613,136150.79835898062,0.01699674950120733,0.3615079835898063
2016-10-03,86.43892460350258,135479.43499815464,135565.87392275815,-0.004296151350359545,0.3556587392275816
2016-10-04,86.43892460350258,135343.5551031828,135429.9940277863,-0.0010023163724025563,0.35429994027786305
2016-10-05,86.43892460350258,136217.74077498913,136304.17969959264,0.006454889687338872,0.3630417969959263
2016-10-06,86.43892460350258,136561.74909424782,136648.18801885133,0.0025238281028274745,0.36648188018851324
2016-10-07,86.43892460350258,135931.0819542408,136017.5208788443,-0.0046152616375712,0.3601752087884431
2016-10-10,86.43892460350258,136242.52036345005,136328.95928805356,0.0022896933218379267,0.36328959288053553
2016-10-11,86.43892460350258,133934.59845924377,134021.0373838473,-0.016929065667770526,0.34021037383847297
2016-10-12,86.43892460350258,134149.75360941887,134236.19253402238,0.0016053834112541576,0.3423619253402239
2016-10-13,86.43892460350258,132920.00406944752,133006.44299405103,-0.009161087757012076,0.3300644299405102
2016-10-14,86.43892460350258,133975.49328255653,134061.93220716005,0.00793562469117548,0.3406193220716005
2016-10-17,86.43892460350258,133252.27825260162,133338.71717720514,-0.00539463379385996,0.33338717177205135
2016-10-18,86.43892460350258,134609.08974814415,134695.52867274766,0.010175675334714196,0.34695528672747655
2016-10-19,86.43892460350258,135362.6614767313,135449.1004013348,0.005594630616269525,0.3544910040133482
2016-10-20,86.43892460350258,136267.90171575546,136354.34064035898,0.006683250286210418,0.36354340640358984
2016-10-21,86.43892460350258,136169.6553018093,136256.09422641282,-0.0007205228193305491,0.36256094226412827
2016-10-24,86.43892460350258,138779.48090052605,138865.91982512956,0.019153826575859956,0.3886591982512957
2016-10-25,86.43892460350258,139138.09607219696,139224.53499680047,0.0025824563155776303,0.39224534996800475
2016-10-26,86.43892460350258,138693.6875463724,138780.12647097593,-0.003192027366690553,0.3878012647097593
2016-10-27,86.43892460350258,137962.71459114552,138049.15351574903,-0.005267129911282864,0.38049153515749023
2016-10-28,86.43892460350258,137147.32591414452,137233.76483874803,-0.0059065097918762355,0.3723376483874803
2016-10-31,86.43892460350258,137375.15847933292,137461.59740393644,0.0016601786408476649,0.3746159740393644
2016-11-01,72.00620548861662,135762.12757313251,135834.13377862112,-0.011839405739865971,0.35834133778621124
2016-11-02,72.00620548861662,134124.4527041912,134196.45890967982,-0.01205643105591081,0.34196458909679817
2016-11-03,72.00620548861662,133505.11695313454,133577.12315862314,-0.004615142277886175,0.33577123158623134
2016-11-04,72.00620548861662,132795.51714098454,132867.52334647314,-0.00531228548250251,0.3286752334647314
2016-11-07,72.00620548861662,137169.53481960297,137241.54102509157,0.032920141569979355,0.37241541025091585
2016-11-08,72.00620548861662,137283.60434114933,137355.61054663794,0.0008311588509888335,0.3735561054663794
2016-11-09,72.00620548861662,139183.27903187275,139255.28523736136,0.01383033924251964,0.3925528523736135
2016-11-10,72.00620548861662,137419.60901093483,137491.61521642344,-0.01266501316579649,0.37491615216423435
2016-11-11,72.00620548861662,142989.9873406887,143061.9935461773,0.04051431297090824,0.43061993546177324
2016-11-14,72.00620548861662,142613.7355043888,142685.74170987742,-0.0026299915650095373,0.42685741709877423
2016-11-15,72.00620548861662,144738.42095255852,144810.42715804712,0.014890664075530635,0.4481042715804713
2016-11-16,72.00620548861662,146921.87938785553,146993.88559334414,0.015078047058820987,0.4699388559334414
2016-11-17,72.00620548861662,149764.2454226017,149836.2516280903,0.01933662766497335,0.4983625162809031
2016-11-18,72.00620548861662,150748.1031513214,150820.10935681002,0.0065662195765665565,0.5082010935681003
2016-11-21,72.00620548861662,152224.72523975372,152296.73144524233,0.009790618072945012,0.5229673144524234
2016-11-22,72.00620548861662,152162.89469456673,152234.90090005533,-0.00040598734194918773,0.5223490090005534
2016-11-23,72.00620548861662,152486.1077890396,152558.11399452822,0.0021231208649392652,0.5255811399452821
2016-11-25,72.00620548861662,152915.71421313286,152987.72041862147,0.0028160181903444936,0.5298772041862148
2016-11-28,72.00620548861662,151715.53704214096,151787.54324762957,-0.007844924858726232,0.5178754324762957
2016-11-29,72.00620548861662,152104.17584586143,152176.18205135004,0.0025604130313015006,0.5217618205135004
2016-11-30,72.00620548861662,153187.91265559196,153259.91886108057,0.007121592847984859,0.5325991886108057
2016-12-01,229.79960841447792,150825.18393802643,151054.9835464409,-0.014386901226525528,0.5105498354644089
2016-12-02,229.79960841447792,150500.51877689362,150730.31838530808,-0.0021493177749610792,0.5073031838530808
2016-12-05,229.79960841447792,152330.7564907074,152560.55609912187,0.01214246565269761,0.5256055609912187
2016-12-06,229.79960841447792,155215.89820289612,155445.6978113106,0.018911452514070337,0.5544569781131059
2016-12-07,229.79960841447792,157088.03344631195,157317.83305472642,0.01204366071094709,0.5731783305472642
2016-12-08,229.79960841447792,159181.40014362335,159411.19975203782,0.01330660775490844,0.5941119975203781
2016-12-09,229.79960841447792,159380.72779273987,159610.52740115434,0.0012503992782599838,0.5961052740115433
2016-12-12,229.79960841447792,158557.52067947388,158787.32028788835,-0.0051575991049575,0.5878732028788836
2016-12-13,229.79960841447792,159479.246840477,159709.04644889146,0.005804784408049546,0.5970904644889146
2016-12-14,229.79960841447792,159713.6589050293,159943.45851344377,0.0014677444375532644,0.5994345851344376
2016-12-15,229.79960841447792,161974.35298919678,162204.15259761125,0.014134332877248967,0.6220415259761125
2016-12-16,229.79960841447792,160927.81907844543,161157.6186868599,-0.00645195510713914,0.6115761868685989
2016-12-19,229.79960841447792,161633.66893959045,161863.46854800492,0.004379872741334889,0.6186346854800493
2016-12-20,229.79960841447792,164350.02567863464,164579.8252870491,0.01678177765132083,0.6457982528704911
2016-12-21,229.79960841447792,164120.43818187714,164350.2377902916,-0.0013949917394618927,0.6435023779029161
2016-12-22,229.79960841447792,164337.8116722107,164567.61128062516,0.0013226235219137017,0.6456761128062516
2016-12-23,229.79960841447792,165139.0178012848,165368.81740969926,0.0048685529481731216,0.6536881740969926
2016-12-27,229.79960841447792,167581.17436408997,167810.97397250443,0.014767938726651053,0.6781097397250444
2016-12-28,229.79960841447792,163933.68782615662,164163.48743457109,-0.021735685405955496,0.6416348743457108
2016-12-29,229.79960841447792,163638.9564256668,163868.75603408128,-0.001795352944163553,0.6386875603408129
2016-12-30,229.79960841447792,162086.34060955048,162316.14021796494,-0.009474751952064708,0.6231614021796494
2017-01-03,139.15054481225343,162959.6236565113,163098.77420132357,0.0048216645757326315,0.6309877420132357
2017-01-04,139.15054481225343,164315.05148291588,164454.20202772814,0.008310472184980933,0.6445420202772814
2017-01-05,139.15054481225343,163189.3082127571,163328.45875756937,-0.006845329923336085,0.6332845875756938
2017-01-06,139.15054481225343,163921.80677199364,164060.9573168059,0.004484818903016663,0.640609573168059
2017-01-09,139.15054481225343,163629.6683535576,163768.81889836985,-0.0017806699608117205,0.6376881889836985
2017-01-10,139.15054481225343,163606.46460866928,163745.61515348154,-0.00014168597565999974,0.6374561515348154
2017-01-11,139.15054481225343,164578.83573031425,164717.98627512652,0.005938303268356648,0.6471798627512653
2017-01-12,139.15054481225343,162633.1023337841,162772.25287859637,-0.011812513256932444,0.6277225287859636
2017-01-13,139.15054481225343,163398.84469747543,163537.9952422877,0.004704378972148593,0.6353799524228769
2017-01-17,139.15054481225343,159149.48076224327,159288.63130705553,-0.025983955159390115,0.5928863130705553
2017-01-18,139.15054481225343,160225.0872080326,160364.23775284487,0.006752562546136209,0.6036423775284487
2017-01-19,139.15054481225343,160305.03410601616,160444.18465082842,0.0004985332085496452,0.6044418465082841
2017-01-20,139.15054481225343,160769.33062887192,160908.48117368418,0.002893819578853485,0.6090848117368417
2017-01-23,139.15054481225343,160531.9855005741,160671.13604538637,-0.0014750318104215232,0.6067113604538636
2017-01-24,139.15054481225343,163213.58002233505,163352.73056714732,0.016689958058200505,0.6335273056714732
2017-01-25,139.15054481225343,164598.54408574104,164737.6946305533,0.00847836493823828,0.647376946305533
2017-01-26,139.15054481225343,165508.68920826912,165647.83975308138,0.005524814005496426,0.6564783975308137
2017-01-27,139.15054481225343,165867.03355526924,166006.1841000815,0.002163290191615319,0.660061841000815
2017-01-30,139.15054481225343,163402.2239162922,163541.37446110445,-0.014847697706797947,0.6354137446110446
2017-01-31,139.15054481225343,162047.4326930046,162186.58323781687,-0.008284088523481281,0.6218658323781687
2017-02-01,142.2903127222271,165157.15168476105,165299.44199748329,0.01919307193926123,0.6529944199748328
2017-02-02,142.2903127222271,165130.6131439209,165272.90345664314,-0.0001605482784421408,0.6527290345664314
2017-02-03,142.2903127222271,167718.01533031464,167860.30564303687,0.015655332073672312,0.6786030564303687
2017-02-06,142.2903127222271,170290.51665592194,170432.80696864417,0.015325251051775401,0.7043280696864418
2017-02-07,142.2903127222271,170186.11960029602,170328.40991301826,-0.0006125408451738146,0.7032840991301825
2017-02-08,142.2903127222271,170132.81287002563,170275.10318274787,-0.00031296440974004636,0.7027510318274788
2017-02-09,142.2903127222271,171167.56783866882,171309.85815139106,0.006076959868482001,0.7130985815139106
2017-02-10,142.2903127222271,171006.38800525665,171148.6783179789,-0.0009408672399326967,0.7114867831797889
2017-02-13,142.2903127222271,171764.88536453247,171907.1756772547,0.004431803778622179,0.7190717567725471
2017-02-14,142.2903127222271,172521.72723007202,172664.01754279426,0.004402619393622409,0.7266401754279426
2017-02-15,142.2903127222271,173555.4178905487,173697.70820327094,0.005986717297485011,0.7369770820327095
2017-02-16,142.2903127222271,172120.78224945068,172263.07256217292,-0.008259381519410303,0.7226307256217293
2017-02-17,142.2903127222271,172644.77821063995,172787.0685233622,0.0030418356841983574,0.7278706852336219
2017-02-21,142.2903127222271,175560.1125011444,175702.40281386665,0.016872410160198248,0.7570240281386664
2017-02-22,142.2903127222271,175939.8807067871,176082.17101950935,0.0021614286404780803,0.7608217101950934
2017-02-23,142.2903127222271,172711.74627017975,172854.036582902,-0.01833311355667966,0.7285403658290199
2017-02-24,142.2903127222271,171683.42783737183,171825.71815009406,-0.005949056516911244,0.7182571815009406
2017-02-27,142.2903127222271,173645.86794757843,173788.15826030067,0.011421108151530301,0.7378815826030067
2017-02-28,142.2903127222271,172099.515083313,172241.80539603523,-0.008897918475833655,0.7224180539603522
2017-03-01,247.07234034566432,175384.875967741,175631.94830808666,0.019682462711398507,0.7563194830808666
2017-03-02,247.07234034566432,172440.8656721115,172687.93801245716,-0.016762384771051075,0.7268793801245717
2017-03-03,247.07234034566432,172137.91610908508,172384.98844943073,-0.0017543180288861482,0.7238498844943073
2017-03-06,247.07234034566432,171799.43931508064,172046.5116554263,-0.0019634934401712156,0.720465116554263
2017-03-07,247.07234034566432,171587.42102503777,171834.49336538342,-0.001232331234169437,0.7183449336538341
2017-03-08,247.07234034566432,171438.52025413513,171685.59259448078,-0.0008665359788154747,0.7168559259448077
2017-03-09,247.07234034566432,171839.5256474018,172086.59798774746,0.002335696241057672,0.7208659798774746
2017-03-10,247.07234034566432,172713.61888194084,172960.6912222865,0.005079380060736938,0.729606912222865
2017-03-13,247.07234034566432,174034.8165450096,174281.88888535526,0.0076387163680491366,0.7428188888535527
2017-03-14,247.07234034566432,174388.89347219467,174635.96581254032,0.002031633518833287,0.7463596581254033
2017-03-15,247.07234034566432,174539.79484128952,174786.86718163517,0.0008640910158039805,0.7478686718163516
2017-03-16,247.07234034566432,174815.31434202194,175062.3866823676,0.0015763169463189897,0.750623866823676
2017-03-17,247.07234034566432,173665.61026597023,173912.68260631588,-0.0065673963313303,0.7391268260631587
2017-03-20,247.07234034566432,174923.11518144608,175170.18752179173,0.007230668267721674,0.7517018752179172
2017-03-21,247.07234034566432,168971.78785777092,169218.86019811657,-0.03397454445799908,0.6921886019811656
2017-03-22,247.07234034566432,169984.37373113632,170231.44607148197,0.005983883074143659,0.7023144607148197
2017-03-23,247.07234034566432,169491.41198205948,169738.48432240513,-0.002895832470751869,0.6973848432240513
2017-03-24,247.07234034566432,169925.00599312782,170172.07833347347,0.002554482637212363,0.7017207833347348
2017-03-27,247.07234034566432,170238.57643842697,170485.64877877262,0.0018426668368278776,0.7048564877877261
2017-03-28,247.07234034566432,172468.5018877983,172715.57422814396,0.013079842587014223,0.7271557422814396
2017-03-29,247.07234034566432,172561.08551311493,172808.15785346058,0.0005360467678168224,0.7280815785346058
2017-03-30,247.07234034566432,174345.38861846924,174592.4609588149,0.010325340698714935,0.7459246095881489
2017-03-31,247.07234034566432,173985.7519197464,174232.82426009205,-0.002059863849491639,0.7423282426009206
2017-04-03,189.28415625409252,175120.38062047958,175309.66477673367,0.006180468698791852,0.7530966477673366
2017-04-04,189.28415625409252,173451.17442846298,173640.45858471707,-0.009521472727373137,0.7364045858471706
2017-04-05,189.28415625409252,172156.2589287758,172345.54308502987,-0.007457452659602515,0.7234554308502987
2017-04-06,189.28415625409252,171440.55734539032,171629.8415016444,-0.004152713035534439,0.716298415016444
2017-04-07,189.28415625409252,171656.4239177704,171845.70807402447,0.001257744984737963,0.7184570807402446
2017-04-10,189.28415625409252,171263.83657217026,171453.12072842434,-0.0022845338996247966,0.7145312072842434
2017-04-11,189.28415625409252,170796.94106721878,170986.22522347287,-0.0027231671431109383,0.7098622522347287
2017-04-12,189.28415625409252,168527.6824054718,168716.9665617259,-0.013271587572514343,0.6871696656172588
2017-04-13,189.28415625409252,167811.2894411087,168000.5735973628,-0.004246122834961064,0.6800057359736278
2017-04-17,189.28415625409252,170471.57904529572,170660.8632015498,0.015835003102803613,0.7066086320154981
2017-04-18,189.28415625409252,169908.43219280243,170097.7163490565,-0.0032998007974928134,0.700977163490565
2017-04-19,189.28415625409252,169866.73169469833,170056.01585095242,-0.0002451561314233963,0.7005601585095242
2017-04-20,189.28415625409252,171778.18431568146,171967.46847193554,0.011240135266125773,0.7196746847193554
2017-04-21,189.28415625409252,171710.10424470901,171899.3884009631,-0.0003958892433399974,0.718993884009631
2017-04-24,189.28415625409252,173756.72005271912,173946.0042089732,0.011905893482507812,0.7394600420897319
2017-04-25,189.28415625409252,176769.3561449051,176958.64030115918,0.017319375089333455,0.7695864030115918
2017-04-26,189.28415625409252,175790.5994796753,175979.88363592938,-0.005530991103707028,0.7597988363592938
2017-04-27,189.28415625409252,176768.67596006393,176957.96011631802,0.005557887982311049,0.7695796011631801
2017-04-28,189.28415625409252,176278.3736038208,176467.6577600749,-0.0027707278944719693,0.7646765776007489
2017-05-01,232.32378000728568,178680.57685661316,178912.90063662044,0.013856606403594318,0.7891290063662044
2017-05-02,232.32378000728568,174335.9580974579,174568.28187746517,-0.024283429220005592,0.7456828187746516
2017-05-03,232.32378000728568,174153.8804550171,174386.20423502437,-0.0010430167524281275,0.7438620423502438
2017-05-04,232.32378000728568,172710.03262901306,172942.35640902034,-0.008279598907136698,0.7294235640902034
2017-05-05,232.32378000728568,174132.44153404236,174364.76531404964,0.008224757280773876,0.7436476531404963
2017-05-08,232.32378000728568,174724.26081466675,174956.58459467403,0.0033941449097152354,0.7495658459467403
2017-05-09,232.32378000728568,175824.11175346375,176056.43553347103,0.006286422093487065,0.7605643553347103
2017-05-10,232.32378000728568,177277.09508895874,177509.41886896602,0.008252940774884365,0.7750941886896603
2017-05-11,232.32378000728568,177200.03033447266,177432.35411447994,-0.0004341445934368249,0.7743235411447993
2017-05-12,232.32378000728568,177878.21125411987,178110.53503412716,0.0038221942273823917,0.7811053503412715
2017-05-15,232.32378000728568,178203.81252288818,178436.13630289547,0.0018280854004841807,0.7843613630289548
2017-05-16,232.32378000728568,179898.3685092926,180130.69228929988,0.009496708578849322,0.8013069228929988
2017-05-17,232.32378000728568,174039.75213813782,174272.0759181451,-0.03252425389974922,0.7427207591814511
2017-05-18,232.32378000728568,175339.96439170837,175572.28817171566,0.007460818072662745,0.7557228817171566
2017-05-19,232.32378000728568,176767.24202346802,176999.5658034753,0.00812928763771481,0.7699956580347529
2017-05-22,232.32378000728568,176724.00491333008,176956.32869333736,-0.00024427805764193344,0.7695632869333735
2017-05-23,232.32378000728568,176244.7876701355,176477.11145014278,-0.0027081102254616907,0.7647711145014278
2017-05-24,232.32378000728568,176527.42709350586,176759.75087351314,0.0016015641974636008,0.7675975087351314
2017-05-25,232.32378000728568,178178.75930595398,178411.08308596126,0.009342241117039185,0.7841108308596125
2017-05-26,232.32378000728568,178295.86593437195,178528.18971437923,0.0006563865113780043,0.7852818971437923
2017-05-30,232.32378000728568,178380.9877872467,178613.311567254,0.00047679782677989557,0.78613311567254
2017-05-31,232.32378000728568,178084.60398483276,178316.92776484005,-0.001659360099274254,0.7831692776484005
2017-06-01,144.77570665356689,179140.34522938728,179285.12093604085,0.005429620077784358,0.7928512093604085
2017-06-02,144.77570665356689,181847.06915831566,181991.84486496923,0.015097314907096981,0.8199184486496922
2017-06-05,144.77570665356689,182651.4847009182,182796.26040757177,0.004420063674827723,0.8279626040757178
2017-06-06,144.77570665356689,182461.70146274567,182606.47716939924,-0.0010382227609546657,0.8260647716939924
2017-06-07,144.77570665356689,183676.06204628944,183820.837752943,0.006650150653841447,0.8382083775294302
2017-06-08,144.77570665356689,185393.3300628662,185538.10576951978,0.009342074802666245,0.8553810576951979
2017-06-09,144.77570665356689,179117.5620057583,179262.33771241186,-0.03382468539860939,0.7926233771241185
2017-06-12,144.77570665356689,177140.3596215248,177285.13532817838,-0.011029658596807268,0.7728513532817838
2017-06-13,144.77570665356689,179428.72193408012,179573.4976407337,0.012907807009985728,0.7957349764073369
2017-06-14,144.77570665356689,179294.37076115608,179439.14646780965,-0.0007481681578248578,0.7943914646780965
2017-06-15,144.77570665356689,178270.92474985123,178415.7004565048,-0.005703582698931564,0.7841570045650479
2017-06-16,144.77570665356689,176914.45162773132,177059.2273343849,-0.007602879783837113,0.7705922733438488
2017-06-19,144.77570665356689,179114.89269661903,179259.6684032726,0.012427711913212347,0.7925966840327261
2017-06-20,144.77570665356689,178698.80878305435,178843.58448970792,-0.002321123972117589,0.7884358448970792
2017-06-21,144.77570665356689,180788.12853741646,180932.90424407003,0.011682385813970075,0.8093290424407003
2017-06-22,144.77570665356689,180522.20573496819,180666.98144162176,-0.0014697315756870832,0.8066698144162177
2017-06-23,144.77570665356689,180665.77552556992,180810.5512322235,0.0007946653531050174,0.8081055123222349
2017-06-26,144.77570665356689,179578.11135911942,179722.887065773,-0.006015490573078153,0.79722887065773
2017-06-27,144.77570665356689,175392.24342560768,175537.01913226125,-0.023290678231647988,0.7553701913226125
2017-06-28,144.77570665356689,178245.32228660583,178390.0979932594,0.01625343118563749,0.783900979932594
2017-06-29,144.77570665356689,174618.87580776215,174763.65151441572,-0.020328743128896765,0.7476365151441571
2017-06-30,144.77570665356689,174152.15289783478,174296.92860448835,-0.002670594862735909,0.7429692860448835
2017-07-03,429.37174839368527,170941.40144348145,171370.77319187514,-0.016788336065595266,0.7137077319187515
2017-07-05,429.37174839368527,171204.84297180176,171634.21472019545,0.0015372605457368849,0.7163421472019544
2017-07-06,429.37174839368527,169566.66632652283,169996.03807491652,-0.009544580886448273,0.6999603807491652
2017-07-07,429.37174839368527,172021.8150024414,172451.1867508351,0.014442387621037334,0.7245118675083511
2017-07-10,429.37174839368527,173454.77349090576,173884.14523929945,0.008309357073516432,0.7388414523929945
2017-07-11,429.37174839368527,174444.35948181152,174873.73123020522,0.005691065102824133,0.7487373123020522
2017-07-12,429.37174839368527,177459.94239234924,177889.31414074294,0.017244344758493124,0.7788931414074294
2017-07-13,429.37174839368527,176765.3212146759,177194.6929630696,-0.0039047942875520825,0.771946929630696
2017-07-14,429.37174839368527,178547.4520664215,178976.8238148152,0.01005747306504845,0.7897682381481521
2017-07-17,429.37174839368527,177825.17144966125,178254.54319805495,-0.004035609758655578,0.7825454319805494
2017-07-18,429.37174839368527,178737.61235427856,179166.98410267226,0.005118752589680309,0.7916698410267227
2017-07-19,429.37174839368527,179658.11458396912,180087.4863323628,0.005137677760781223,0.800874863323628
2017-07-20,429.37174839368527,181293.8081665039,181723.1799148976,0.009082772022904528,0.8172317991489759
2017-07-21,429.37174839368527,181265.20782852173,181694.57957691542,-0.00015738409373844409,0.8169457957691542
2017-07-24,429.37174839368527,181454.40711593628,181883.77886432997,0.0010413039720562622,0.8188377886432998
2017-07-25,429.37174839368527,181493.686378479,181923.0581268727,0.00021595802983620516,0.819230581268727
2017-07-26,429.37174839368527,181452.48847198486,181881.86022037856,-0.00022645786036323834,0.8188186022037856
2017-07-27,429.37174839368527,179491.04238128662,179920.4141296803,-0.010784176543618185,0.7992041412968032
2017-07-28,429.37174839368527,179508.56728935242,179937.9390377461,9.740366678556711e-05,0.7993793903774611
2017-07-31,429.37174839368527,177509.62845611572,177939.00020450942,-0.011109045951767649,0.7793900020450941
2017-08-01,178.95244922390634,178096.5528664589,178275.5053156828,0.0018911262330720824,0.7827550531568279
2017-08-02,178.95244922390634,177971.87352752686,178150.82597675076,-0.0006993632619987089,0.7815082597675076
2017-08-03,178.95244922390634,177663.01683092117,177841.96928014507,-0.001733680968989626,0.7784196928014506
2017-08-04,178.95244922390634,177665.83613586426,177844.78858508816,1.5852866196208737e-05,0.7784478858508816
2017-08-07,178.95244922390634,179389.07251167297,179568.02496089687,0.009689552274871671,0.7956802496089688
2017-08-08,178.95244922390634,177831.11759138107,178010.07004060497,-0.00867612661347228,0.7801007004060496
2017-08-09,178.95244922390634,177248.59458589554,177427.54703511944,-0.003272416023164637,0.7742754703511945
2017-08-10,178.95244922390634,172871.67422437668,173050.62667360058,-0.024668775703992063,0.7305062667360058
2017-08-11,178.95244922390634,173045.89994621277,173224.85239543667,0.0010067904704251784,0.7322485239543668
2017-08-14,178.95244922390634,176674.77957439423,176853.73202361813,0.020948954944972176,0.7685373202361812
2017-08-15,178.95244922390634,176915.686068058,177094.6385172819,0.0013621793043734343,0.7709463851728191
2017-08-16,178.95244922390634,177136.1996293068,177315.1520785307,0.0012451735585843338,0.773151520785307
2017-08-17,178.95244922390634,174052.99769115448,174231.95014037838,-0.017388259841363163,0.7423195014037838
2017-08-18,178.95244922390634,174266.99554133415,174445.94799055805,0.0012282354069230728,0.7444594799055806
2017-08-21,178.95244922390634,173999.533298254,174178.4857474779,-0.0015332098346854117,0.7417848574747792
2017-08-22,178.95244922390634,176674.08787727356,176853.04032649746,0.015355252214656945,0.7685304032649747
2017-08-23,178.95244922390634,176932.95480203629,177111.90725126019,0.001463740313905948,0.7711190725126018
2017-08-24,178.95244922390634,176438.30457401276,176617.25702323666,-0.002792868281418226,0.7661725702323665
2017-08-25,178.95244922390634,175379.02622699738,175557.97867622128,-0.005997592561841292,0.7555797867622127
2017-08-28,178.95244922390634,175712.43021821976,175891.38266744366,0.0018991104462262598,0.7589138266744366
2017-08-29,178.95244922390634,175911.50419569016,176090.45664491405,0.0011318006286116233,0.7609045664491405
2017-08-30,178.95244922390634,178436.58338975906,178615.53583898296,0.014339670883815936,0.7861553583898295
2017-08-31,178.95244922390634,180634.25330400467,180813.20575322857,0.012303912444809662,0.8081320575322857
2017-09-01,279.51118140035396,181128.60669708252,181408.11787848288,0.003290202852031854,0.8140811787848288
2017-09-05,279.51118140035396,180074.53455209732,180354.04573349768,-0.005810501521719469,0.8035404573349769
2017-09-06,279.51118140035396,180295.6288204193,180575.14000181967,0.0012258902616950618,0.8057514000181967
2017-09-07,279.51118140035396,182875.92401599884,183155.4351973992,0.014289315769344224,0.8315543519739921
2017-09-08,279.51118140035396,182799.2578907013,183078.76907210166,-0.0004185850407055769,0.8307876907210165
2017-09-11,279.51118140035396,186295.37781715393,186574.8889985543,0.019096260828997513,0.865748889985543
2017-09-12,279.51118140035396,186051.45101213455,186330.9621935349,-0.0013073935422320826,0.8633096219353491
2017-09-13,279.51118140035396,186198.48393297195,186477.99511437232,0.000789095484220681,0.8647799511437231
2017-09-14,279.51118140035396,186595.4893631935,186875.00054459387,0.0021289666374741945,0.8687500054459387
2017-09-15,279.51118140035396,186034.06231164932,186313.57349304968,-0.0030042919058625994,0.8631357349304969
2017-09-18,279.51118140035396,186899.35553979874,187178.8667211991,0.004644284428271694,0.871788667211991
2017-09-19,279.51118140035396,186565.52238750458,186845.03356890494,-0.0017834980953881363,0.8684503356890494
2017-09-20,279.51118140035396,186049.6756954193,186329.18687681967,-0.002760826350222678,0.8632918687681967
2017-09-21,279.51118140035396,184719.00683164597,184998.51801304633,-0.007141494502699852,0.8499851801304632
2017-09-22,279.51118140035396,183448.53286886215,183728.0440502625,-0.006867481839471945,0.8372804405026251
2017-09-25,279.51118140035396,180204.08632040024,180483.5975018006,-0.017658962001328105,0.8048359750180061
2017-09-26,279.51118140035396,180066.47003269196,180345.98121409232,-0.0007624863955125738,0.8034598121409231
2017-09-27,279.51118140035396,180997.48025655746,181276.99143795783,0.005162356364128096,0.8127699143795784
2017-09-28,279.51118140035396,182509.74500656128,182789.25618796164,0.008342287336125631,0.8278925618796165
2017-09-29,279.51118140035396,183562.543943882,183842.05512528235,0.005759632482108978,0.8384205512528236
2017-10-02,439.2618064544404,183962.43089723587,184401.69270369032,0.0030441216403209737,0.8440169270369031
2017-10-03,439.2618064544404,184440.6552581787,184879.91706463316,0.0025933837912825997,0.8487991706463316
2017-10-04,439.2618064544404,185661.06731271744,186100.3291191719,0.006601106674620993,0.8610032911917189
2017-10-05,439.2618064544404,187723.12089014053,188162.38269659498,0.011080332781693514,0.8816238269659498
2017-10-06,439.2618064544404,188180.92740869522,188620.18921514967,0.002433039548042304,0.8862018921514967
2017-10-09,439.2618064544404,188739.05389261246,189178.3156990669,0.0029589965222684977,0.8917831569906691
2017-10-10,439.2618064544404,189764.2389178276,190203.50072428206,0.005419146594189739,0.9020350072428205
2017-10-11,439.2618064544404,190477.84230709076,190917.1041135452,0.0037517889341984745,0.9091710411354521
2017-10-12,439.2618064544404,190783.20738887787,191222.46919533232,0.0015994642449923546,0.9122246919533232
2017-10-13,439.2618064544404,191775.73630428314,192214.9981107376,0.005190440849246691,0.9221499811073759
2017-10-16,439.2618064544404,192747.61823749542,193186.88004394987,0.005056223201960419,0.9318688004394988
2017-10-17,439.2618064544404,192555.0193734169,192994.28117987135,-0.0009969562324041448,0.9299428117987134
2017-10-18,439.2618064544404,192847.9490966797,193287.21090313414,0.0015178155615387379,0.9328721090313414
2017-10-19,439.2618064544404,193040.55692100525,193479.8187274597,0.0009964850929640168,0.934798187274597
2017-10-20,439.2618064544404,193623.91564893723,194063.17745539168,0.00301508824935226,0.9406317745539168
2017-10-23,439.2618064544404,192985.46620559692,193424.72801205138,-0.003289905131472204,0.9342472801205137
2017-10-24,439.2618064544404,193905.28113031387,194344.54293676832,0.004755415370984117,0.9434454293676833
2017-10-25,439.2618064544404,193181.95243263245,193621.2142390869,-0.0037218883882773612,0.9362121423908689
2017-10-26,439.2618064544404,193281.995926857,193721.25773331145,0.0005166969674150756,0.9372125773331144
2017-10-27,439.2618064544404,194727.90660429,195167.16841074446,0.007463872031140406,0.9516716841074446
2017-10-30,439.2618064544404,194238.91341543198,194678.17522188643,-0.0025055094708804626,0.9467817522188642
2017-10-31,439.2618064544404,194609.92373800278,195049.18554445723,0.0019057622773992478,0.9504918554445723
2017-11-01,172.04283210578433,195675.77810668945,195847.82093879522,0.004094533346082452,0.9584782093879523
2017-11-02,172.04283210578433,196099.84232330322,196271.885155409,0.00216527411222156,0.9627188515540899
2017-11-03,172.04283210578433,197603.68521118164,197775.7280432874,0.007662039250744712,0.977757280432874
2017-11-06,172.04283210578433,198232.06358718872,198404.1064192945,0.003177226964218516,0.9840410641929449
2017-11-07,172.04283210578433,198428.88654327393,198600.9293753797,0.0009920306572146487,0.986009293753797
2017-11-08,172.04283210578433,199408.63001441956,199580.67284652533,0.004933227020774922,0.9958067284652532
2017-11-09,172.04283210578433,197492.49827575684,197664.5411078626,-0.00960078804893194,0.976645411078626
2017-11-10,172.04283210578433,198579.752243042,198751.79507514776,0.005500500803995223,0.9875179507514775
2017-11-13,172.04283210578433,198729.88403320312,198901.9268653089,0.00075537325388364,0.989019268653089
2017-11-14,172.04283210578433,199217.18948745728,199389.23231956305,0.00244997854939899,0.9938923231956305
2017-11-15,172.04283210578433,196885.44117164612,197057.4840037519,-0.01169445455346374,0.9705748400375189
2017-11-16,172.04283210578433,199219.72751426697,199391.77034637274,0.011845712708766776,0.9939177034637274
2017-11-17,172.04283210578433,198240.84590148926,198412.88873359503,-0.00490933808891536,0.9841288873359504
2017-11-20,172.04283210578433,198815.54210662842,198987.5849387342,0.0028964660955608235,0.9898758493873419
2017-11-21,172.04283210578433,201102.64481544495,201274.68764755072,0.011493695496232581,1.0127468764755072
2017-11-22,172.04283210578433,200278.788356781,200450.83118888678,-0.004093194570529368,1.0045083118888676
2017-11-24,172.04283210578433,201621.10604858398,201793.14888068975,0.00669649351834356,1.0179314888068975
2017-11-27,172.04283210578433,201568.40609931946,201740.44893142523,-0.0002611582680425162,1.0174044893142522
2017-11-28,172.04283210578433,202464.1116218567,202636.15445396246,0.004439890598447516,1.0263615445396246
2017-11-29,172.04283210578433,196229.08491325378,196401.12774535955,-0.03076956688900978,0.9640112774535956
2017-11-30,172.04283210578433,198751.9923362732,198924.03516837896,0.012845687048653076,0.9892403516837895
2017-12-01,204.2596237502912,197447.1179599762,197651.37758372648,-0.006397706459027153,0.9765137758372648
2017-12-04,204.2596237502912,195656.48540878296,195860.74503253325,-0.009059550067819333,0.9586074503253326
2017-12-05,204.2596237502912,195057.036693573,195261.2963173233,-0.003060586311516289,0.952612963173233
2017-12-06,204.2596237502912,195073.26706695557,195277.52669070585,8.312130303678167e-05,0.9527752669070586
2017-12-07,204.2596237502912,196056.11356925964,196260.37319300993,0.0050330753310940946,0.9626037319300993
2017-12-08,204.2596237502912,196949.33942222595,197153.59904597624,0.0045512287500231174,0.9715359904597625
2017-12-11,204.2596237502912,197440.8245124817,197645.08413623198,0.0024929044797254996,0.9764508413623199
2017-12-12,204.2596237502912,197062.49127388,197266.7508976303,-0.00191420515341989,0.9726675089763028
2017-12-13,204.2596237502912,197935.11214447021,198139.3717682205,0.004423557779603016,0.981393717682205
2017-12-14,204.2596237502912,196434.561504364,196638.8211281143,-0.007573207821924055,0.966388211281143
2017-12-15,204.2596237502912,198122.35882759094,198326.61845134123,0.008583235566324454,0.9832661845134123
2017-12-18,204.2596237502912,200374.3206615448,200578.5802852951,0.011354813849691947,1.0057858028529507
2017-12-19,204.2596237502912,199998.76515197754,200203.02477572783,-0.0018723609920515694,1.0020302477572782
2017-12-20,204.2596237502912,200255.1466293335,200459.40625308378,0.001280607411617174,1.0045940625308378
2017-12-21,204.2596237502912,200974.1594028473,201178.41902659758,0.0035868248188166696,1.0117841902659759
2017-12-22,204.2596237502912,201139.0527896881,201343.3124134384,0.0008196375517743881,1.0134331241343841
2017-12-26,204.2596237502912,201419.01997756958,201623.27960131987,0.0013904965828046567,1.0162327960131985
2017-12-27,204.2596237502912,201861.15861320496,202065.41823695524,0.002192894771425369,1.0206541823695523
2017-12-28,204.2596237502912,202265.17641830444,202469.43604205473,0.001999440619897319,1.0246943604205474
2017-12-29,204.2596237502912,200676.46060943604,200880.72023318632,-0.007846694493377382,1.0088072023318633
2018-01-02,270.3335371608333,202274.07906532288,202544.4126024837,0.008281991260117527,1.025444126024837
2018-01-03,270.3335371608333,204033.11088562012,204303.44442278094,0.008684672155087059,1.0430344442278092
2018-01-04,270.3335371608333,205426.93696403503,205697.27050119586,0.006822332743106285,1.0569727050119586
2018-01-05,270.3335371608333,207520.31955337524,207790.65309053607,0.010177007134025251,1.0779065309053606
2018-01-08,270.3335371608333,208094.6409626007,208364.97449976153,0.0027639424617200703,1.0836497449976155
2018-01-09,270.3335371608333,208821.554353714,209091.88789087482,0.0034886544288859067,1.0909188789087483
2018-01-10,270.3335371608333,208052.27008628845,208322.60362344928,-0.003679168403831312,1.083226036234493
2018-01-11,270.3335371608333,210177.16478729248,210447.4983244533,0.010200019892439682,1.104474983244533
2018-01-12,270.3335371608333,213592.34202575684,213862.67556291766,0.01622816743204547,1.1386267556291765
2018-01-16,270.3335371608333,212937.15509414673,213207.48863130755,-0.0030635870887033567,1.1320748863130756
2018-01-17,270.3335371608333,216413.02804756165,216683.36158472247,0.016302771425752427,1.1668336158472248
2018-01-18,270.3335371608333,216165.8187007904,216436.15223795123,-0.001140878307237192,1.1643615223795125
2018-01-19,270.3335371608333,218138.608669281,218408.94220644183,0.009114881909015438,1.1840894220644183
2018-01-22,270.3335371608333,220896.34270477295,221166.67624193378,0.012626470361663644,1.2116667624193376
2018-01-23,270.3335371608333,220704.32928657532,220974.66282373614,-0.0008681842195231715,1.2097466282373612
2018-01-24,270.3335371608333,218735.79391670227,219006.1274538631,-0.008908421195072846,1.190061274538631
2018-01-25,270.3335371608333,219307.5768108368,219577.91034799762,0.0026108077467146273,1.195779103479976
2018-01-26,270.3335371608333,224612.7470035553,224883.08054071612,0.02416076455191063,1.2488308054071613
2018-01-29,270.3335371608333,223090.42354774475,223360.75708490558,-0.006769399690497946,1.2336075708490557
2018-01-30,270.3335371608333,219240.34759140015,219510.68112856097,-0.017237029488045175,1.1951068112856098
2018-01-31,270.3335371608333,218760.93695259094,219031.27048975177,-0.0021839968622229256,1.1903127048975177
2018-02-01,108.42884265455535,219434.30371427536,219542.73255692993,0.0023351098043422613,1.195427325569299
2018-02-02,108.42884265455535,216579.43223190308,216687.86107455764,-0.0130037166301189,1.1668786107455764
2018-02-05,108.42884265455535,206459.39584207535,206567.82468472992,-0.04670329172867527,1.0656782468472992
2018-02-06,108.42884265455535,213156.00046396255,213264.42930661712,0.0324184302763888,1.1326442930661713
2018-02-07,108.42884265455535,213344.39702367783,213452.8258663324,0.000883394199059806,1.134528258663324
2018-02-08,108.42884265455535,203625.71244573593,203734.1412883905,-0.04553083117310375,1.037341412883905
2018-02-09,108.42884265455535,207048.6057624817,207157.03460513626,0.016800784076246522,1.0715703460513626
2018-02-12,108.42884265455535,209832.69928073883,209941.1281233934,0.013439531626642243,1.0994112812339338
2018-02-13,108.42884265455535,211313.99157190323,211422.4204145578,0.0070557508402724345,1.1142242041455779
2018-02-14,108.42884265455535,215410.65887403488,215519.08771668945,0.019376692850733956,1.1551908771668944
2018-02-15,108.42884265455535,219810.5874786377,219919.01632129226,0.020415493825710396,1.1991901632129225
2018-02-16,108.42884265455535,219859.29398298264,219967.7228256372,0.00022147472810529756,1.199677228256372
2018-02-20,108.42884265455535,218061.36988401413,218169.7987266687,-0.00817358145037339,1.1816979872666868
2018-02-21,108.42884265455535,216251.5203347206,216359.94917737518,-0.008295600765351407,1.163599491773752
2018-02-22,108.42884265455535,217260.35888576508,217368.78772841964,0.004662778646788324,1.1736878772841965
2018-02-23,108.42884265455535,220995.75650119781,221104.18534385238,0.017184608951767988,1.2110418534385237
2018-02-26,108.42884265455535,223827.49392080307,223935.92276345764,0.01280725380752723,1.2393592276345764
2018-02-27,108.42884265455535,220768.77733421326,220877.20617686782,-0.013658892011804258,1.2087720617686784
2018-02-28,108.42884265455535,217090.15014839172,217198.5789910463,-0.016654625660539435,1.171985789910463
2018-03-01,326.0520142835858,212851.91503095627,213177.96704523984,-0.018511225830681877,1.1317796704523984
2018-03-02,326.0520142835858,214589.46409654617,214915.51611082975,0.008150697230456139,1.1491551611082973
2018-03-05,326.0520142835858,218110.91322374344,218436.965238027,0.016385271714776106,1.18436965238027
2018-03-06,326.0520142835858,219684.4180111885,220010.47002547208,0.0072034730281591575,1.200104700254721
2018-03-07,326.0520142835858,219801.8386220932,220127.89063637677,0.0005337046500155651,1.2012789063637679
2018-03-08,326.0520142835858,220298.2575917244,220624.30960600797,0.0022551389021903123,1.2062430960600796
2018-03-09,326.0520142835858,225656.87722206116,225982.92923634473,0.024288436935649527,1.259829292363447
2018-03-12,326.0520142835858,224875.04578447342,225201.097798757,-0.0034596924653987893,1.2520109779875699
2018-03-13,326.0520142835858,223212.38914632797,223538.44116061155,-0.007382986381492818,1.2353844116061157
2018-03-14,326.0520142835858,222869.2092180252,223195.26123230878,-0.0015352166120554678,1.231952612323088
2018-03-15,326.0520142835858,222500.70595693588,222826.75797121946,-0.0016510353268914812,1.2282675797121945
2018-03-16,326.0520142835858,223111.90357398987,223437.95558827344,0.0027429273872616733,1.2343795558827346
2018-03-19,326.0520142835858,219322.94966745377,219649.00168173734,-0.016957521369010187,1.1964900168173735
2018-03-20,326.0520142835858,222469.73397779465,222795.78599207822,0.014326422092737046,1.227957859920782
2018-03-21,326.0520142835858,221845.70811986923,222171.7601341528,-0.002800887167352495,1.221717601341528
2018-03-22,326.0520142835858,212349.30934000015,212675.36135428373,-0.04274350067774102,1.1267536135428373
2018-03-23,326.0520142835858,207098.1467847824,207424.19879906598,-0.024690977468095787,1.0742419879906597
2018-03-26,326.0520142835858,215085.00332307816,215411.05533736173,0.03850494100754709,1.1541105533736173
2018-03-27,326.0520142835858,206318.5541152954,206644.60612957898,-0.04069637555998851,1.0664460612957898
2018-03-28,326.0520142835858,203058.70266389847,203384.75467818204,-0.015775158676790246,1.0338475467818204
2018-03-29,326.0520142835858,207641.01679182053,207967.0688061041,0.022530273398184253,1.0796706880610412
2018-04-02,392.73176714865986,200622.83810520172,201015.56987235037,-0.0334259600506025,1.0101556987235036
2018-04-03,392.73176714865986,204131.5228805542,204524.25464770285,0.017454791077032406,1.0452425464770285
2018-04-04,392.73176714865986,207424.8227930069,207817.55456015555,0.016102246250086383,1.0781755456015554
2018-04-05,392.73176714865986,208968.7407503128,209361.47251746146,0.007429198946035109,1.0936147251746147
2018-04-06,392.73176714865986,203535.44287776947,203928.17464491812,-0.025951756104935608,1.039281746449181
2018-04-09,392.73176714865986,204742.5355014801,205135.26726862876,0.005919204768112252,1.0513526726862876
2018-04-10,392.73176714865986,209998.69040584564,210391.4221729943,0.025622873016186487,1.103914221729943
2018-04-11,392.73176714865986,209681.08306407928,210073.81483122794,-0.0015096021429296114,1.1007381483122796
2018-04-12,392.73176714865986,213280.1874704361,213672.91923758475,0.017132570326522156,1.1367291923758476
2018-04-13,392.73176714865986,212291.09061145782,212683.82237860648,-0.004629023006319732,1.1268382237860646
2018-04-16,392.73176714865986,213047.13012123108,213439.86188837973,0.003554757956284016,1.1343986188837971
2018-04-17,392.73176714865986,219659.68428897858,220052.41605612723,0.030980877279641383,1.2005241605612724
2018-04-18,392.73176714865986,219775.15673542023,220167.88850256888,0.0005247497324101236,1.201678885025689
2018-04-19,392.73176714865986,218660.02248096466,219052.7542481133,-0.005064926870307684,1.1905275424811332
2018-04-20,392.73176714865986,216629.961892128,217022.69365927664,-0.009267450645871755,1.1702269365927664
2018-04-23,392.73176714865986,215348.4264421463,215741.15820929495,-0.005905075770526014,1.1574115820929496
2018-04-24,392.73176714865986,210983.83175563812,211376.56352278678,-0.020230700172073734,1.1137656352278675
2018-04-25,392.73176714865986,209862.01910305023,210254.75087019888,-0.005307176131032931,1.102547508701989
2018-04-26,392.73176714865986,215563.6995639801,215956.43133112876,0.027117962554148445,1.1595643133112876
2018-04-27,392.73176714865986,216314.85129451752,216707.58306166617,0.0034782558959109977,1.1670758306166618
2018-04-30,392.73176714865986,215612.09863567352,216004.83040282218,-0.003242861412210085,1.160048304028222
2018-05-01,464.1594910998283,217394.09051322937,217858.2500043292,0.008580454418776862,1.1785825000432921
2018-05-02,464.1594910998283,216575.84626579285,217040.00575689267,-0.0037558561469224205,1.1704000575689268
2018-05-03,464.1594910998283,217386.22312355042,217850.38261465024,0.0037337672146271483,1.1785038261465024
2018-05-04,464.1594910998283,220155.82773590088,220619.9872270007,0.012713333706874996,1.2061998722700071
2018-05-07,464.1594910998283,222057.26945877075,222521.42894987058,0.008618628560219443,1.2252142894987057
2018-05-08,464.1594910998283,223122.74505996704,223586.90455106687,0.004788193237049265,1.2358690455106687
2018-05-09,464.1594910998283,224908.8722190857,225373.03171018552,0.007988514187380336,1.253730317101855
2018-05-10,464.1594910998283,225813.85820388794,226278.01769498776,0.0040155025556296575,1.2627801769498777
2018-05-11,464.1594910998283,225904.98041534424,226369.13990644406,0.0004027002374535904,1.2636913990644407
2018-05-14,464.1594910998283,225000.02096557617,225464.180456676,-0.003997715634481258,1.2546418045667598
2018-05-15,464.1594910998283,224583.08686065674,225047.24635175656,-0.0018492254693182053,1.2504724635175655
2018-05-16,464.1594910998283,225789.5507736206,226253.71026472043,0.005360936125732962,1.262537102647204
2018-05-17,464.1594910998283,224117.61778259277,224581.7772736926,-0.007389637893989165,1.2458177727369262
2018-05-18,464.1594910998283,223689.56393432617,224153.723425426,-0.0019060043671528248,1.24153723425426
2018-05-21,464.1594910998283,225213.5259590149,225677.68545011472,0.00679873615927562,1.256776854501147
2018-05-22,464.1594910998283,224786.43939590454,225250.59888700437,-0.0018924625279567175,1.2525059888700438
2018-05-23,464.1594910998283,226905.2999420166,227369.45943311643,0.009406681076905787,1.2736945943311642
2018-05-24,464.1594910998283,227422.17811584473,227886.33760694455,0.002273296401006597,1.2788633760694457
2018-05-25,464.1594910998283,225996.2904396057,226460.44993070554,-0.006257012558156805,1.2646044993070555
2018-05-29,464.1594910998283,224467.13563919067,224931.2951302905,-0.0067524143879558185,1.249312951302905
2018-05-30,464.1594910998283,227719.69275283813,228183.85224393796,0.01446022489562182,1.2818385224393798
2018-05-31,464.1594910998283,227074.63693237305,227538.79642347287,-0.00282691265890056,1.2753879642347288
2018-06-01,420.2964003275156,229834.7303981781,230255.02679850563,0.01193743844006967,1.3025502679850565
2018-06-04,420.2964003275156,233119.14132499695,233539.43772532447,0.014264231154844653,1.3353943772532446
2018-06-05,420.2964003275156,234154.15136528015,234574.44776560768,0.004431842648779938,1.3457444776560767
2018-06-06,420.2964003275156,236953.75461006165,237374.05101038917,0.011934817587544444,1.3737405101038918
2018-06-07,420.2964003275156,234276.37856197357,234696.6749623011,-0.011279143767786493,1.3469667496230109
2018-06-08,420.2964003275156,235429.15028381348,235849.446684141,0.004911751400078712,1.3584944668414098
2018-06-11,420.2964003275156,236380.59629058838,236800.8926909159,0.004034124396522731,1.3680089269091589
2018-06-12,420.2964003275156,237320.99956703186,237741.2959673594,0.003971282649136487,1.377412959673594
2018-06-13,420.2964003275156,239208.08172225952,239628.37812258705,0.007937544664039953,1.3962837812258706
2018-06-14,420.2964003275156,240708.56721878052,241128.86361910804,0.006261718700751651,1.4112886361910806
2018-06-15,420.2964003275156,239424.4076538086,239844.70405413612,-0.0053256152983842675,1.3984470405413614
2018-06-18,420.2964003275156,241636.9108428955,242057.20724322303,0.009224732302563154,1.4205720724322304
2018-06-19,420.2964003275156,240388.33410072327,240808.6305010508,-0.005158188662887642,1.408086305010508
2018-06-20,420.2964003275156,241964.75192260742,242385.04832293495,0.00654635101160661,1.4238504832293493
2018-06-21,420.2964003275156,238358.26558113098,238778.5619814585,-0.0148791617570051,1.387785619814585
2018-06-22,420.2964003275156,237206.2120771408,237626.50847746833,-0.004824777795921387,1.3762650847746833
2018-06-25,420.2964003275156,229943.85731983185,230364.15372015937,-0.030562056412984595,1.3036415372015937
2018-06-26,420.2964003275156,233516.39385604858,233936.6902563761,0.015508213749942046,1.3393669025637611
2018-06-27,420.2964003275156,229798.51275730133,230218.80915762886,-0.01589268059949356,1.3021880915762885
2018-06-28,420.2964003275156,232609.8596391678,233030.1560394953,0.012211629849677275,1.330301560394953
2018-06-29,420.2964003275156,234816.6847858429,235236.98118617042,0.009470126889075559,1.352369811861704
2018-07-02,464.4713656426611,235937.72622680664,236402.19759244932,0.004953372553938351,1.3640219759244934
2018-07-03,464.4713656426611,231692.49770355225,232156.96906919492,-0.017957652536602198,1.3215696906919492
2018-07-05,464.4713656426611,234285.58430480957,234750.05567045225,0.01116954021089267,1.3475005567045226
2018-07-06,464.4713656426611,237908.60851287842,238373.0798785211,0.015433539292339704,1.3837307987852108
2018-07-09,464.4713656426611,241270.11088562012,241734.5822512628,0.014101854011597137,1.4173458225126279
2018-07-10,464.4713656426611,241588.9201927185,242053.39155836118,0.0013188402922301723,1.4205339155836119
2018-07-11,464.4713656426611,241181.9118423462,241646.38320798887,-0.001681481708444399,1.4164638320798888
2018-07-12,464.4713656426611,244363.0996723175,244827.57103796018,0.013164640776904157,1.448275710379602
2018-07-13,464.4713656426611,243524.43510055542,243988.9064661981,-0.003425531561688566,1.439889064661981
2018-07-16,464.4713656426611,242701.16025352478,243165.63161916746,-0.0033742306523460996,1.4316563161916744
2018-07-17,464.4713656426611,243867.18681526184,244331.65818090452,0.0047951947566473585,1.4433165818090452
2018-07-18,464.4713656426611,243848.236120224,244312.70748586667,-7.756135729164448e-05,1.4431270748586669
2018-07-19,464.4713656426611,241453.70915603638,241918.18052167905,-0.009801074159542567,1.4191818052167906
2018-07-20,464.4713656426611,240926.38793945312,241390.8593050958,-0.002179750258728519,1.4139085930509578
2018-07-23,464.4713656426611,240810.04600906372,241274.5173747064,-0.0004819649373812851,1.412745173747064
2018-07-24,464.4713656426611,239910.72694969177,240375.19831533445,-0.0037273685972202264,1.4037519831533443
2018-07-25,464.4713656426611,243928.3600883484,244392.83145399106,0.016714008628236687,1.4439283145399107
2018-07-26,464.4713656426611,240957.89401054382,241422.3653761865,-0.012154473026610768,1.4142236537618649
2018-07-27,464.4713656426611,238371.28198051453,238835.7533461572,-0.01071405304971984,1.3883575334615719
2018-07-30,464.4713656426611,233643.44893455505,234107.92030019773,-0.01979533206281381,1.3410792030019771
2018-07-31,464.4713656426611,233158.37972831726,233622.85109395994,-0.00207198972856526,1.3362285109395993
2018-08-01,662.3319205750049,234295.62241363525,234957.95433421026,0.005714780185236856,1.3495795433421027
2018-08-02,662.3319205750049,236526.96752166748,237189.29944224248,0.009496784709226436,1.3718929944224247
2018-08-03,662.3319205750049,236862.0009613037,237524.3328818787,0.0014125149845463092,1.375243328818787
2018-08-06,662.3319205750049,239640.60680389404,240302.93872446904,0.011698194491812863,1.4030293872446906
2018-08-07,662.3319205750049,240822.31142425537,241484.64334483037,0.004917562084899352,1.4148464334483037
2018-08-08,662.3319205750049,240891.8469467163,241554.1788672913,0.0002879500803769641,1.415541788672913
2018-08-09,662.3319205750049,240273.67038345337,240936.00230402837,-0.0025591631913044477,1.4093600230402838
2018-08-10,662.3319205750049,239678.47705841064,240340.80897898565,-0.0024703378463616366,1.4034080897898566
2018-08-13,662.3319205750049,240219.69329833984,240882.02521891485,0.0022518699268276876,1.4088202521891486
2018-08-14,662.3319205750049,242488.71273040771,243151.04465098272,0.009419629505380334,1.4315104465098272
2018-08-15,662.3319205750049,239445.2801361084,240107.6120566834,-0.012516633842424296,1.401076120566834
2018-08-16,662.3319205750049,240488.99633026123,241151.32825083623,0.004346868411262417,1.4115132825083623
2018-08-17,662.3319205750049,241066.21725082397,241728.54917139898,0.0023936045666823613,1.4172854917139897
2018-08-20,662.3319205750049,242361.13145828247,243023.46337885747,0.00535689397010497,1.4302346337885745
2018-08-21,662.3319205750049,242773.37744140625,243435.70936198125,0.0016963217353260784,1.4343570936198127
2018-08-22,662.3319205750049,245144.40970230103,245806.74162287603,0.009739870404013473,1.4580674162287601
2018-08-23,662.3319205750049,247325.61274719238,247987.94466776738,0.008873650211912443,1.479879446677674
2018-08-24,662.3319205750049,251470.27865982056,252132.61058039556,0.016713174981876078,1.5213261058039556
2018-08-27,662.3319205750049,253922.43661499023,254584.76853556524,0.009725667574396413,1.5458476853556524
2018-08-28,662.3319205750049,254674.54648208618,255336.87840266118,0.0029542610558450644,1.553368784026612
2018-08-29,662.3319205750049,257466.99405670166,258129.32597727666,0.010936326910881311,1.5812932597727665
2018-08-30,662.3319205750049,255984.41801834106,256646.74993891607,-0.005743539726637326,1.5664674993891605
2018-08-31,662.3319205750049,256591.69771957397,257254.02964014898,0.0023662084221891533,1.5725402964014896
2018-09-04,238.47779387540504,260950.35741233826,261188.83520621367,0.015295408867137095,1.6118883520621368
2018-09-05,238.47779387540504,260190.83731269836,260429.31510657378,-0.002907934786110733,1.6042931510657379
2018-09-06,238.47779387540504,258531.32489013672,258769.80268401213,-0.006372218203939628,1.5876980268401213
2018-09-07,238.47779387540504,259046.71221733093,259285.19001120634,0.001991682653263771,1.5928519001120636
2018-09-10,238.47779387540504,262611.9991950989,262850.47698897426,0.013750445899412211,1.6285047698897426
2018-09-11,238.47779387540504,264761.6500682831,265000.12786215846,0.008178227020201989,1.6500012786215845
2018-09-12,238.47779387540504,267399.51348876953,267637.9912826449,0.009954196783854119,1.676379912826449
2018-09-13,238.47779387540504,267255.0061340332,267493.4839279086,-0.0005399358814635047,1.6749348392790857
2018-09-14,238.47779387540504,268297.50339889526,268535.98119277065,0.0038972809713115897,1.6853598119277065
2018-09-17,238.47779387540504,266048.25888442993,266286.7366783053,-0.008375952095785233,1.6628673667830531
2018-09-18,238.47779387540504,268154.14600372314,268392.6237975985,0.007908344011280155,1.6839262379759852
2018-09-19,238.47779387540504,266345.76920700073,266584.2470008761,-0.006737803636832296,1.6658424700087613
2018-09-20,238.47779387540504,267930.5978012085,268169.0755950839,0.005944944654597606,1.681690755950839
2018-09-21,238.47779387540504,267841.93033218384,268080.4081260592,-0.00033064017104844634,1.6808040812605922
2018-09-24,238.47779387540504,269440.5837059021,269679.0614997775,0.00596333534738025,1.696790614997775
2018-09-25,238.47779387540504,270615.8444824219,270854.32227629726,0.004357997873412067,1.7085432227629727
2018-09-26,238.47779387540504,269345.82914733887,269584.30694121425,-0.004688924010551543,1.6958430694121427
2018-09-27,238.47779387540504,271640.54136657715,271879.01916045253,0.008512039314434894,1.7187901916045254
2018-09-28,238.47779387540504,270211.7621498108,270450.2399436862,-0.0052552021894825,1.7045023994368615
2018-10-01,229.63070971126217,271867.6294670105,272097.2601767218,0.00608991965907868,1.720972601767218
2018-10-02,229.63070971126217,268581.09731674194,268810.72802645323,-0.01207851982094199,1.6881072802645325
2018-10-03,229.63070971126217,267470.3735923767,267700.004302088,-0.004131991801517465,1.6770000430208798
2018-10-04,229.63070971126217,265655.2998390198,265884.93054873106,-0.0067802529853854265,1.6588493054873106
2018-10-05,229.63070971126217,264304.58766555786,264534.21837526915,-0.005080062907944161,1.6453421837526916
2018-10-08,229.63070971126217,262157.09230041504,262386.7230101263,-0.008118024875316432,1.623867230101263
2018-10-09,229.63070971126217,263442.4527130127,263672.083422724,0.004898725049239827,1.6367208342272397
2018-10-10,229.63070971126217,251320.4120979309,251550.04280764217,-0.045973925103203084,1.5155004280764217
2018-10-11,229.63070971126217,246561.20821380615,246790.8389235174,-0.01891951132667491,1.4679083892351743
2018-10-12,229.63070971126217,252969.86767578125,253199.4983854925,0.02596797956491903,1.5319949838549252
2018-10-15,229.63070971126217,250412.49042510986,250642.12113482112,-0.010100246118093903,1.5064212113482114
2018-10-16,229.63070971126217,257206.74154663086,257436.37225634212,0.027107379600679105,1.574363722563421
2018-10-17,229.63070971126217,255721.76428985596,255951.39499956722,-0.005768327310393562,1.5595139499956723
2018-10-18,229.63070971126217,251317.64520263672,251547.27591234798,-0.01720685713483483,1.5154727591234796
2018-10-19,229.63070971126217,248173.15817642212,248402.78888613338,-0.012500580715134824,1.4840278888613336
2018-10-22,229.63070971126217,250582.42978286743,250812.0604925787,0.009699052161405985,1.5081206049257867
2018-10-23,229.63070971126217,248820.28184890747,249049.91255861873,-0.0070257703337679445,1.4904991255861875
2018-10-24,229.63070971126217,238023.7903175354,238253.42102724666,-0.043350714001278434,1.3825342102724667
2018-10-25,229.63070971126217,240217.8963546753,240447.52706438655,0.009209127103736225,1.4044752706438657
2018-10-26,229.63070971126217,234019.70418930054,234249.3348990118,-0.025777733050733387,1.3424933489901179
2018-10-29,229.63070971126217,230729.26678848267,230958.89749819392,-0.014046731028015236,1.3095889749819394
2018-10-30,229.63070971126217,233847.57048034668,234077.20119005794,0.013501552551741014,1.3407720119005795
2018-10-31,229.63070971126217,237954.20007705688,238183.83078676814,0.017543911050849514,1.3818383078676812
2018-11-01,30.762422927909938,242239.73620033264,242270.49862326056,0.017157620746099056,1.4227049862326058
2018-11-02,30.762422927909938,240875.08554840088,240905.8479713288,-0.005632756194776545,1.4090584797132881
2018-11-05,30.762422927909938,242397.31683921814,242428.07926214606,0.006318780982844441,1.4242807926214605
2018-11-06,30.762422927909938,243441.03129196167,243471.7937148896,0.004305253978500234,1.4347179371488958
2018-11-07,30.762422927909938,248347.5638885498,248378.32631147772,0.020152365585041077,1.4837832631147774
2018-11-08,30.762422927909938,248344.8201789856,248375.5826019135,-1.1046493488153786e-05,1.4837558260191352
2018-11-09,30.762422927909938,248602.75359535217,248633.5160182801,0.0010384813743145038,1.4863351601828008
2018-11-12,30.762422927909938,243489.39938545227,243520.1618083802,-0.020565828339586978,1.435201618083802
2018-11-13,30.762422927909938,244056.64545059204,244087.40787351996,0.002329359757842653,1.4408740787351997
2018-11-14,30.762422927909938,244164.75085639954,244195.51327932745,0.00044289628354565735,1.4419551327932747
2018-11-15,30.762422927909938,246189.06933784485,246219.83176077277,0.008289744779748531,1.4621983176077276
2018-11-16,30.762422927909938,247194.92092514038,247225.6833480683,0.004085176974179872,1.472256833480683
2018-11-19,30.762422927909938,244970.30710983276,245001.06953276068,-0.008998311927711722,1.4500106953276068
2018-11-20,30.762422927909938,240768.9560661316,240799.7184890595,-0.017148296747085734,1.4079971848905952
2018-11-21,30.762422927909938,237540.84379577637,237571.60621870428,-0.013405797525888219,1.3757160621870428
2018-11-23,30.762422927909938,237402.13659095764,237432.89901388556,-0.0005838543040831423,1.3743289901388556
2018-11-26,30.762422927909938,240383.29871177673,240414.06113470465,0.012555808959923143,1.4041406113470467
2018-11-27,30.762422927909938,242932.34023284912,242963.10265577704,0.010602713955421006,1.4296310265577703
2018-11-28,30.762422927909938,246717.8841896057,246748.64661253363,0.015580735985742722,1.4674864661253362
2018-11-29,30.762422927909938,246585.9654197693,246616.7278426972,-0.0005346281393938668,1.4661672784269721
2018-11-30,30.762422927909938,249332.3589668274,249363.1213897553,0.011136282486116977,1.4936312138975532
2018-12-03,248.7663906365051,252135.24241256714,252384.00880320364,0.01211441129150237,1.5238400880320366
2018-12-04,248.7663906365051,247392.8759613037,247641.64235194022,-0.0187902810235544,1.4764164235194022
2018-12-06,248.7663906365051,247732.36547851562,247981.13186915213,0.0013708902670312995,1.4798113186915214
2018-12-07,248.7663906365051,242787.06972885132,243035.83611948782,-0.019942225895935084,1.430358361194878
2018-12-10,248.7663906365051,245029.5092124939,245278.2756031304,0.009226785314656594,1.4527827560313038
2018-12-11,248.7663906365051,246127.69534301758,246376.46173365408,0.004477306960118277,1.4637646173365408
2018-12-12,248.7663906365051,247031.42903518677,247280.19542582327,0.0036681007828831547,1.472801954258233
2018-12-13,248.7663906365051,249007.66230773926,249256.42869837576,0.007991878480803294,1.4925642869837574
2018-12-14,248.7663906365051,242583.48280334473,242832.24919398123,-0.025773375386712316,1.4283224919398125
2018-12-17,248.7663906365051,235930.5763092041,236179.3426998406,-0.027397129154892785,1.361793426998406
2018-12-18,248.7663906365051,235042.67251586914,235291.43890650565,-0.003759447304684027,1.3529143890650563
2018-12-19,248.7663906365051,231986.8896560669,232235.6560467034,-0.012987225009136294,1.3223565604670342
2018-12-20,248.7663906365051,229263.56219100952,229512.32858164603,-0.011726569086831784,1.29512328581646
2018-12-21,248.7663906365051,227836.5392074585,228085.305598095,-0.006217631063088591,1.2808530559809501
2018-12-24,248.7663906365051,220165.797290802,220414.5636814385,-0.03363102193954126,1.2041456368143852
2018-12-26,248.7663906365051,229774.97247314453,230023.73886378104,0.043595917719078336,1.3002373886378105
2018-12-27,248.7663906365051,231208.47831344604,231457.24470408255,0.006231990869213888,1.3145724470408253
2018-12-28,248.7663906365051,233001.7116203308,233250.47801096732,0.007747579079572242,1.332504780109673
2018-12-31,248.7663906365051,235566.62491226196,235815.39130289847,0.010996390291686975,1.3581539130289846
2019-01-02,146.79542154243973,231892.27095413208,232039.0663756745,-0.01601390353004306,1.3203906637567449
2019-01-03,146.79542154243973,225466.69042396545,225613.48584550788,-0.02769180479188582,1.2561348584550789
2019-01-04,146.79542154243973,231201.89859771729,231348.6940192597,0.025420502468008976,1.3134869401925973
2019-01-07,146.79542154243973,233602.52248382568,233749.3179053681,0.0103766476672158,1.337493179053681
2019-01-08,146.79542154243973,234237.08750343323,234383.88292497565,0.002714724583129824,1.3438388292497567
2019-01-09,146.79542154243973,234063.14833068848,234209.9437522309,-0.0007421123439635968,1.3420994375223092
2019-01-10,146.79542154243973,234767.43215560913,234914.22757715156,0.0030070620129849512,1.3491422757715155
2019-01-11,146.79542154243973,235688.0623626709,235834.85778421332,0.003919005743317161,1.3583485778421331
2019-01-14,146.79542154243973,232706.51831626892,232853.31373781135,-0.012642507873581899,1.3285331373781135
2019-01-15,146.79542154243973,236458.6191520691,236605.41457361152,0.016113581445634795,1.3660541457361153
2019-01-16,146.79542154243973,235232.81065177917,235379.6060733216,-0.005180813391354344,1.3537960607332158
2019-01-17,146.79542154243973,237502.21937561035,237649.01479715278,0.009641484076255313,1.376490147971528
2019-01-18,146.79542154243973,236014.72898864746,236161.5244101899,-0.006259190210540333,1.3616152441018987
2019-01-22,146.79542154243973,235432.16027259827,235578.9556941407,-0.002466823152095343,1.355789556941407
2019-01-23,146.79542154243973,236054.92048454285,236201.71590608527,0.0026435307436931677,1.3620171590608527
2019-01-24,146.79542154243973,234736.89761543274,234883.69303697516,-0.005580073218579673,1.3488369303697518
2019-01-25,146.79542154243973,233040.7507610321,233187.54618257453,-0.007221220138656559,1.3318754618257453
2019-01-28,146.79542154243973,231225.81818389893,231372.61360544135,-0.0077831453988206345,1.3137261360544135
2019-01-29,146.79542154243973,231564.43861961365,231711.23404115607,0.001463528593285357,1.3171123404115606
2019-01-30,146.79542154243973,234149.05363845825,234295.84906000068,0.011154465727740703,1.3429584906000067
2019-01-31,146.79542154243973,235950.77331352234,236097.56873506476,0.007689934253178654,1.3609756873506478
2019-02-01,134.54452592790403,236438.9146232605,236573.4591491884,0.0020156514811791038,1.3657345914918837
2019-02-04,134.54452592790403,238393.25159835815,238527.79612428605,0.008261015340124134,1.3852779612428603
2019-02-05,134.54452592790403,238408.90817070007,238543.45269662797,6.56383557653406e-05,1.3854345269662796
2019-02-06,134.54452592790403,238328.21120262146,238462.75572854935,-0.00033829043374011825,1.3846275572854934
2019-02-07,134.54452592790403,234370.0439453125,234504.5884712404,-0.016598681186988706,1.345045884712404
2019-02-08,134.54452592790403,236849.08094596863,236983.62547189652,0.010571379506120637,1.3698362547189653
2019-02-11,134.54452592790403,237512.36931991577,237646.91384584366,0.002798878498994961,1.3764691384584364
2019-02-12,134.54452592790403,240205.99950408936,240340.54403001725,0.011334589372874682,1.4034054403001726
2019-02-13,134.54452592790403,239546.81949424744,239681.36402017533,-0.002742691677354192,1.3968136402017532
2019-02-14,134.54452592790403,240497.34397506714,240631.88850099503,0.003965783842667436,1.4063188850099504
2019-02-15,134.54452592790403,241959.45126533508,242093.99579126298,0.006076116093241213,1.4209399579126298
2019-02-19,134.54452592790403,242759.0084323883,242893.5529583162,0.003302672436959586,1.4289355295831618
2019-02-20,134.54452592790403,242558.00587272644,242692.55039865433,-0.0008275335315152121,1.4269255039865434
2019-02-21,134.54452592790403,241476.1356601715,241610.6801860994,-0.004457780886878537,1.4161068018609941
2019-02-22,134.54452592790403,243839.3264465332,243973.8709724611,0.00978098643876768,1.4397387097246108
2019-02-25,134.54452592790403,245095.01183319092,245229.5563591188,0.005146802736099021,1.4522955635911883
2019-02-26,134.54452592790403,245213.8150215149,245348.3595474428,0.0004844570535780246,1.4534835954744278
2019-02-27,134.54452592790403,244231.04522323608,244365.58974916398,-0.004005609819815237,1.4436558974916398
2019-02-28,134.54452592790403,244193.6491508484,244328.19367677628,-0.00015303329910765218,1.4432819367677627
2019-03-01,417.84088129511815,244964.95331573486,245382.79419703,0.004316327577196688,1.4538279419703
2019-03-04,417.84088129511815,243640.93184280396,244058.77272409908,-0.0053957388384280325,1.4405877272409908
2019-03-05,417.84088129511815,242942.75148391724,243360.59236521236,-0.0028607058500453864,1.4336059236521237
2019-03-06,417.84088129511815,240068.64904403687,240486.489925332,-0.011810056886972009,1.4048648992533197
2019-03-07,417.84088129511815,238761.9063987732,239179.74728006832,-0.005433746592872657,1.391797472800683
2019-03-08,417.84088129511815,238314.0294189453,238731.87030024044,-0.0018725539470674235,1.3873187030024043
2019-03-11,417.84088129511815,241719.30480575562,242137.14568705074,0.014264016708484206,1.4213714568705074
2019-03-12,417.84088129511815,241959.71629714966,242377.55717844478,0.000992873235999836,1.4237755717844478
2019-03-13,417.84088129511815,244331.9397506714,244749.7806319665,0.009787306552377029,1.447497806319665
2019-03-14,417.84088129511815,244920.0791015625,245337.91998285762,0.0024030229950462445,1.4533791998285763
2019-03-15,417.84088129511815,247538.8095855713,247956.6504668664,0.010673973612361998,1.4795665046686644
2019-03-18,417.84088129511815,248326.21309280396,248744.05397409908,0.0031755692204669117,1.4874405397409909
2019-03-19,417.84088129511815,249614.65273666382,250032.49361795894,0.0051797806752560405,1.5003249361795894
2019-03-20,417.84088129511815,250397.47566223145,250815.31654352657,0.0031308847671764894,1.5081531654352656
2019-03-21,417.84088129511815,253220.38585662842,253638.22673792354,0.011254935437354341,1.5363822673792353
2019-03-22,417.84088129511815,248003.0285987854,248420.86948008052,-0.020570074649015502,1.484208694800805
2019-03-25,417.84088129511815,248417.19985580444,248835.04073709957,0.0016672160349726628,1.4883504073709957
2019-03-26,417.84088129511815,250176.78479766846,250594.62567896358,0.0070712908304704225,1.505946256789636
2019-03-27,417.84088129511815,247798.88679885864,248216.72768015377,-0.009489022329856933,1.4821672768015377
2019-03-28,417.84088129511815,248883.08707809448,249300.9279593896,0.004367958152413198,1.4930092795938958
2019-03-29,417.84088129511815,250839.9672355652,251257.8081168603,0.007849470009953174,1.512578081168603
2019-04-01,679.5150489109328,252864.94469070435,253544.45973961527,0.009100818159216928,1.5354445973961526
2019-04-02,679.5150489109328,252587.75568389893,253267.27073280985,-0.0010932560194377716,1.5326727073280986
2019-04-03,679.5150489109328,255163.95645141602,255843.47150032694,0.010171866108332983,1.5584347150032696
2019-04-04,679.5150489109328,253968.96142578125,254648.47647469217,-0.004670805233477404,1.5464847647469218
2019-04-05,679.5150489109328,254680.77172088623,255360.28676979715,0.0027952662625716496,1.5536028676979714
2019-04-08,679.5150489109328,255038.44761276245,255717.96266167337,0.0014006715625232147,1.5571796266167337
2019-04-09,679.5150489109328,253032.60367965698,253712.1187285679,-0.00784396963055467,1.537121187285679
2019-04-10,679.5150489109328,254622.6927909851,255302.20783989603,0.006267296648250653,1.5530220783989601
2019-04-11,679.5150489109328,253757.26601028442,254436.78105919535,-0.0033898131474185966,1.5443678105919534
2019-04-12,679.5150489109328,254730.19103622437,255409.7060851353,0.0038238379761359464,1.554097060851353
2019-04-15,679.5150489109328,254691.42952346802,255370.94457237894,-0.00015176209765277449,1.5537094457237894
2019-04-16,679.5150489109328,253674.83577728271,254354.35082619364,-0.003980851258891693,1.5435435082619362
2019-04-17,679.5150489109328,250634.95262527466,251314.46767418558,-0.011951370763401137,1.513144676741856
2019-04-18,679.5150489109328,250445.79500961304,251125.31005852396,-0.0007526730053076802,1.5112531005852397
2019-04-22,679.5150489109328,250564.48350906372,251243.99855797464,0.0004726265919712258,1.5124399855797463
2019-04-23,679.5150489109328,251676.8515510559,252356.36659996683,0.004427441245867136,1.523563665999668
2019-04-24,679.5150489109328,252665.3137626648,253344.82881157572,0.003916929954756343,1.533448288115757
2019-04-25,679.5150489109328,252260.99851226807,252940.513561179,-0.0015959088341899186,1.52940513561179
2019-04-26,679.5150489109328,253582.9552307129,254262.4702796238,0.005226354212035211,1.542624702796238
2019-04-29,679.5150489109328,253520.74684906006,254200.26189797098,-0.00024466206744711005,1.5420026189797098
2019-04-30,679.5150489109328,255895.62087631226,256575.13592522318,0.00934253178781308,1.5657513592522316
2019-05-01,348.9859397761211,253668.8355846405,254017.82152441662,-0.009967117006816517,1.540178215244166
2019-05-02,348.9859397761211,254110.25782585144,254459.24376562756,0.001737760912056796,1.5445924376562754
2019-05-03,348.9859397761211,256189.68320465088,256538.669144427,0.008171938845793036,1.56538669144427
2019-05-06,348.9859397761211,253981.26798057556,254330.25392035168,-0.008608508149826055,1.5433025392035167
2019-05-07,348.9859397761211,248954.19025802612,249303.17619780224,-0.01976594465290693,1.4930317619780222
2019-05-08,348.9859397761211,248923.6647491455,249272.65068892163,-0.00012244332120503465,1.4927265068892162
2019-05-09,348.9859397761211,248149.3004283905,248498.28636816662,-0.0031064953119199767,1.4849828636816662
2019-05-10,348.9859397761211,250524.09530639648,250873.0812461726,0.009556584525044043,1.5087308124617258
2019-05-13,348.9859397761211,241857.66963768005,242206.65557745617,-0.03454506009838654,1.4220665557745615
2019-05-14,348.9859397761211,246157.08025741577,246506.0661971919,0.017751001141918632,1.4650606619719189
2019-05-15,348.9859397761211,248953.02557945251,249302.01151922863,0.011342298245107463,1.4930201151922864
2019-05-16,348.9859397761211,250608.2610168457,250957.24695662182,0.006639478868647242,1.5095724695662183
2019-05-17,348.9859397761211,248118.62524032593,248467.61118010205,-0.00992055741251463,1.4846761118010203
2019-05-20,348.9859397761211,242900.99233818054,243249.97827795666,-0.02099924765793071,1.4324997827795665
2019-05-21,348.9859397761211,245598.6377658844,245947.62370566052,0.011090013026111345,1.459476237056605
2019-05-22,348.9859397761211,242544.61058235168,242893.5965221278,-0.012417388456607559,1.428935965221278
2019-05-23,348.9859397761211,237495.945438385,237844.93137816113,-0.0207855012081668,1.3784493137816112
2019-05-24,348.9859397761211,236812.5309906006,237161.5169303767,-0.002873361411674713,1.3716151693037668
2019-05-28,348.9859397761211,238679.52247047424,239028.50841025036,0.007872236204416572,1.3902850841025036
2019-05-29,348.9859397761211,236884.84521865845,237233.83115843456,-0.007508214245037004,1.3723383115843455
2019-05-30,348.9859397761211,238340.0630378723,238689.04897764843,0.006134107484197848,1.3868904897764844
2019-05-31,348.9859397761211,234863.51763153076,235212.50357130688,-0.014565165101760091,1.352125035713069
2019-06-03,656.55913515059,231687.16609573364,232343.72523088424,-0.01219653843594648,1.3234372523088425
2019-06-04,656.55913515059,237605.6084136963,238262.1675488469,0.025472787406164654,1.382621675488469
2019-06-05,656.55913515059,239989.44231414795,240646.00144929855,0.010005087777785526,1.4064600144929855
2019-06-06,656.55913515059,244106.170753479,244762.7298886296,0.017106988749191476,1.447627298886296
2019-06-07,656.55913515059,248685.7142868042,249342.2734219548,0.01871013424065393,1.493422734219548
2019-06-10,656.55913515059,250704.82438659668,251361.38352174728,0.008097744807097351,1.5136138352174728
2019-06-11,656.55913515059,249803.93509674072,250460.49423189132,-0.0035840401466361582,1.5046049423189132
2019-06-12,656.55913515059,249061.0989303589,249717.6580655095,-0.0029658815800869265,1.4971765806550947
2019-06-13,656.55913515059,249634.88244628906,250291.44158143966,0.0022977290447745435,1.5029144158143968
2019-06-14,656.55913515059,248796.59742736816,249453.15656251876,-0.003349235649546367,1.4945315656251879
2019-06-17,656.55913515059,248536.8429260254,249193.402061176,-0.0010412957082692742,1.49193402061176
2019-06-18,656.55913515059,250917.57151794434,251574.13065309494,0.009553738470709838,1.5157413065309493
2019-06-19,656.55913515059,251113.6823196411,251770.2414547917,0.0007795348479895381,1.5177024145479172
2019-06-20,656.55913515059,253653.88472366333,254310.44385881393,0.010089367152147588,1.5431044385881392
2019-06-21,656.55913515059,252343.80026626587,253000.35940141647,-0.005151516538285716,1.5300035940141647
2019-06-24,656.55913515059,253217.01038742065,253873.56952257126,0.0034514185008303055,1.5387356952257125
2019-06-25,656.55913515059,250226.041847229,250882.6009823796,-0.011781330942864154,1.508826009823796
2019-06-26,656.55913515059,251337.59098434448,251994.15011949508,0.004430554900032968,1.5199415011949506
2019-06-27,656.55913515059,252023.60558700562,252680.16472215622,0.002722343365255897,1.526801647221562
2019-06-28,656.55913515059,253407.76685714722,254064.32599229782,0.005477918188250275,1.540643259922978
2019-07-01,348.0837503652838,256453.62210464478,256801.70585501005,0.010774357446764249,1.5680170585501005
2019-07-02,348.0837503652838,257565.02817344666,257913.11192381193,0.004327876503395833,1.5791311192381192
2019-07-03,348.0837503652838,258950.75449180603,259298.8382421713,0.005372841683088714,1.592988382421713
2019-07-05,348.0837503652838,258426.27097320557,258774.35472357084,-0.002022699068595979,1.5877435472357084
2019-07-08,348.0837503652838,257431.50510787964,257779.5888582449,-0.0038441439314516046,1.577795888582449
2019-07-09,348.0837503652838,259337.99702072144,259686.0807710867,0.0073958218386724894,1.596860807710867
2019-07-10,348.0837503652838,260612.4902496338,260960.57399999906,0.00490782264928491,1.6096057399999908
2019-07-11,348.0837503652838,260295.7370300293,260643.82078039457,-0.001213797221355284,1.6064382078039459
2019-07-12,348.0837503652838,262377.3403739929,262725.4241243582,0.007986390537596977,1.6272542412435822
2019-07-15,348.0837503652838,262838.0457878113,263186.1295381766,0.0017535623564177705,1.631861295381766
2019-07-16,348.0837503652838,261759.67374420166,262107.75749456693,-0.00409737414924527,1.6210775749456694
2019-07-17,348.0837503652838,259498.17625808716,259846.26000845243,-0.008628121150368373,1.5984626000845243
2019-07-18,348.0837503652838,256413.9006843567,256761.98443472196,-0.011869616955926698,1.5676198443472198
2019-07-19,348.0837503652838,254588.56388282776,254936.64763319303,-0.0071090617466114114,1.5493664763319304
2019-07-22,348.0837503652838,256519.73498153687,256867.81873190214,0.007575101958223307,1.5686781873190214
2019-07-23,348.0837503652838,257956.97930145264,258305.0630518179,0.005595268130554887,1.583050630518179
2019-07-24,348.0837503652838,260108.43612861633,260456.5198789816,0.008329131460857564,1.6045651987898162
2019-07-25,348.0837503652838,258731.22243118286,259079.30618154813,-0.00528769138923213,1.5907930618154813
2019-07-26,348.0837503652838,260709.1395111084,261057.22326147367,0.007634407815418243,1.6105722326147367
2019-07-29,348.0837503652838,259078.17226409912,259426.2560144644,-0.006247546904211476,1.594262560144644
2019-07-30,348.0837503652838,258181.65384674072,258529.737597106,-0.0034557736411553464,1.5852973759710598
2019-07-31,348.0837503652838,251353.45376586914,251701.5375162344,-0.026411662133478342,1.517015375162344
2019-08-01,289.08524063839286,248834.9782562256,249124.063496864,-0.010240199741347156,1.4912406349686398
2019-08-02,289.08524063839286,246658.19809150696,246947.28333214537,-0.008737735464667495,1.4694728333214537
2019-08-05,289.08524063839286,237603.40774345398,237892.4929840924,-0.036666895970158264,1.3789249298409239
2019-08-06,289.08524063839286,242182.34482574463,242471.43006638304,0.01924792592171798,1.4247143006638305
2019-08-07,289.08524063839286,243359.75866127014,243648.84390190855,0.00485588687790206,1.4364884390190853
2019-08-08,289.08524063839286,251701.3316268921,251990.4168675305,0.03423604574532768,1.5199041686753048
2019-08-09,289.08524063839286,250398.81801223755,250687.90325287596,-0.005168901384608016,1.5068790325287598
2019-08-12,289.08524063839286,246303.6562576294,246592.7414982678,-0.016335697500637902,1.4659274149826782
2019-08-13,289.08524063839286,250211.3543395996,250500.43958023802,0.01584676847431732,1.5050043958023802
2019-08-14,289.08524063839286,242966.53359794617,243255.61883858457,-0.028921389334859215,1.4325561883858455
2019-08-15,289.08524063839286,243779.8012752533,244068.8865158917,0.0033432636877621658,1.4406888651589171
2019-08-16,289.08524063839286,248385.33168029785,248674.41692093626,0.01886979725596727,1.4867441692093628
2019-08-19,289.08524063839286,250925.84566879272,251214.93090943113,0.010216225778072685,1.5121493090943114
2019-08-20,289.08524063839286,248847.16905403137,249136.25429466978,-0.008274494701554058,1.491362542946698
2019-08-21,289.08524063839286,251688.1135749817,251977.1988156201,0.011403175860507764,1.5197719881562008
2019-08-22,289.08524063839286,251617.6714038849,251906.7566445233,-0.0002795577196187393,1.519067566445233
2019-08-23,289.08524063839286,242690.79751586914,242979.88275650755,-0.03543721497162089,1.4297988275650755
2019-08-26,289.08524063839286,247138.23660850525,247427.32184914366,0.018303733799612143,1.4742732184914367
2019-08-27,289.08524063839286,248630.39274978638,248919.47799042478,0.006030684607219339,1.4891947799042478
2019-08-28,289.08524063839286,250948.15122795105,251237.23646858946,0.009311278076253426,1.5123723646858944
2019-08-29,289.08524063839286,253762.23931503296,254051.32455567137,0.01120091960346703,1.5405132455567139
2019-08-30,289.08524063839286,253454.6763343811,253743.7615750195,-0.0012106332497567873,1.537437615750195
2019-09-03,351.26253687358985,250826.32645606995,251177.58899294352,-0.010113244030700241,1.5117758899294351
2019-09-04,351.26253687358985,253857.6996574402,254208.96219431376,0.01206864519053652,1.5420896219431377
2019-09-05,351.26253687358985,256788.9393310547,257140.20186792826,0.011530827427610246,1.5714020186792825
2019-09-06,351.26253687358985,257020.38389778137,257371.64643465495,0.0009000714981377556,1.5737164643465493
2019-09-09,351.26253687358985,254837.39448928833,255188.6570261619,-0.008481856640907393,1.551886570261619
2019-09-10,351.26253687358985,252866.42282867432,253217.6853655479,-0.007723586477481836,1.532176853655479
2019-09-11,351.26253687358985,253071.5399608612,253422.80249773478,0.00081004267885465,1.534228024977348
2019-09-12,351.26253687358985,254064.0827293396,254415.34526621317,0.003916548782098017,1.5441534526621319
2019-09-13,351.26253687358985,253605.43628883362,253956.6988257072,-0.0018027467644534667,1.539566988257072
2019-09-16,351.26253687358985,251961.96692466736,252313.22946154093,-0.006471455062085907,1.5231322946154093
2019-09-17,351.26253687358985,253511.82088279724,253863.08341967082,0.006142579053176833,1.538630834196708
2019-09-18,351.26253687358985,253238.649766922,253589.91230379557,-0.001076056873632325,1.5358991230379555
2019-09-19,351.26253687358985,252203.95761871338,252555.22015558695,-0.00408017865856225,1.5255522015558696
2019-09-20,351.26253687358985,249816.73278427124,250167.99532114482,-0.009452288624133276,1.5016799532114482
2019-09-23,351.26253687358985,251435.92221832275,251787.18475519633,0.006472408398895846,1.5178718475519632
2019-09-24,351.26253687358985,249384.7985458374,249736.06108271098,-0.008146259208861584,1.4973606108271098
2019-09-25,351.26253687358985,250918.02975082397,251269.29228769755,0.006139406533198999,1.5126929228769757
2019-09-26,351.26253687358985,251300.6478023529,251651.91033922648,0.0015227409925238078,1.5165191033922647
2019-09-27,351.26253687358985,249399.88892173767,249751.15145861125,-0.00755312716701817,1.4975115145861126
2019-09-30,351.26253687358985,250716.36235237122,251067.6248892448,0.005271140585118461,1.5106762488924481
2019-10-01,319.84473711949613,249516.61624145508,249836.46097857459,-0.004903714332795017,1.498364609785746
2019-10-02,319.84473711949613,245807.68843078613,246127.53316790564,-0.014845422466126856,1.4612753316790563
2019-10-03,319.84473711949613,247905.28742218018,248225.13215929968,0.008522406918055392,1.4822513215929969
2019-10-04,319.84473711949613,251761.17505645752,252081.01979357703,0.015533832536355874,1.5208101979357704
2019-10-07,319.84473711949613,250286.66275787354,250606.50749499304,-0.0058493586696508615,1.5060650749499302
2019-10-08,319.84473711949613,246081.8063659668,246401.6511030863,-0.016778719890147897,1.464016511030863
2019-10-09,319.84473711949613,249154.75344467163,249474.59818179114,0.012471292562155734,1.4947459818179114
2019-10-10,319.84473711949613,250982.0443496704,251301.88908678992,0.007324556962177153,1.5130188908678992
2019-10-11,319.84473711949613,253843.55909729004,254163.40383440955,0.01138676178686171,1.5416340383440956
2019-10-14,319.84473711949613,253418.02017974854,253737.86491686804,-0.001674272972118196,1.5373786491686805
2019-10-15,319.84473711949613,254841.5996246338,255161.4443617533,0.00561043360773783,1.5516144436175328
2019-10-16,319.84473711949613,254736.97640228271,255056.82113940222,-0.00041002755182217854,1.550568211394022
2019-10-17,319.84473711949613,256194.81356048584,256514.65829760535,0.00571573483779253,1.5651465829760536
2019-10-18,319.84473711949613,255918.28666687012,256238.13140398962,-0.001078015952191369,1.562381314039896
2019-10-21,319.84473711949613,258193.85955047607,258513.70428759558,0.008880695746326106,1.5851370428759557
2019-10-22,319.84473711949613,257638.98709869385,257958.83183581335,-0.002146394727162826,1.5795883183581334
2019-10-23,319.84473711949613,254315.71282958984,254635.55756670935,-0.012882963709570538,1.5463555756670937
2019-10-24,319.84473711949613,254550.2705001831,254870.1152373026,0.0009211504977335583,1.548701152373026
2019-10-25,319.84473711949613,255791.60914611816,256111.45388323767,0.004870475476417724,1.5611145388323768
2019-10-28,319.84473711949613,257679.16688537598,257999.01162249548,0.007370063738415755,1.579990116224955
2019-10-29,319.84473711949613,255364.07500457764,255683.91974169714,-0.008973258720020971,1.5568391974169713
2019-10-30,319.84473711949613,256108.83158874512,256428.67632586462,0.002912801809827892,1.5642867632586461
2019-10-31,319.84473711949613,255084.65983581543,255404.50457293494,-0.0039939829179954645,1.5540450457293495
2019-11-01,290.7437771952209,258384.46860456467,258675.2123817599,0.012805991085763857,1.586752123817599
2019-11-04,290.7437771952209,259924.17163801193,260214.91541520716,0.005952263532599034,1.6021491541520714
2019-11-05,290.7437771952209,259296.66054821014,259587.40432540537,-0.002411510842107223,1.5958740432540535
2019-11-06,290.7437771952209,260639.0313076973,260929.77508489252,0.005171170623534671,1.609297750848925
2019-11-07,290.7437771952209,262392.1175775528,262682.861354748,0.006718613348304592,1.62682861354748
2019-11-08,290.7437771952209,263768.6550793648,264059.39885656,0.00524030191658742,1.6405939885656
2019-11-11,290.7437771952209,264355.09736442566,264645.8411416209,0.002220872605180224,1.6464584114162086
2019-11-12,290.7437771952209,265475.49794101715,265766.2417182124,0.004233584672097335,1.6576624171821237
2019-11-13,290.7437771952209,266300.07453012466,266590.8183073199,0.0031026385585186667,1.6659081830731988
2019-11-14,290.7437771952209,267823.5592536926,268114.30303088785,0.005714693151253725,1.6811430303088786
2019-11-15,290.7437771952209,268604.9920935631,268895.7358707583,0.0029145511113610745,1.688957358707583
2019-11-18,290.7437771952209,271329.8701825142,271620.6139597094,0.010133586091007452,1.716206139597094
2019-11-19,290.7437771952209,271362.75619983673,271653.49997703196,0.00012107334875333109,1.7165349997703196
2019-11-20,290.7437771952209,269474.12746858597,269764.8712457812,-0.006952344554406409,1.697648712457812
2019-11-21,290.7437771952209,267791.47516965866,268082.2189468539,-0.006237477441583761,1.6808221894685387
2019-11-22,290.7437771952209,266007.87269592285,266298.6164731181,-0.006653191997375241,1.6629861647311808
2019-11-25,290.7437771952209,269735.52850961685,270026.2722868121,0.01399802921646165,1.7002627228681209
2019-11-26,290.7437771952209,268600.1425509453,268890.8863281405,-0.004204724040576369,1.688908863281405
2019-11-27,290.7437771952209,270031.8179278374,270322.5617050326,0.0053243730066214745,1.7032256170503262
2019-11-29,290.7437771952209,268956.7791996002,269247.52297679544,-0.003976873855650265,1.6924752297679544
2019-12-02,151.92950822208513,266994.27247714996,267146.20198537206,-0.007804420884512608,1.6714620198537204
2019-12-03,151.92950822208513,264377.5240492821,264529.45355750417,-0.00979519232697601,1.6452945355750415
2019-12-04,151.92950822208513,266585.5485153198,266737.4780235419,0.008346989102133273,1.667374780235419
2019-12-05,151.92950822208513,266529.9909143448,266681.9204225669,-0.00020828569493380744,1.6668192042256686
2019-12-06,151.92950822208513,270060.9778518677,270212.90736008977,0.01324044364135335,1.7021290736008976
2019-12-09,151.92950822208513,268583.03150177,268734.9610099921,-0.005469562370416736,1.687349610099921
2019-12-10,151.92950822208513,270340.07226610184,270492.00177432393,0.006538191970736795,1.7049200177432393
2019-12-11,151.92950822208513,271199.77621889114,271351.70572711324,0.0031782971294898044,1.7135170572711322
2019-12-12,151.92950822208513,279101.16808891296,279253.09759713506,0.029118637190244545,1.7925309759713506
2019-12-13,151.92950822208513,277257.2750296593,277409.20453788136,-0.006602945768980462,1.7740920453788136
2019-12-16,151.92950822208513,281949.61946964264,282101.54897786473,0.016914883728534003,1.8210154897786475
2019-12-17,151.92950822208513,283028.4244980812,283180.3540063033,0.003824172651115898,1.8318035400630328
2019-12-18,151.92950822208513,283151.82909822464,283303.75860644673,0.0004357809374753163,1.8330375860644672
2019-12-19,151.92950822208513,285022.72605895996,285174.65556718205,0.0066038550633360504,1.8517465556718204
2019-12-20,151.92950822208513,286689.9130153656,286841.8425235877,0.005846196090216305,1.8684184252358769
2019-12-23,151.92950822208513,289851.3733987808,290003.3029070029,0.011021615101901583,1.9000330290700291
2019-12-24,151.92950822208513,291049.6898059845,291201.6193142066,0.004132078480457713,1.9120161931420658
2019-12-26,151.92950822208513,293015.116812706,293167.0463209281,0.006749368397573452,1.9316704632092807
2019-12-27,151.92950822208513,291870.1472620964,292022.0767703185,-0.0039055192763930435,1.920220767703185
2019-12-30,151.92950822208513,288829.56838941574,288981.49789763783,-0.010412154129950002,1.8898149789763785
2019-12-31,151.92950822208513,290538.107196331,290690.0367045531,0.005912277496466167,1.9069003670455311
2020-01-02,262.95078112218107,298010.1684741974,298273.1192553196,0.02608648936418012,1.9827311925531959
2020-01-03,262.95078112218107,295925.21219825745,296188.16297937965,-0.00699009109887383,1.9618816297937967
2020-01-06,262.95078112218107,297456.83390808105,297719.78468920325,0.005171110467133255,1.9771978468920324
2020-01-07,262.95078112218107,297538.3267297745,297801.2775108967,0.0002737232319931504,1.978012775108967
2020-01-08,262.95078112218107,301058.98526477814,301321.93604590034,0.011822174049857193,2.0132193604590034
2020-01-09,262.95078112218107,302768.88955783844,303031.84033896064,0.0056746757819843285,2.0303184033896065
2020-01-10,262.95078112218107,301854.0283098221,302116.9790909443,-0.003019026802573044,2.021169790909443
2020-01-13,262.95078112218107,306481.86843395233,306744.81921507453,0.01531804050886243,2.0674481921507453
2020-01-14,262.95078112218107,307908.81897449493,308171.76975561713,0.004651914070444629,2.0817176975561713
2020-01-15,262.95078112218107,306941.79545402527,307204.74623514747,-0.0031379367462390784,2.072047462351475
2020-01-16,262.95078112218107,308659.0385465622,308921.9893276844,0.005589897661354648,2.089219893276844
2020-01-17,262.95078112218107,308788.9322004318,309051.882981554,0.000420473965457413,2.09051882981554
2020-01-21,262.95078112218107,310383.9162225723,310646.8670036945,0.005160894043915842,2.106468670036945
2020-01-22,262.95078112218107,312380.2756204605,312643.2264015827,0.006426459140385976,2.1264322640158273
2020-01-23,262.95078112218107,311936.0797986984,312199.0305798206,-0.0014207754534605321,2.121990305798206
2020-01-24,262.95078112218107,306091.5477733612,306354.4985544834,-0.018720532265851908,2.063544985544834
2020-01-27,262.95078112218107,300711.23868846893,300974.18946959113,-0.017562363569913142,2.009741894695911
2020-01-28,262.95078112218107,305312.37550258636,305575.32628370856,0.015287479707898122,2.0557532628370856
2020-01-29,262.95078112218107,304517.6010084152,304780.5517895374,-0.002600911872816747,2.047805517895374
2020-01-30,262.95078112218107,309989.40966796875,310252.36044909095,0.017953273683066318,2.1025236044909095
2020-01-31,262.95078112218107,302641.9421386719,302904.8929197941,-0.023682229262208976,2.0290489291979408
2020-02-03,473.72834761709896,313531.6044192314,314005.3327668485,0.03664661782136913,2.140053327668485
2020-02-04,473.72834761709896,325196.29396390915,325670.02231152623,0.03714806191950526,2.256700223115262
2020-02-05,473.72834761709896,321595.6922779083,322069.4206255254,-0.01105598132872232,2.220694206255254
2020-02-06,473.72834761709896,323944.65995025635,324418.38829787343,0.007293358269735206,2.244183882978734
2020-02-07,473.72834761709896,322642.6323041916,323116.3606518087,-0.004013421227126224,2.231163606518087
2020-02-10,473.72834761709896,328847.8570866585,329321.58543427556,0.019204303892100594,2.2932158543427557
2020-02-11,473.72834761709896,329419.92488241196,329893.65323002904,0.001737109928579672,2.2989365323002904
2020-02-12,473.72834761709896,331987.5806822777,332461.30902989476,0.007783283414898978,2.3246130902989477
2020-02-13,473.72834761709896,332216.9301300049,332690.65847762197,0.0006898530490553334,2.3269065847762196
2020-02-14,473.72834761709896,335508.8212800026,335982.5496276197,0.009894750772568406,2.359825496276197
2020-02-18,473.72834761709896,339209.74348545074,339683.47183306783,0.011015221503468009,2.396834718330678
2020-02-19,473.72834761709896,346601.7577881813,347075.4861357984,0.021761477715828592,2.470754861357984
2020-02-20,473.72834761709896,341409.31616163254,341883.0445092496,-0.014960554213607424,2.4188304450924965
2020-02-21,473.72834761709896,332486.08720588684,332959.8155535039,-0.026100238368224393,2.3295981555350393
2020-02-24,473.72834761709896,315983.21549129486,316456.94383891195,-0.049564154422533035,2.1645694383891194
2020-02-25,473.72834761709896,305994.074924469,306467.8032720861,-0.03156555974297315,2.064678032720861
2020-02-26,473.72834761709896,304730.48469924927,305204.21304686635,-0.00412307658986899,2.0520421304686636
2020-02-27,473.72834761709896,286546.5788321495,287020.3071797666,-0.05957947200521607,1.870203071797666
2020-02-28,473.72834761709896,290732.63693237305,291206.36527999013,0.01458453633945056,1.9120636527999015
2020-03-02,310.48929026054907,306115.33784389496,306425.8271341555,0.05226349307142408,2.064258271341555
2020-03-03,310.48929026054907,298257.4508719444,298567.94016220496,-0.025643683645864113,1.9856794016220496
2020-03-04,310.48929026054907,311571.89697122574,311882.3862614863,0.04459435963569258,2.1188238626148626
2020-03-05,310.48929026054907,301448.2904572487,301758.7797475092,-0.03245969301225393,2.0175877974750924
2020-03-06,310.48929026054907,295189.2961754799,295499.7854657404,-0.020741713918003946,1.954997854657404
2020-03-09,310.48929026054907,271020.944794178,271331.43408443854,-0.08178805051655069,1.7133143408443856
2020-03-10,310.48929026054907,286906.6439371109,287217.13322737144,0.05854721255034989,1.8721713322737146
2020-03-11,310.48929026054907,277186.5685157776,277497.0578060381,-0.03384225485475667,1.774970578060381
2020-03-12,310.48929026054907,247718.4435157776,248028.93280603812,-0.1061925673482178,1.480289328060381
2020-03-13,310.48929026054907,272645.8610510826,272956.35034134315,0.10050205535818924,1.7295635034134316
2020-03-16,310.48929026054907,235783.2439441681,236093.73323442863,-0.13504949440017167,1.3609373323442862
2020-03-17,310.48929026054907,250359.50782060623,250669.99711086677,0.06173930869213162,1.5066999711086675
2020-03-18,310.48929026054907,238578.7973484993,238889.28663875983,-0.04699689076430047,1.3888928663875983
2020-03-19,310.48929026054907,242918.4257864952,243228.91507675574,0.018165856238493205,1.4322891507675575
2020-03-20,310.48929026054907,235345.72799396515,235656.21728422568,-0.031134035976521757,1.3565621728422568
2020-03-23,310.48929026054907,236799.75603199005,237110.2453222506,0.00617012381333093,1.3711024532225058
2020-03-24,310.48929026054907,255576.6906490326,255887.17993929313,0.0791907350588048,1.5588717993929313
2020-03-25,310.48929026054907,255059.30873966217,255369.7980299227,-0.0020219141478411418,1.5536979802992272
2020-03-26,310.48929026054907,270199.6057868004,270510.0950770609,0.05928773552683064,1.7051009507706092
2020-03-27,310.48929026054907,262580.8502883911,262891.33957865165,-0.02816440361029371,1.6289133957865163
2020-03-30,310.48929026054907,271716.68075084686,272027.1700411074,0.034751355739212064,1.720271700411074
2020-03-31,310.48929026054907,271244.04537153244,271554.534661793,-0.0017374565167258549,1.7155453466179296
2020-04-01,531.7298142320669,257054.25687885284,257585.9866930849,-0.05143919981341927,1.5758598669308492
2020-04-02,531.7298142320669,260527.7772989273,261059.50711315937,0.013484896692820492,1.6105950711315935
2020-04-03,531.7298142320669,256369.68617105484,256901.4159852869,-0.015927752158323427,1.5690141598528689
2020-04-06,531.7298142320669,274390.6440577507,274922.3738719828,0.07014736690952295,1.7492237387198282
2020-04-07,531.7298142320669,273295.7490096092,273827.4788238413,-0.003982560723309159,1.7382747882384133
2020-04-08,531.7298142320669,278147.2639608383,278678.9937750704,0.01771741452708686,1.786789937750704
2020-04-09,531.7298142320669,278939.0311794281,279470.7609936602,0.002841144242213156,1.794707609936602
2020-04-13,531.7298142320669,291351.9280385971,291883.6578528292,0.04441572640742408,1.9188365785282921
2020-04-14,531.7298142320669,308953.99343824387,309485.72325247596,0.06030507336084545,2.0948572325247596
2020-04-15,531.7298142320669,310257.9967813492,310789.7265955813,0.004213452334411949,2.107897265955813
2020-04-16,531.7298142320669,320359.2781319618,320891.0079461939,0.03250197959006873,2.208910079461939
2020-04-17,531.7298142320669,319455.5275874138,319987.2574016459,-0.002816378527813357,2.199872574016459
2020-04-20,531.7298142320669,319576.932867527,320108.6626817591,0.00037940660856006225,2.201086626817591
2020-04-21,531.7298142320669,304435.75801563263,304967.4878298647,-0.04730010967228093,2.049674878298647
2020-04-22,531.7298142320669,314364.042388916,314895.7722031481,0.03255522234167518,2.148957722031481
2020-04-23,531.7298142320669,313534.50916957855,314066.23898381065,-0.0026343104371763237,2.1406623898381065
2020-04-24,531.7298142320669,318107.8666038513,318639.5964180834,0.014561760758081688,2.186395964180834
2020-04-27,531.7298142320669,323329.1994667053,323860.9292809374,0.01638632775571036,2.2386092928093744
2020-04-28,531.7298142320669,313843.69386196136,314375.42367619346,-0.02928882352621065,2.1437542367619344
2020-04-29,531.7298142320669,319990.44931316376,320522.17912739585,0.01955227727194586,2.2052217912739587
2020-04-30,531.7298142320669,320127.179913044,320658.90972727607,0.00042658701576425706,2.2065890972727606
2020-05-01,443.28041413171013,305807.4188785553,306250.699292687,-0.0449331361066605,2.06250699292687
2020-05-04,443.28041413171013,313801.09311294556,314244.37352707726,0.02610173381759573,2.142443735270773
2020-05-05,443.28041413171013,317101.3528075218,317544.6332216535,0.010502207748492642,2.175446332216535
2020-05-06,443.28041413171013,319516.58191108704,319959.86232521874,0.007605951576197256,2.1995986232521876
2020-05-07,443.28041413171013,319422.0882835388,319865.3686976705,-0.0002953296293526364,2.198653686976705
2020-05-08,443.28041413171013,323590.3474345207,324033.6278486524,0.013031292408905992,2.240336278486524
2020-05-11,443.28041413171013,329596.5883665085,330039.8687806402,0.01853585682407366,2.300398687806402
2020-05-12,443.28041413171013,323516.087228775,323959.3676429067,-0.018423535193485496,2.239593676429067
2020-05-13,443.28041413171013,320154.44132614136,320597.72174027306,-0.010376751649728955,2.205977217402731
2020-05-14,443.28041413171013,325355.11117601395,325798.39159014565,0.016221792911198074,2.2579839159014563
2020-05-15,443.28041413171013,330217.7452259064,330661.0256400381,0.01492528562267914,2.3066102564003805
2020-05-18,443.28041413171013,331929.3873386383,332372.66775277,0.005176425341991253,2.3237266775277
2020-05-19,443.28041413171013,331332.7578487396,331776.0382628713,-0.00179506183204714,2.3177603826287134
2020-05-20,443.28041413171013,334036.9793777466,334480.2597918783,0.008150743927035409,2.344802597918783
2020-05-21,443.28041413171013,329904.9662218094,330348.2466359411,-0.012353533683895801,2.303482466359411
2020-05-22,443.28041413171013,330809.22460079193,331252.50501492363,0.0027372882653107222,2.3125250501492363
2020-05-26,443.28041413171013,325314.57246780396,325757.85288193566,-0.016587503640887014,2.2575785288193564
2020-05-27,443.28041413171013,325217.21197891235,325660.49239304406,-0.0002988738046688644,2.2566049239304404
2020-05-28,443.28041413171013,324472.20051956177,324915.48093369347,-0.002287693707873628,2.2491548093369347
2020-05-29,443.28041413171013,331933.91701221466,332377.19742634636,0.02296509994294671,2.3237719742634635
2020-06-01,420.35472278510224,334843.9949913025,335264.3497140876,0.008686372922381391,2.352643497140876
2020-06-02,420.35472278510224,335704.90646743774,336125.26119022287,0.002567858696784997,2.361252611902229
2020-06-03,420.35472278510224,334402.05757522583,334822.41229801095,-0.0038760814572476043,2.3482241229801097
2020-06-04,420.35472278510224,330129.9280395508,330550.2827623359,-0.012759389391987952,2.305502827623359
2020-06-05,420.35472278510224,334993.03804397583,335413.39276676095,0.014712164103400927,2.3541339276676094
2020-06-08,420.35472278510224,338093.02952957153,338513.38425235666,0.009242300851568519,2.3851338425235666
2020-06-09,420.35472278510224,344738.50915527344,345158.86387805856,0.01963136447434466,2.4515886387805854
2020-06-10,420.35472278510224,352452.4617996216,352872.8165224067,0.022348991874864277,2.528728165224067
2020-06-11,420.35472278510224,335243.76274490356,335664.1174676887,-0.04876742624810626,2.356641174676887
2020-06-12,420.35472278510224,336962.4639015198,337382.8186243049,0.005120300524174004,2.373828186243049
2020-06-15,420.35472278510224,342197.74158096313,342618.09630374826,0.01551732154230745,2.4261809630374827
2020-06-16,420.35472278510224,350944.6816177368,351365.03634052194,0.025529708241152305,2.5136503634052194
2020-06-17,420.35472278510224,353541.7498321533,353962.10455493844,0.007391367796480308,2.5396210455493846
2020-06-18,420.35472278510224,354580.39220428467,355000.7469270698,0.0029343321185111293,2.5500074692706978
2020-06-19,420.35472278510224,355753.0901489258,356173.4448717109,0.0033033675415956587,2.561734448717109
2020-06-22,420.35472278510224,360772.94078445435,361193.29550723947,0.014093837448596602,2.611932955072395
2020-06-23,420.35472278510224,361860.42988967896,362280.7846124641,0.0030108230655205848,2.622807846124641
2020-06-24,420.35472278510224,353727.0584831238,354147.4132059089,-0.02245046315458199,2.541474132059089
2020-06-25,420.35472278510224,358670.9137611389,359091.26848392404,0.013959879681912701,2.5909126848392403
2020-06-26,420.35472278510224,347200.90256500244,347621.25728778756,-0.031941771362368754,2.4762125728778757
2020-06-29,420.35472278510224,351777.6058540344,352197.96057681955,0.013165775087347509,2.5219796057681956
2020-06-30,420.35472278510224,361603.8842201233,362024.2389429084,0.027899872986191232,2.6202423894290843
2020-07-01,726.5741237243637,368522.4617576599,369249.0358813843,0.019956666325912087,2.692490358813843
2020-07-02,726.5741237243637,372731.63142967224,373458.2055533966,0.011399270581614829,2.734582055533966
2020-07-06,726.5741237243637,385585.8618335724,386312.43595729675,0.03441946170349253,2.8631243595729674
2020-07-07,726.5741237243637,383859.9106941223,384586.4848178467,-0.004467759716751285,2.8458648481784667
2020-07-08,726.5741237243637,389608.32401657104,390334.8981402954,0.014946997747909307,2.9033489814029543
2020-07-09,726.5741237243637,393721.386220932,394447.96034465637,0.010537264856299355,2.9444796034465637
2020-07-10,726.5741237243637,402799.9956378937,403526.56976161804,0.02301598773391822,3.0352656976161807
2020-07-13,726.5741237243637,392447.4878425598,393174.0619662842,-0.025655083385090482,2.931740619662842
2020-07-14,726.5741237243637,396802.9035663605,397529.47769008484,0.011077576435279068,2.9752947769008484
2020-07-15,726.5741237243637,396637.2617816925,397363.83590541687,-0.000416677992360337,2.973638359054169
2020-07-16,726.5741237243637,393098.4190597534,393824.9931834778,-0.008905799678210813,2.9382499318347777
2020-07-17,726.5741237243637,391717.2281150818,392443.80223880615,-0.0035071185642810976,2.9244380223880615
2020-07-20,726.5741237243637,405887.54896354675,406614.1230872711,0.036107898169435604,3.066141230872711
2020-07-21,726.5741237243637,399438.3356323242,400164.9097560486,-0.01586077060544777,3.0016490975604855
2020-07-22,726.5741237243637,402351.76808929443,403078.3422130188,0.007280579545933419,3.030783422130188
2020-07-23,726.5741237243637,389639.5025997162,390366.07672344055,-0.03153795220002187,2.9036607672344057
2020-07-24,726.5741237243637,386842.29412841797,387568.86825214233,-0.007165603360765216,2.875688682521423
2020-07-27,726.5741237243637,397870.90546035767,398597.47958408203,0.02845587516272019,2.9859747958408205
2020-07-28,726.5741237243637,391169.3142967224,391895.8884204468,-0.016812929099872975,2.918958884204468
2020-07-29,726.5741237243637,395260.01786994934,395986.5919936737,0.010438240599345727,2.959865919936737
2020-07-30,726.5741237243637,402639.9486274719,403366.5227511963,0.018636819798283577,3.033665227511963
2020-07-31,726.5741237243637,406335.25149154663,407061.825615271,0.00916115407612561,3.0706182561527102
2020-08-03,458.6447032057913,415328.17737197876,415786.82207518455,0.02143408178039241,3.157868220751846
2020-08-04,458.6447032057913,421468.26343536377,421926.90813856956,0.014767389771373596,3.2192690813856952
2020-08-05,458.6447032057913,424414.6625556946,424873.3072589004,0.006983197950871434,3.248733072589004
2020-08-06,458.6447032057913,426767.32651901245,427225.97122221824,0.005537330595080769,3.2722597122221826
2020-08-07,458.6447032057913,424816.9412651062,425275.585968312,-0.004565231014225457,3.25275585968312
2020-08-10,458.6447032057913,422276.5471191406,422735.1918223464,-0.0059735245327599,3.227351918223464
2020-08-11,458.6447032057913,414656.07766342163,415114.7223666274,-0.018026579293927036,3.151147223666274
2020-08-12,458.6447032057913,432972.5616950989,433431.20639830467,0.0441239085119709,3.334312063983047
2020-08-13,458.6447032057913,434597.41620254517,435056.06090575096,0.003748817536578297,3.35056060905751
2020-08-14,458.6447032057913,435152.2539329529,435610.8986361587,0.0012753246771290971,3.356108986361587
2020-08-17,458.6447032057913,444887.1865310669,445345.8312342727,0.022347770977706904,3.453458312342727
2020-08-18,458.6447032057913,447233.8163871765,447692.4610903823,0.0052692305429378195,3.476924610903823
2020-08-19,458.6447032057913,445805.26206970215,446263.90677290794,-0.0031909277944842662,3.4626390677290795
2020-08-20,458.6447032057913,451164.7129898071,451623.3576930129,0.01200959978784999,3.516233576930129
2020-08-21,458.6447032057913,459641.7302131653,460100.3749163711,0.01877010362497744,3.601003749163711
2020-08-24,458.6447032057913,461751.4619522095,462210.10665541526,0.004585372788334929,3.622101066554152
2020-08-25,458.6447032057913,464154.29710388184,464612.9418070876,0.005198577696752249,3.646129418070876
2020-08-26,458.6447032057913,471657.70515823364,472116.34986143943,0.016149804233105636,3.721163498614394
2020-08-27,458.6447032057913,469596.5442352295,470055.1889384353,-0.004365790177800588,3.7005518893843528
2020-08-28,458.6447032057913,473809.01122665405,474267.65592985984,0.008961643420930976,3.742676559298599
2020-08-31,458.6447032057913,487823.2803916931,488281.9250948989,0.0295492829625128,3.882819250948989
2020-09-01,782.3459552611582,492375.3715791702,493157.7175344314,0.009985609110115812,3.931577175344314
2020-09-02,782.3459552611582,492374.6049566269,493156.95091188804,-1.5545179889997485e-06,3.93156950911888
2020-09-03,782.3459552611582,461722.0982475281,462504.4442027892,-0.06215568218681655,3.6250444420278924
2020-09-04,782.3459552611582,456179.71165561676,456962.0576108779,-0.01198342342734593,3.569620576108779
2020-09-08,782.3459552611582,426834.86015987396,427617.2061151351,-0.0642172605077228,3.2761720611513514
2020-09-09,782.3459552611582,444862.14813899994,445644.4940942611,0.04215753651005372,3.4564449409426112
2020-09-10,782.3459552611582,436744.10004615784,437526.446001419,-0.018216421834945873,3.37526446001419
2020-09-11,782.3459552611582,432743.62563991547,433525.9715951766,-0.009143388800386676,3.335259715951766
2020-09-14,782.3459552611582,444311.9304590225,445094.27641428367,0.026684225576015574,3.4509427641428365
2020-09-15,782.3459552611582,453932.21709537506,454714.5630506362,0.0216140425661151,3.5471456305063622
2020-09-16,782.3459552611582,442829.32416152954,443611.6701167907,-0.024417280280968567,3.436116701167907
2020-09-17,782.3459552611582,436480.75176143646,437263.0977166976,-0.014311103218771715,3.372630977166976
2020-09-18,782.3459552611582,431489.2813529968,432271.627308258,-0.011415256477173896,3.3227162730825794
2020-09-21,782.3459552611582,437632.5897769928,438414.93573225394,0.01421168551415275,3.3841493573225394
2020-09-22,782.3459552611582,441965.05800819397,442747.4039634551,0.009882118235695847,3.427474039634551
2020-09-23,782.3459552611582,424491.9679412842,425274.3138965453,-0.039465144031317734,3.252743138965453
2020-09-24,782.3459552611582,427747.9676141739,428530.31356943503,0.007656234027060949,3.2853031356943507
2020-09-25,782.3459552611582,440981.0320892334,441763.37804449454,0.03088011292558268,3.4176337804449455
2020-09-28,782.3459552611582,450132.93675899506,450915.2827142562,0.020716757261032726,3.509152827142562
2020-09-29,782.3459552611582,451565.3791465759,452347.7251018371,0.0031767439306078504,3.523477251018371
2020-09-30,782.3459552611582,454840.9956150055,455623.34157026664,0.0072413682807670465,3.5562334157026667
2020-10-01,231.9346561121274,463448.50850868225,463680.44316479436,0.01768368926569841,3.6368044316479438
2020-10-02,231.9346561121274,450530.1066093445,450762.0412654566,-0.027860570981093735,3.507620412654566
2020-10-05,231.9346561121274,462794.62912368774,463026.56377979985,0.027208419058339928,3.630265637797999
2020-10-06,231.9346561121274,457741.72744369507,457973.6620998072,-0.01091276845705047,3.579736620998072
2020-10-07,231.9346561121274,468559.8923072815,468791.8269633936,0.023621805703815335,3.6879182696339363
2020-10-08,231.9346561121274,468983.3073425293,469215.2419986414,0.0009032048147905591,3.6921524199864137
2020-10-09,231.9346561121274,472200.4680118561,472432.4026679682,0.006856470935648007,3.7243240266796818
2020-10-12,231.9346561121274,479673.46872520447,479905.4033813166,0.01581813751797312,3.7990540338131655
2020-10-13,231.9346561121274,479859.4668903351,480091.4015464472,0.0003875725587170198,3.800914015464472
2020-10-14,231.9346561121274,478874.20583724976,479106.14049336186,-0.002052236407300012,3.791061404933618
2020-10-15,231.9346561121274,476183.4015007019,476415.336156814,-0.00561630108471789,3.76415336156814
2020-10-16,231.9346561121274,474383.33714675903,474615.27180287114,-0.003778350983542622,3.7461527180287115
2020-10-19,231.9346561121274,467742.5270500183,467974.4617061304,-0.013991985701418685,3.6797446170613037
2020-10-20,231.9346561121274,469845.00918388367,470076.9438399958,0.004492728355731668,3.7007694383999574
2020-10-21,231.9346561121274,466149.5931110382,466381.5277671503,-0.007861300413200656,3.663815277671503
2020-10-22,231.9346561121274,464242.7791919708,464474.71384808293,-0.004088527965926181,3.644747138480829
2020-10-23,231.9346561121274,465799.13355636597,466031.0682124781,0.0033507838381579003,3.6603106821247806
2020-10-26,231.9346561121274,457778.84510040283,458010.77975651494,-0.01720977205817198,3.580107797565149
2020-10-27,231.9346561121274,458678.4657878876,458910.4004439997,0.0019641910785659356,3.5891040044399967
2020-10-28,231.9346561121274,437864.3619823456,438096.2966384577,-0.04535548504763498,3.380962966384577
2020-10-29,231.9346561121274,446502.390789032,446734.3254451441,0.01971719202596911,3.467343254451441
2020-10-30,231.9346561121274,432735.4284439087,432967.3631000208,-0.030816889504528988,3.329673631000208
2020-11-02,456.37321894387696,435997.93168735504,436454.30490629893,0.008053590416866152,3.3645430490629895
2020-11-03,456.37321894387696,448614.65670490265,449071.02992384654,0.028907321741863168,3.490710299238465
2020-11-04,456.37321894387696,454922.8085603714,455379.1817793153,0.01404711378629453,3.5537918177931527
2020-11-05,456.37321894387696,470253.2470035553,470709.6202224992,0.03366521583899118,3.7070962022249923
2020-11-06,456.37321894387696,472518.70545482635,472975.07867377024,0.004812857766111067,3.7297507867377027
2020-11-09,456.37321894387696,464365.3239221573,464821.6971411012,-0.017238501350919533,3.6482169714110118
2020-11-10,456.37321894387696,458135.3155851364,458591.6888040803,-0.013403006734278411,3.5859168880408028
2020-11-11,456.37321894387696,466252.6775407791,466709.050759723,0.017700630329370304,3.66709050759723
2020-11-12,456.37321894387696,461907.70067977905,462364.07389872294,-0.009309819155911336,3.6236407389872296
2020-11-13,456.37321894387696,465932.5029859543,466388.8762048982,0.008704833557325209,3.663888762048982
2020-11-16,456.37321894387696,472660.06717681885,473116.44039576274,0.014424795560323167,3.731164403957627
2020-11-17,456.37321894387696,477484.6719818115,477941.0452007554,0.010197499797210297,3.7794104520075544
2020-11-18,456.37321894387696,476375.9982595444,476832.37147848826,-0.0023196871944770603,3.7683237147848825
2020-11-19,456.37321894387696,479242.2673664093,479698.6405853532,0.006011062331984007,3.7969864058535316
2020-11-20,456.37321894387696,475136.3209438324,475592.6941627763,-0.008559428931394497,3.755926941627763
2020-11-23,456.37321894387696,482214.00593948364,482670.37915842753,0.014881820268729529,3.8267037915842756
2020-11-24,456.37321894387696,490992.2941389084,491448.6673578523,0.018186921299646164,3.914486673578523
2020-11-25,456.37321894387696,490866.1933956146,491322.5666145585,-0.0002565898570275893,3.9132256661455855
2020-11-27,456.37321894387696,491332.99754714966,491789.37076609355,0.0009500971118658885,3.9178937076609355
2020-11-30,456.37321894387696,491116.99461841583,491573.3678373597,-0.0004392183759428514,3.9157336783735976
2020-12-01,461.66297481245056,492299.93785476685,492761.6008295793,0.002417203758305897,3.927616008295793
2020-12-02,461.66297481245056,494087.26791381836,494548.9308886308,0.0036271699256649192,3.945489308886308
2020-12-03,461.66297481245056,496220.93185424805,496682.5948290605,0.0043143636699320975,3.966825948290605
2020-12-04,461.66297481245056,506907.57667922974,507369.2396540422,0.021516044524692246,4.073692396540422
2020-12-07,461.66297481245056,510353.2725906372,510814.93556544965,0.00679129841169912,4.108149355654496
2020-12-08,461.66297481245056,511285.37896728516,511747.0419420976,0.001824743780477256,4.117470419420976
2020-12-09,461.66297481245056,507574.72845077515,508036.3914255876,-0.007250946683400428,4.080363914255876
2020-12-10,461.66297481245056,507021.79121780396,507483.4541926164,-0.0010883811520265851,4.074834541926164
2020-12-11,461.66297481245056,501582.07275009155,502043.735724904,-0.010719006546463183,4.0204373572490395
2020-12-14,461.66297481245056,502468.0563392639,502929.71931407636,0.00176475379758112,4.0292971931407635
2020-12-15,461.66297481245056,510466.1825942993,510927.84556911176,0.015903069450625695,4.1092784556911175
2020-12-16,461.66297481245056,508998.80948638916,509460.4724612016,-0.002871977169840223,4.094604724612016
2020-12-17,461.66297481245056,514312.23850631714,514773.9014811296,0.010429521635425099,4.147739014811296
2020-12-18,461.66297481245056,516310.08625793457,516771.749232747,0.0038810198921683803,4.16771749232747
2020-12-21,461.66297481245056,514452.0398712158,514913.70284602826,-0.0035954875425705524,4.149137028460283
2020-12-22,461.66297481245056,510618.6831855774,511080.34616038983,-0.007444658521322589,4.110803461603898
2020-12-23,461.66297481245056,512136.0860977173,512597.7490725297,0.002969010496176816,4.1259774907252975
2020-12-24,461.66297481245056,513846.47465133667,514308.1376261491,0.0033367071094518863,4.143081376261491
2020-12-28,461.66297481245056,513343.69312286377,513805.3560976762,-0.000977588126047424,4.138053560976762
2020-12-29,461.66297481245056,510581.61307144165,511043.2760462541,-0.0053757323053227335,4.110432760462541
2020-12-30,461.66297481245056,516487.834148407,516949.4971232194,0.011557183811632399,4.1694949712321945
2020-12-31,461.66297481245056,520796.7905845642,521258.45355937665,0.008335352795846074,4.212584535593766
2021-01-04,485.50386382664874,515373.79819488525,515859.3020587119,-0.010357916430509762,4.158593020587118
2021-01-05,485.50386382664874,521931.1700286865,522416.67389251315,0.012711551013293354,4.224166738925131
2021-01-06,485.50386382664874,536986.1499633789,537471.6538272055,0.02881795449314062,4.374716538272056
2021-01-07,485.50386382664874,549004.0442581177,549489.5481219443,0.02236005231003757,4.494895481219443
2021-01-08,485.50386382664874,553264.4426498413,553749.9465136679,0.007753374757144993,4.53749946513668
2021-01-11,485.50386382664874,552018.5070037842,552504.0108676108,-0.0022499968693475703,4.525040108676108
2021-01-12,485.50386382664874,557314.2393035889,557799.7431674155,0.009584966254794436,4.577997431674155
2021-01-13,485.50386382664874,554784.1474990845,555269.6513629111,-0.004535842541155577,4.552696513629111
2021-01-14,485.50386382664874,557222.4879379272,557707.9918017539,0.004391272659793,4.577079918017539
2021-01-15,485.50386382664874,546197.2630233765,546682.7668872031,-0.019768812849412898,4.466827668872031
2021-01-19,485.50386382664874,549805.4638748169,550290.9677386435,0.006600173025364198,4.502909677386435
2021-01-20,485.50386382664874,548467.1595840454,548952.663447872,-0.002431993925452014,4.489526634478721
2021-01-21,485.50386382664874,545888.7066879272,546374.2105517539,-0.004697040506049022,4.463742105517539
2021-01-22,485.50386382664874,544869.8206100464,545355.324473873,-0.0018648136354239009,4.45355324473873
2021-01-25,485.50386382664874,543223.6441879272,543709.1480517539,-0.0030185391949868468,4.437091480517538
2021-01-26,485.50386382664874,542278.8967666626,542764.4006304892,-0.0017375970675680419,4.4276440063048925
2021-01-27,485.50386382664874,525565.6405334473,526051.1443972739,-0.03079283794921106,4.260511443972739
2021-01-28,485.50386382664874,528702.4628677368,529187.9667315634,0.0059629607647437854,4.2918796673156345
2021-01-29,485.50386382664874,516508.18285369873,516993.68671752536,-0.023043381143667885,4.169936867175253
2021-02-01,487.7570663299193,525759.0971679688,526246.8542342987,0.017898028069787797,4.262468542342987
2021-02-02,487.7570663299193,540191.5659103394,540679.3229766693,0.02742528269051636,4.406793229766693
2021-02-03,487.7570663299193,539165.1543273926,539652.9113937225,-0.0018983740256534043,4.396529113937225
2021-02-04,487.7570663299193,543053.6100158691,543541.3670821991,0.00720547523487669,4.4354136708219905
2021-02-05,487.7570663299193,544523.1602020264,545010.9172683563,0.002703658406067566,4.450109172683563
2021-02-08,487.7570663299193,556709.0839996338,557196.8410659637,0.02235904531726507,4.571968410659637
2021-02-09,487.7570663299193,552820.1340255737,553307.8910919037,-0.006979490347827855,4.533078910919037
2021-02-10,487.7570663299193,551167.18409729,551654.94116362,-0.0029873962668809373,4.5165494116362
2021-02-11,487.7570663299193,550462.3518600464,550950.1089263763,-0.0012776686741116094,4.509501089263764
2021-02-12,487.7570663299193,557042.0732650757,557529.8303314056,0.011942499508442062,4.575298303314057
2021-02-16,487.7570663299193,561602.6760101318,562090.4330764618,0.008180015663637574,4.620904330764618
2021-02-17,487.7570663299193,560690.5121917725,561178.2692581024,-0.001622806161931778,4.611782692581024
2021-02-18,487.7570663299193,554444.91771698,554932.6747833099,-0.01112943037343439,4.549326747833099
2021-02-19,487.7570663299193,560615.9274215698,561103.6844878998,0.011120285369751404,4.611036844878997
2021-02-22,487.7570663299193,562084.4690856934,562572.2261520233,0.0026172376063862135,4.625722261520233
2021-02-23,487.7570663299193,564290.1245574951,564777.8816238251,0.003920661862190311,4.647778816238251
2021-02-24,487.7570663299193,579630.2228317261,580117.979898056,0.02716129433065917,4.80117979898056
2021-02-25,487.7570663299193,563803.816444397,564291.5735107269,-0.027281358164610414,4.642915735107269
2021-02-26,487.7570663299193,557559.792678833,558047.549745163,-0.011065243676627867,4.580475497451629
2021-03-01,249.49568739006372,576353.524898529,576603.0205859191,0.033250698527804046,4.766030205859192
2021-03-02,249.49568739006372,573853.3917655945,574102.8874529846,-0.004335969538269202,4.741028874529846
2021-03-03,249.49568739006372,580597.0386619568,580846.5343493469,0.011746408254939444,4.808465343493469
2021-03-04,249.49568739006372,581269.3231468201,581518.8188342102,0.00115742187498169,4.815188188342102
2021-03-05,249.49568739006372,591309.0108413696,591558.5065287597,0.017264596380004438,4.915585065287598
2021-03-08,249.49568739006372,600614.9642372131,600864.4599246032,0.015731247701010087,5.008644599246033
2021-03-09,249.49568739006372,591708.7592926025,591958.2549799926,-0.014822319405824347,4.919582549799927
2021-03-10,249.49568739006372,599642.9007949829,599892.396482373,0.013403211181924446,4.99892396482373
2021-03-11,249.49568739006372,595011.7837638855,595261.2794512756,-0.007719912868129675,4.952612794512756
2021-03-12,249.49568739006372,603489.9226036072,603739.4182909973,0.014242718504279273,5.037394182909972
2021-03-15,249.49568739006372,597757.1148910522,598006.6105784423,-0.00949550010960487,4.980066105784424
2021-03-16,249.49568739006372,589845.7126808167,590095.2083682067,-0.013229623335740404,4.900952083682068
2021-03-17,249.49568739006372,596054.0238113403,596303.5194987304,0.010520863485218968,4.963035194987304
2021-03-18,249.49568739006372,588817.3160133362,589066.8117007263,-0.012135946814614718,4.890668117007262
2021-03-19,249.49568739006372,582838.2427711487,583087.7384585388,-0.010150076567588262,4.830877384585388
2021-03-22,249.49568739006372,577986.4647941589,578235.960481549,-0.008320836911810181,4.782359604815491
2021-03-23,249.49568739006372,565604.9302406311,565854.4259280212,-0.02141259866165468,4.658544259280212
2021-03-24,249.49568739006372,566357.246383667,566606.7420710571,0.0013295224152432006,4.666067420710571
2021-03-25,249.49568739006372,573265.0443305969,573514.540017987,0.012191520915689313,4.73514540017987
2021-03-26,249.49568739006372,580719.6650772095,580969.1607645996,0.01299813732077082,4.809691607645996
2021-03-29,249.49568739006372,575728.7407569885,575978.2364443786,-0.008590687178046563,4.759782364443786
2021-03-30,249.49568739006372,580578.3928871155,580827.8885745056,0.008419853083451168,4.808278885745056
2021-03-31,249.49568739006372,574934.6387901306,575184.1344775207,-0.009716740893478848,4.751841344775207
2021-04-01,141.2104748446443,581768.3263778687,581909.5368527133,0.011692607587832304,4.819095368527133
2021-04-05,141.2104748446443,580041.1760101318,580182.3864849765,-0.002968073658112247,4.801823864849765
2021-04-06,141.2104748446443,579169.0051422119,579310.2156170566,-0.0015032701582065044,4.793102156170566
2021-04-07,141.2104748446443,580460.9553375244,580602.1658123691,0.0022301526202785915,4.806021658123691
2021-04-08,141.2104748446443,579663.0541381836,579804.2646130283,-0.001374264937893277,4.798042646130282
2021-04-09,141.2104748446443,581590.0485992432,581731.2590740878,0.0033235258494446196,4.817312590740879
2021-04-12,141.2104748446443,579362.5313644409,579503.7418392856,-0.003829117311570429,4.795037418392856
2021-04-13,141.2104748446443,575782.7834701538,575923.9939449985,-0.006177264503806956,4.7592399394499845
2021-04-14,141.2104748446443,584136.4881820679,584277.6986569125,0.014504873559256337,4.842776986569126
2021-04-15,141.2104748446443,581469.4012527466,581610.6117275913,-0.004564759078520608,4.816106117275913
2021-04-16,141.2104748446443,580879.9110336304,581021.121508475,-0.0010135479085658927,4.810211215084751
2021-04-19,141.2104748446443,581758.9939804077,581900.2044552524,0.001512996540461442,4.819002044552524
2021-04-20,141.2104748446443,566021.0720062256,566162.2824810703,-0.027045740581781108,4.661622824810703
2021-04-21,141.2104748446443,575129.081954956,575270.2924298007,0.016087277854004656,4.752702924298007
2021-04-22,141.2104748446443,568435.0051498413,568576.215624686,-0.011636402736599827,4.685762156246859
2021-04-23,141.2104748446443,576757.9323577881,576899.1428326328,0.014638190939454843,4.768991428326328
2021-04-26,141.2104748446443,578963.4106369019,579104.6211117465,0.0038229876166648857,4.791046211117465
2021-04-27,141.2104748446443,582607.7934875488,582749.0039623935,0.006293133775466364,4.827490039623935
2021-04-28,141.2104748446443,587949.6719818115,588090.8824566562,0.009166688330551676,4.880908824566562
2021-04-29,141.2104748446443,593560.2698516846,593701.4803265292,0.009540358535122362,4.937014803265292
2021-04-30,141.2104748446443,583735.6941947937,583876.9046696384,-0.01654800599703321,4.838769046696384
2021-05-03,488.9407180298949,589759.2163696289,590248.1570876588,0.010911978821332768,4.902481570876588
2021-05-04,488.9407180298949,590021.6452178955,590510.5859359254,0.00044460765377296596,4.905105859359254
2021-05-05,488.9407180298949,601260.2934913635,601749.2342093934,0.019032086030524642,5.0174923420939335
2021-05-06,488.9407180298949,607988.4399414062,608477.3806594361,0.011180980494113202,5.084773806594361
2021-05-07,488.9407180298949,614422.2634887695,614911.2042067994,0.010573644562416717,5.149112042067994
2021-05-10,488.9407180298949,611084.6469612122,611573.587679242,-0.005427802428584316,5.11573587679242
2021-05-11,488.9407180298949,599556.9621734619,600045.9028914918,-0.01884921948885121,5.000459028914918
2021-05-12,488.9407180298949,593472.3805885315,593961.3213065614,-0.010140193534544872,4.939613213065614
2021-05-13,488.9407180298949,598049.4788589478,598538.4195769776,0.007706054428507025,4.985384195769776
2021-05-14,488.9407180298949,611562.3449516296,612051.2856696595,0.022576438956470435,5.120512856696595
2021-05-17,488.9407180298949,616938.8884849548,617427.8292029847,0.008784465712611933,5.174278292029847
2021-05-18,488.9407180298949,606727.2811012268,607216.2218192567,-0.016538949008679804,5.072162218192567
2021-05-19,488.9407180298949,600042.1304550171,600531.071173047,-0.011009506014481252,5.00531071173047
2021-05-20,488.9407180298949,600818.1613273621,601307.1020453919,0.0012922410006681595,5.0130710204539195
2021-05-21,488.9407180298949,605538.542755127,606027.4834731568,0.007850200690642462,5.060274834731568
2021-05-24,488.9407180298949,611466.603969574,611955.5446876038,0.009781835603351219,5.1195554468760385
2021-05-25,488.9407180298949,604198.3859062195,604687.3266242493,-0.011877036046899159,5.0468732662424935
2021-05-26,488.9407180298949,608828.0130882263,609316.9538062562,0.007656233193859663,5.093169538062562
2021-05-27,488.9407180298949,614433.9482841492,614922.889002179,0.00920035978139766,5.14922889002179
2021-05-28,488.9407180298949,614513.0439834595,615001.9847014893,0.00012862702092397704,5.150019847014893
2021-06-01,763.0774873710111,625260.6625175476,626023.7400049187,0.017921495503431695,5.260237400049187
2021-06-02,763.0774873710111,626323.7163925171,627086.7938798881,0.0016981047315571818,5.270867938798881
2021-06-03,763.0774873710111,629680.6043243408,630443.6818117119,0.005353147227123323,5.304436818117119
2021-06-04,763.0774873710111,631087.4192085266,631850.4966958977,0.0022314679721160413,5.318504966958977
2021-06-07,763.0774873710111,628466.6103782654,629229.6878656364,-0.004147830608610903,5.292296878656364
2021-06-08,763.0774873710111,628024.5957946777,628787.6732820488,-0.0007024693718552522,5.287876732820488
2021-06-09,763.0774873710111,621685.2146530151,622448.2921403862,-0.01008191065288111,5.224482921403862
2021-06-10,763.0774873710111,613996.8827171326,614759.9602045036,-0.012351760030451686,5.1475996020450365
2021-06-11,763.0774873710111,613416.3220901489,614179.39957752,-0.0009443696150779335,5.1417939957752
2021-06-14,763.0774873710111,607763.9088897705,608526.9863771416,-0.009203195685603571,5.0852698637714155
2021-06-15,763.0774873710111,609163.8210639954,609926.8985513664,0.0023004931672121476,5.099268985513664
2021-06-16,763.0774873710111,604245.5911140442,605008.6686014152,-0.00806363838294788,5.0500866860141524
2021-06-17,763.0774873710111,589746.1353111267,590509.2127984978,-0.023965699262517237,4.905092127984978
2021-06-18,763.0774873710111,577238.1692237854,578001.2467111564,-0.02118166121077858,4.780012467111565
2021-06-21,763.0774873710111,591833.5573425293,592596.6348299003,0.025251482071694697,4.925966348299004
2021-06-22,763.0774873710111,593670.5086631775,594433.5861505485,0.003099834208770913,4.944335861505485
2021-06-23,763.0774873710111,593999.6651878357,594762.7426752067,0.0005537313710515246,4.947627426752067
2021-06-24,763.0774873710111,600941.7726974487,601704.8501848198,0.01167206183492242,5.017048501848198
2021-06-25,763.0774873710111,604391.9769325256,605155.0544198967,0.005734047571690937,5.0515505441989665
2021-06-28,763.0774873710111,600391.7882804871,601154.8657678581,-0.0066101879556689225,5.011548657678581
2021-06-29,763.0774873710111,602020.3369445801,602783.4144319511,0.002709033490085666,5.027834144319511
2021-06-30,763.0774873710111,607912.760635376,608675.838122747,0.009775358030294834,5.086758381227471
2021-07-01,294.8950560352823,611020.365447998,611315.2605040333,0.004336335066998265,5.113152605040333
2021-07-02,294.8950560352823,615945.2946567535,616240.1897127888,0.008056283765425443,5.1624018971278876
2021-07-06,294.8950560352823,611452.3855876923,611747.2806437275,-0.007290840720978076,5.117472806437275
2021-07-07,294.8950560352823,609109.2144241333,609404.1094801686,-0.0038302927331255177,5.094041094801685
2021-07-08,294.8950560352823,602859.2490406036,603154.1440966389,-0.010255863533413012,5.031541440966389
2021-07-09,294.8950560352823,609596.0734901428,609890.9685461781,0.011169324650217138,5.098909685461781
2021-07-12,294.8950560352823,614531.9772415161,614826.8722975514,0.008093092054042295,5.148268722975514
2021-07-13,294.8950560352823,613830.3640575409,614125.2591135761,-0.001141155690468354,5.141252591135761
2021-07-14,294.8950560352823,609488.3750286102,609783.2700846455,-0.007070201012734478,5.097832700846455
2021-07-15,294.8950560352823,602586.8297996521,602881.7248556874,-0.011318029810821306,5.028817248556874
2021-07-16,294.8950560352823,594330.0127391815,594624.9077952168,-0.0136955835946877,4.946249077952167
2021-07-19,294.8950560352823,586900.0259437561,587194.9209997914,-0.012495249859234336,4.871949209997913
2021-07-20,294.8950560352823,594414.8312797546,594709.7263357899,0.012797803705800748,4.947097263357899
2021-07-21,294.8950560352823,607601.2001838684,607896.0952399037,0.022172781644852924,5.078960952399036
2021-07-22,294.8950560352823,610849.830904007,611144.7259600422,0.005344055909516143,5.111447259600422
2021-07-23,294.8950560352823,617350.6802024841,617645.5752585194,0.010637168288190724,5.176455752585194
2021-07-26,294.8950560352823,621123.017786026,621417.9128420613,0.0061076088531242245,5.2141791284206125
2021-07-27,294.8950560352823,616894.0856208801,617188.9806769154,-0.006805294919492777,5.171889806769154
2021-07-28,294.8950560352823,622188.7481098175,622483.6431658528,0.00857867307211202,5.224836431658527
2021-07-29,294.8950560352823,621954.169790268,622249.0648463032,-0.00037684254377601256,5.222490648463032
2021-07-30,294.8950560352823,616788.2585659027,617083.153621938,-0.008301999177196429,5.17083153621938
2021-08-02,766.1933513678377,616588.4033966064,617354.5967479743,0.0004398809535524073,5.173545967479743
2021-08-03,766.1933513678377,624976.5762443542,625742.7695957221,0.013587284992991,5.257427695957221
2021-08-04,766.1933513678377,633035.2872848511,633801.4806362189,0.012878632294390568,5.338014806362189
2021-08-05,766.1933513678377,634763.4479141235,635529.6412654914,0.002726659185992686,5.355296412654914
2021-08-06,766.1933513678377,633441.7930221558,634207.9863735236,-0.0020796117224934907,5.342079863735236
2021-08-09,766.1933513678377,632790.0513877869,633556.2447391547,-0.001027646526647552,5.335562447391547
2021-08-10,766.1933513678377,631702.8352050781,632469.028556446,-0.0017160531393015654,5.32469028556446
2021-08-11,766.1933513678377,631017.110080719,631783.3034320868,-0.0010842034841204162,5.317833034320868
2021-08-12,766.1933513678377,633548.5090332031,634314.702384571,0.00400675190169264,5.3431470238457095
2021-08-13,766.1933513678377,638196.7105827332,638962.903934101,0.007327910786327552,5.38962903934101
2021-08-16,766.1933513678377,639316.9239082336,640083.1172596015,0.0017531742744427703,5.400831172596015
2021-08-17,766.1933513678377,635278.6920928955,636044.8854442633,-0.006308917867771768,5.360448854442634
2021-08-18,766.1933513678377,624632.5897483826,625398.7830997504,-0.01673797335399818,5.253987830997504
2021-08-19,766.1933513678377,627149.2433166504,627915.4366680182,0.004024078134265308,5.279154366680182
2021-08-20,766.1933513678377,635926.4622612,636692.6556125678,0.01397834554143973,5.366926556125678
2021-08-23,766.1933513678377,645748.055027008,646514.2483783759,0.015425955803367364,5.465142483783759
2021-08-24,766.1933513678377,644204.243434906,644970.4367862738,-0.0023879003378105557,5.449704367862738
2021-08-25,766.1933513678377,648131.6035346985,648897.7968860663,0.006089209482781133,5.488977968860663
2021-08-26,766.1933513678377,643824.076675415,644590.2700267829,-0.0066382208106645635,5.445902700267829
2021-08-27,766.1933513678377,653074.4450492859,653840.6384006537,0.014350772582227389,5.538406384006537
2021-08-30,766.1933513678377,655874.2078285217,656640.4011798896,0.004282026253498605,5.5664040117988955
2021-08-31,766.1933513678377,651891.6158905029,652657.8092418708,-0.006065103412556727,5.526578092418708
2021-09-01,917.9836761502447,652617.3726978302,653535.3563739804,0.0013445746295888128,5.535353563739804
2021-09-02,917.9836761502447,650498.6489963531,651416.6326725034,-0.00324194197117722,5.514166326725033
2021-09-03,917.9836761502447,654166.0533485413,655084.0370246915,0.005629890561962281,5.550840370246915
2021-09-07,917.9836761502447,651287.6031570435,652205.5868331937,-0.004394016689173719,5.522055868331937
2021-09-08,917.9836761502447,647738.9076213837,648656.8912975339,-0.00544106890112761,5.486568912975339
2021-09-09,917.9836761502447,642441.3895397186,643359.3732158688,-0.008166903262321279,5.4335937321586885
2021-09-10,917.9836761502447,640132.1087970734,641050.0924732236,-0.003589410271746196,5.4105009247322355
2021-09-13,917.9836761502447,635746.7430286407,636664.726704791,-0.0068409096573304184,5.3666472670479095
2021-09-14,917.9836761502447,636149.4800834656,637067.4637596158,0.0006325732177896448,5.370674637596158
2021-09-15,917.9836761502447,641070.8475151062,641988.8311912564,0.0077250333937908255,5.4198883119125645
2021-09-16,917.9836761502447,641399.0256004333,642317.0092765836,0.0005111897113820874,5.423170092765836
2021-09-17,917.9836761502447,632068.3104724884,632986.2941486386,-0.01452665116007712,5.329862941486386
2021-09-20,917.9836761502447,621452.0440635681,622370.0277397183,-0.016771716081465993,5.2237002773971835
2021-09-21,917.9836761502447,623082.6745204926,624000.6581966428,0.0026200337166724097,5.240006581966427
2021-09-22,917.9836761502447,623566.52784729,624484.5115234402,0.0007754051545327822,5.244845115234402
2021-09-23,917.9836761502447,634957.7738819122,635875.7575580624,0.018241038527653908,5.358757575580625
2021-09-24,917.9836761502447,637555.9334125519,638473.9170887021,0.004085954684948767,5.384739170887021
2021-09-27,917.9836761502447,629613.0496082306,630531.0332843808,-0.012440420182768142,5.305310332843808
2021-09-28,917.9836761502447,606673.7870941162,607591.7707702664,-0.03638086200868773,5.075917707702664
2021-09-29,917.9836761502447,606895.7233924866,607813.7070686368,0.0003652720610238802,5.078137070686368
2021-09-30,917.9836761502447,607307.1632823944,608225.1469585446,0.000676917754770745,5.082251469585446
2021-10-01,530.2860374351949,612122.4952430725,612652.7812805077,0.00727959760313035,5.126527812805077
2021-10-04,530.2860374351949,604499.6712150574,605029.9572524925,-0.012442323385984833,5.050299572524925
2021-10-05,530.2860374351949,614704.2409629822,615234.5270004174,0.016866222284702914,5.152345270004173
2021-10-06,530.2860374351949,619388.9877700806,619919.2738075157,0.0076145707067822865,5.1991927380751575
2021-10-07,530.2860374351949,624625.9574947357,625156.2435321709,0.00844782529907473,5.251562435321709
2021-10-08,530.2860374351949,626827.1734313965,627357.4594688317,0.0035210652687778232,5.273574594688316
2021-10-11,530.2860374351949,624969.632352829,625499.9183902642,-0.0029608974126811294,5.254999183902641
2021-10-12,530.2860374351949,625077.6349620819,625607.9209995171,0.00017266606449894972,5.256079209995171
2021-10-13,530.2860374351949,630894.2307376862,631424.5167751213,0.009297509798647186,5.3142451677512135
2021-10-14,530.2860374351949,639702.7997989655,640233.0858364006,0.013950312075728943,5.402330858364007
2021-10-15,530.2860374351949,643047.4316501617,643577.7176875969,0.00522408467351676,5.435777176875969
2021-10-18,530.2860374351949,653464.051158905,653994.3371963402,0.016185488127480108,5.539943371963402
2021-10-19,530.2860374351949,655821.8378124237,656352.1238498589,0.0036052095857992406,5.563521238498589
2021-10-20,530.2860374351949,655013.766040802,655544.0520782372,-0.0012311558723722138,5.555440520782372
2021-10-21,530.2860374351949,663364.023393631,663894.3094310662,0.01273790422833776,5.638943094310662
2021-10-22,530.2860374351949,668183.9672031403,668714.2532405754,0.007260107130063753,5.687142532405755
2021-10-25,530.2860374351949,682149.3912277222,682679.6772651573,0.020883993360251818,5.826796772651574
2021-10-26,530.2860374351949,686612.6661338806,687142.9521713158,0.006537875748753086,5.871429521713158
2021-10-27,530.2860374351949,687894.2125530243,688424.4985904595,0.0018650361108909497,5.884244985904594
2021-10-28,530.2860374351949,695333.4285984039,695863.7146358391,0.010806146586316068,5.958637146358391
2021-10-29,530.2860374351949,703190.9003391266,703721.1863765618,0.011291681942109388,6.037211863765617
2021-11-01,735.7524606017769,710907.2976264954,711643.0500870971,0.011257105603605266,6.116430500870971
2021-11-02,735.7524606017769,711836.7228374481,712572.4752980499,0.0013060272433476072,6.125724752980498
2021-11-03,735.7524606017769,718625.9141235352,719361.6665841369,0.009527720367317416,6.193616665841369
2021-11-04,735.7524606017769,732223.5881347656,732959.3405953674,0.018902416743720174,6.329593405953673
2021-11-05,735.7524606017769,720048.0768966675,720783.8293572692,-0.016611441540820282,6.207838293572692
2021-11-08,735.7524606017769,731493.0140857697,732228.7665463714,0.015878459980585014,6.322287665463714
2021-11-09,735.7524606017769,720913.8917503357,721649.6442109374,-0.014447837641412886,6.216496442109374
2021-11-10,735.7524606017769,710525.4758205414,711261.2282811431,-0.014395373174683868,6.1126122828114315
2021-11-11,735.7524606017769,718652.6551380157,719388.4075986175,0.011426433769087474,6.193884075986175
2021-11-12,735.7524606017769,722110.422624588,722846.1750851898,0.004806537678462952,6.228461750851897
2021-11-15,735.7524606017769,718357.0434169769,719092.7958775787,-0.005192500613520945,6.190927958775787
2021-11-16,735.7524606017769,727945.369840622,728681.1223012237,0.013333920849455172,6.286811223012237
2021-11-17,735.7524606017769,724270.6454105377,725006.3978711395,-0.005042980142643483,6.2500639787113945
2021-11-18,735.7524606017769,732552.799495697,733288.5519562988,0.011423559998199329,6.332885519562987
2021-11-19,735.7524606017769,731991.2779884338,732727.0304490356,-0.0007657579076683074,6.327270304490356
2021-11-22,735.7524606017769,728912.9609832764,729648.7134438781,-0.004201178443316023,6.296487134438781
2021-11-23,735.7524606017769,726198.359375,726934.1118356017,-0.0037204226612881364,6.269341118356017
2021-11-24,735.7524606017769,734404.3867530823,735140.139213684,0.011288543548136687,6.35140139213684
2021-11-26,735.7524606017769,717438.183713913,718173.9361745147,-0.02307886909469614,6.181739361745147
2021-11-29,735.7524606017769,732169.6157798767,732905.3682404784,0.02051234572008198,6.329053682404784
2021-11-30,735.7524606017769,716964.834903717,717700.5873643188,-0.020745899177492033,6.177005873643187
2021-12-01,824.8234853966233,691354.0547180176,692178.8782034141,-0.035560384943574386,5.921788782034142
2021-12-02,824.8234853966233,695240.2582855225,696065.081770919,0.005614449804639765,5.96065081770919
2021-12-03,824.8234853966233,683147.9213294983,683972.7448148949,-0.017372422885025385,5.839727448148949
2021-12-06,824.8234853966233,681830.0341148376,682654.8576002342,-0.001926812471185979,5.8265485760023425
2021-12-07,824.8234853966233,703578.9511489868,704403.7746343834,0.03185931630312289,6.044037746343834
2021-12-08,824.8234853966233,703333.6378097534,704158.46129515,-0.0003482567073986864,6.0415846129515
2021-12-09,824.8234853966233,691757.733089447,692582.5565748436,-0.0164393461934903,5.925825565748436
2021-12-10,824.8234853966233,703524.6219367981,704349.4454221947,0.016989871800329626,6.043494454221947
2021-12-13,824.8234853966233,688463.804813385,689288.6282987816,-0.021382592435187475,5.892886282987816
2021-12-14,824.8234853966233,680827.1413497925,681651.964835189,-0.011079050415267133,5.816519648351891
2021-12-15,824.8234853966233,705576.5688323975,706401.392317794,0.03630801165311537,6.06401392317794
2021-12-16,824.8234853966233,681186.0720329285,682010.895518325,-0.0345278152969668,5.82010895518325
2021-12-17,824.8234853966233,673380.9463729858,674205.7698583824,-0.011444282945085149,5.7420576985838245
2021-12-20,824.8234853966233,668269.7273864746,669094.5508718712,-0.007581096476799387,5.690945508718712
2021-12-21,824.8234853966233,681383.4974060059,682208.3208914024,0.019599277863559417,5.822083208914024
2021-12-22,824.8234853966233,692333.7203865051,693158.5438719017,0.016051142510532967,5.931585438719017
2021-12-23,824.8234853966233,699027.4184303284,699852.2419157249,0.009656806661334727,5.99852241915725
2021-12-27,824.8234853966233,717360.7613334656,718185.5848188621,0.026196019395398062,6.181855848188621
2021-12-28,824.8234853966233,713654.6652183533,714479.4887037498,-0.0051603599312662896,6.144794887037499
2021-12-29,824.8234853966233,714280.3831100464,715105.206595443,0.0008757674665067494,6.151052065954429
2021-12-30,824.8234853966233,707822.1684417725,708646.991927169,-0.009031139206804206,6.08646991927169
2021-12-31,824.8234853966233,707319.6170501709,708144.4405355675,-0.0007091702883474937,6.081444405355675
2022-01-03,604.1551413659181,718959.2161903381,719563.3713317041,0.016125143604178493,6.195633713317041
2022-01-04,604.1551413659181,711012.745929718,711616.901071084,-0.011043461322820636,6.1161690107108395
2022-01-05,604.1551413659181,691740.0998439789,692344.2549853448,-0.027082895384765382,5.923442549853449
2022-01-06,604.1551413659181,685137.6654167175,685741.8205580835,-0.009536346087541503,5.857418205580835
2022-01-07,604.1551413659181,667890.9191360474,668495.0742774133,-0.025150495075003776,5.6849507427741335
2022-01-10,604.1551413659181,669025.1725025177,669629.3276438836,0.0016967265879952453,5.696293276438836
2022-01-11,604.1551413659181,677418.9477806091,678023.1029219751,0.01253495767221735,5.780231029219751
2022-01-12,604.1551413659181,683031.942609787,683636.0977511529,0.008278471345575689,5.8363609775115295
2022-01-13,604.1551413659181,663117.9647293091,663722.119870675,-0.029129500250185236,5.63722119870675
2022-01-14,604.1551413659181,665045.029668808,665649.1848101739,0.0029034212990737274,5.656491848101739
2022-01-18,604.1551413659181,648652.0004730225,649256.1556143884,-0.024627130281035914,5.492561556143884
2022-01-19,604.1551413659181,636628.5408992767,637232.6960406427,-0.018518822609187247,5.3723269604064265
2022-01-20,604.1551413659181,622090.9602127075,622695.1153540735,-0.022813613891591644,5.2269511535407345
2022-01-21,604.1551413659181,611520.9655685425,612125.1207099084,-0.01697459058781081,5.1212512070990845
2022-01-24,604.1551413659181,616323.4662532806,616927.6213946466,0.007845619338687548,5.169276213946466
2022-01-25,604.1551413659181,604827.7860336304,605431.9411749963,-0.018633758355093177,5.0543194117499635
2022-01-26,604.1551413659181,610112.9356021881,610717.090743554,0.008729551926679902,5.107170907435541
2022-01-27,604.1551413659181,595170.1586971283,595774.3138384942,-0.02446759249338648,4.957743138384942
2022-01-28,604.1551413659181,610882.5966625214,611486.7518038873,0.02637313761340243,5.114867518038873
2022-01-31,604.1551413659181,635355.5685577393,635959.7236991052,0.040022080319847664,5.359597236991052
2022-02-01,47.048180231307924,637849.6894683838,637896.7376486151,0.003045812301199158,5.378967376486152
2022-02-02,47.048180231307924,646127.7582702637,646174.806450495,0.012977129860224812,5.46174806450495
2022-02-03,47.048180231307924,639868.0007247925,639915.0489050238,-0.00968740576540994,5.399150489050238
2022-02-04,47.048180231307924,642220.356590271,642267.4047705024,0.003676043983500188,5.422674047705024
2022-02-07,47.048180231307924,643549.1959533691,643596.2441336005,0.0020689814759835556,5.435962441336005
2022-02-08,47.048180231307924,643804.1561965942,643851.2043768256,0.00039614936468179707,5.438512043768256
2022-02-09,47.048180231307924,647433.356842041,647480.4050222724,0.005636707085077797,5.4748040502227235
2022-02-10,47.048180231307924,637906.102607727,637953.1507879584,-0.014714351446645346,5.379531507879584
2022-02-11,47.048180231307924,633449.6867599487,633496.7349401801,-0.006985490771969749,5.334967349401801
2022-02-14,47.048180231307924,631427.8146896362,631474.8628698676,-0.0031916061422216924,5.314748628698676
2022-02-15,47.048180231307924,635919.168510437,635966.2166906684,0.007112482356603778,5.359662166906683
2022-02-16,47.048180231307924,637422.0275115967,637469.075691828,0.002363111375601079,5.37469075691828
2022-02-17,47.048180231307924,632130.1695632935,632177.2177435248,-0.008301356332556353,5.321772177435248
2022-02-18,47.048180231307924,629278.0676803589,629325.1158605902,-0.004511554359891035,5.293251158605902
2022-02-22,47.048180231307924,623930.0494766235,623977.0976568549,-0.008498021243633413,5.239770976568549
2022-02-23,47.048180231307924,619706.7893295288,619753.8375097602,-0.006768293520633684,5.197538375097602
2022-02-24,47.048180231307924,617727.8489456177,617774.897125849,-0.0031931071082395013,5.177748971258491
2022-02-25,47.048180231307924,635239.1434631348,635286.1916433661,0.028345752796021806,5.352861916433661
2022-02-28,47.048180231307924,635562.6147232056,635609.6629034369,0.0005091740767009245,5.3560966290343694
2022-03-01,514.1902518011702,629570.9855041504,630085.1757559516,-0.008691634929289371,5.300851757559515
2022-03-02,514.1902518011702,642924.1574897766,643438.3477415778,0.021192645850786063,5.4343834774157775
2022-03-03,514.1902518011702,642223.3059997559,642737.496251557,-0.0010892286611152713,5.42737496251557
2022-03-04,514.1902518011702,648211.1646194458,648725.354871247,0.009316180640792204,5.48725354871247
2022-03-07,514.1902518011702,637351.3116531372,637865.5019049384,-0.01674029369248864,5.378655019049384
2022-03-08,514.1902518011702,635435.5211334229,635949.711385224,-0.0030034396185292245,5.35949711385224
2022-03-09,514.1902518011702,638551.7637252808,639065.9539770819,0.004900139957717986,5.3906595397708195
2022-03-10,514.1902518011702,641068.2208786011,641582.4111304022,0.003937711182483872,5.415824111304023
2022-03-11,514.1902518011702,634480.5545845032,634994.7448363043,-0.010267841168667857,5.349947448363044
2022-03-14,514.1902518011702,625304.1210784912,625818.3113302924,-0.01445119598332667,5.258183113302923
2022-03-15,514.1902518011702,628628.6036453247,629142.7938971259,0.005312216831378169,5.291427938971259
2022-03-16,514.1902518011702,635951.7224807739,636465.9127325751,0.01163983583136563,5.3646591273257505
2022-03-17,514.1902518011702,646400.277633667,646914.4678854682,0.016416519634230964,5.469144678854682
2022-03-18,514.1902518011702,649169.309967041,649683.5002188422,0.0042803685353103305,5.496835002188422
2022-03-21,514.1902518011702,656537.7410240173,657051.9312758185,0.011341570248427635,5.570519312758185
2022-03-22,514.1902518011702,658457.5514907837,658971.7417425849,0.0029218549940772665,5.589717417425849
2022-03-23,514.1902518011702,656750.8620262146,657265.0522780158,-0.002589928150873222,5.572650522780157
2022-03-24,514.1902518011702,666668.4090270996,667182.5992789008,0.01508911354180742,5.671825992789008
2022-03-25,514.1902518011702,672803.7028999329,673317.893151734,0.009195824170870726,5.73317893151734
2022-03-28,514.1902518011702,670010.0910835266,670524.2813353278,-0.004149023581312528,5.705242813353277
2022-03-29,514.1902518011702,671140.1485939026,671654.3388457038,0.0016853342106053493,5.716543388457038
2022-03-30,514.1902518011702,669742.9727478027,670257.1629996039,-0.0020802007301866654,5.702571629996039
2022-03-31,514.1902518011702,661518.461982727,662032.6522345282,-0.01227067940351212,5.620326522345282
2022-04-01,517.5686847775942,658856.7134456635,659374.282130441,-0.004015466752454677,5.59374282130441
2022-04-04,517.5686847775942,663550.6428260803,664068.2115108579,0.007118763208735945,5.6406821151085795
2022-04-05,517.5686847775942,654795.1100769043,655312.6787616819,-0.013184688857874716,5.553126787616819
2022-04-06,517.5686847775942,657412.674873352,657930.2435581296,0.003994375328421951,5.579302435581297
2022-04-07,517.5686847775942,666819.7439613342,667337.3126461118,0.014297973349132187,5.673373126461118
2022-04-08,517.5686847775942,668784.5065116882,669302.0751964658,0.002944182069729351,5.693020751964658
2022-04-11,517.5686847775942,649520.9721546173,650038.5408393949,-0.02878152492118946,5.500385408393949
2022-04-12,517.5686847775942,651386.7309532166,651904.2996379941,0.0028702279655448137,5.519042996379942
2022-04-13,517.5686847775942,655385.7163734436,655903.2850582212,0.0061343136138964915,5.559032850582212
2022-04-14,517.5686847775942,655997.0318832397,656514.6005680173,0.000932020808131595,5.565146005680173
2022-04-18,517.5686847775942,659039.066701889,659556.6353866666,0.004633613351503918,5.5955663538666665
2022-04-19,517.5686847775942,659692.7936115265,660210.3622963041,0.00099116114456832,5.602103622963041
2022-04-20,517.5686847775942,658218.6956958771,658736.2643806547,-0.0022327700379046744,5.5873626438065465
2022-04-21,517.5686847775942,647172.6009407043,647690.1696254819,-0.01676861492597237,5.47690169625482
2022-04-22,517.5686847775942,627724.107290268,628241.6759750455,-0.030027464615808852,5.282416759750455
2022-04-25,517.5686847775942,623876.6990623474,624394.267747125,-0.006124089462783977,5.24394267747125
2022-04-26,517.5686847775942,607658.0369186401,608175.6056034177,-0.025975033695017413,5.081756056034178
2022-04-27,517.5686847775942,612174.7026176453,612692.2713024229,0.00742658149618447,5.1269227130242285
2022-04-28,517.5686847775942,626635.9828453064,627153.551530084,0.023602844209084317,5.27153551530084
2022-04-29,517.5686847775942,607158.7299671173,607676.2986518949,-0.031056593446166292,5.076762986518949
2022-05-02,264.88982869534084,612892.0028953552,613156.8927240506,0.009018936700862179,5.131568927240505
2022-05-03,264.88982869534084,615655.4580879211,615920.3479166165,0.004506929996805242,5.159203479166165
2022-05-04,264.88982869534084,630482.512260437,630747.4020891323,0.02407300590517769,5.307474020891323
2022-05-05,264.88982869534084,623320.7155914307,623585.605420126,-0.011354460827401547,5.2358560542012595
2022-05-06,264.88982869534084,631866.8556251526,632131.7454538479,0.013704838532897501,5.321317454538479
2022-05-09,264.88982869534084,611152.0876846313,611416.9775133267,-0.03276970044535377,5.114169775133266
2022-05-10,264.88982869534084,611703.485042572,611968.3748712674,0.0009018352093905779,5.119683748712673
2022-05-11,264.88982869534084,614550.9962463379,614815.8860750332,0.004653036530466004,5.148158860750332
2022-05-12,264.88982869534084,618632.4213027954,618897.3111314907,0.006638450874314916,5.188973111314907
2022-05-13,264.88982869534084,625603.7388458252,625868.6286745205,0.01126409408740936,5.258686286745205
2022-05-16,264.88982869534084,636534.7954101562,636799.6852388516,0.017465416963750258,5.367996852388516
2022-05-17,264.88982869534084,639667.1866416931,639932.0764703884,0.0049189585110456235,5.399320764703885
2022-05-18,264.88982869534084,620432.0529289246,620696.9427576199,-0.030058086506402293,5.206969427576199
2022-05-19,264.88982869534084,616095.5306510925,616360.4204797879,-0.006986537195697862,5.1636042047978785
2022-05-20,264.88982869534084,623547.6747970581,623812.5646257534,0.012090562434500018,5.238125646257535
2022-05-23,264.88982869534084,633929.6772193909,634194.5670480862,0.016642823519531502,5.341945670480862
2022-05-24,264.88982869534084,640138.7841949463,640403.6740236416,0.00979053952552178,5.404036740236417
2022-05-25,264.88982869534084,643023.5599861145,643288.4498148098,0.004504620926115699,5.432884498148098
2022-05-26,264.88982869534084,645926.894569397,646191.7843980923,0.004513270188697183,5.461917843980923
2022-05-27,264.88982869534084,653016.4740905762,653281.3639192715,0.01097132413681634,5.532813639192715
2022-05-31,264.88982869534084,641697.3764038086,641962.2662325039,-0.017326527759586208,5.41962266232504
2022-06-01,623.5652564781074,641205.1528625488,641828.718119027,-0.00020803109544231813,5.41828718119027
2022-06-02,623.5652564781074,637823.3950500488,638446.960306527,-0.00526894125649402,5.38446960306527
2022-06-03,623.5652564781074,642156.2668609619,642779.8321174401,0.00678658068766258,5.427798321174401
2022-06-06,623.5652564781074,641552.9479980469,642176.513254525,-0.0009386088871636833,5.42176513254525
2022-06-07,623.5652564781074,654020.6989059448,654644.264162423,0.01941483478539552,5.54644264162423
2022-06-08,623.5652564781074,653597.4968948364,654221.0621513146,-0.0006464610388817738,5.542210621513146
2022-06-09,623.5652564781074,638788.808265686,639412.3735221642,-0.02263560359926975,5.394123735221642
2022-06-10,623.5652564781074,628818.7336807251,629442.2989372032,-0.015592558101497733,5.294422989372032
2022-06-13,623.5652564781074,611288.2410736084,611911.8063300865,-0.027850833407154996,5.119118063300865
2022-06-14,623.5652564781074,609634.4862060547,610258.0514625328,-0.0027026033007468975,5.102580514625329
2022-06-15,623.5652564781074,608231.9838562012,608855.5491126793,-0.0022982119555691183,5.088555491126793
2022-06-16,623.5652564781074,593414.243598938,594037.8088554161,-0.024337037379158266,4.940378088554161
2022-06-17,623.5652564781074,582430.7685928345,583054.3338493126,-0.018489521781898555,4.8305433384931264
2022-06-21,623.5652564781074,601916.3997497559,602539.965006234,0.03341992336850952,5.02539965006234
2022-06-22,623.5652564781074,596728.7616958618,597352.32695234,-0.008609616548572618,4.973523269523399
2022-06-23,623.5652564781074,594324.587638855,594948.1528953331,-0.004024716986159249,4.949481528953331
2022-06-24,623.5652564781074,607883.840751648,608507.4060081261,0.02279064662493102,5.085074060081261
2022-06-27,623.5652564781074,613793.187789917,614416.7530463951,0.009711216297324965,5.144167530463951
2022-06-28,623.5652564781074,611199.9214324951,611823.4866889733,-0.004220696041512539,5.118234866889733
2022-06-29,623.5652564781074,606886.923904419,607510.4891608971,-0.007049414777155705,5.075104891608971
2022-06-30,623.5652564781074,600890.6616668701,601514.2269233483,-0.009870220094192916,5.015142269233483
2022-07-01,708.0467618065741,605512.9590301514,606221.005791958,0.007824883698402507,5.06221005791958
2022-07-05,708.0467618065741,599540.3966903687,600248.4434521752,-0.009852120402822795,5.002484434521753
2022-07-06,708.0467618065741,600038.2949409485,600746.3417027551,0.0008294869499640978,5.007463417027551
2022-07-07,708.0467618065741,602647.6693878174,603355.716149624,0.004343554451738951,5.0335571614962396
2022-07-08,708.0467618065741,604309.7716674805,605017.818429287,0.0027547634590585623,5.050178184292871
2022-07-11,708.0467618065741,605029.0441741943,605737.0909360009,0.0011888451625792218,5.057370909360009
2022-07-12,708.0467618065741,599121.0436477661,599829.0904095727,-0.009753407236956613,4.998290904095727
2022-07-13,708.0467618065741,596046.6624450684,596754.709206875,-0.005125428646014063,4.96754709206875
2022-07-14,708.0467618065741,596123.8175849915,596831.864346798,0.00012929121250770947,4.96831864346798
2022-07-15,708.0467618065741,606466.0159492493,607174.0627110559,0.01732849564856398,5.071740627110558
2022-07-18,708.0467618065741,596015.4273071289,596723.4740689355,-0.017211849589651607,4.967234740689355
2022-07-19,708.0467618065741,597984.22996521,598692.2767270165,0.0032993551345588124,4.9869227672701655
2022-07-20,708.0467618065741,590726.5314903259,591434.5782521325,-0.012122585770708572,4.914345782521325
2022-07-21,708.0467618065741,590242.211845398,590950.2586072045,-0.0008188896333374274,4.909502586072046
2022-07-22,708.0467618065741,591380.4825897217,592088.5293515283,0.0019261701433324063,4.9208852935152825
2022-07-25,708.0467618065741,597967.4804191589,598675.5271809655,0.011125021855517891,4.986755271809655
2022-07-26,708.0467618065741,600784.8944854736,601492.9412472802,0.004706078565765548,5.014929412472802
2022-07-27,708.0467618065741,602472.5032691956,603180.5500310021,0.002805700063948313,5.031805500310021
2022-07-28,708.0467618065741,603997.0658683777,604705.1126301843,0.0025275393894974574,5.0470511263018425
2022-07-29,708.0467618065741,604341.0576591492,605049.1044209558,0.0005688587438517079,5.050491044209558
2022-08-01,1297.6350623336548,597420.1989440918,598717.8340064255,-0.01046406046760362,4.987178340064254
2022-08-02,1297.6350623336548,596345.9659500122,597643.6010123459,-0.0017942224752036662,4.976436010123459
2022-08-03,1297.6350623336548,597972.3775024414,599270.0125647751,0.0027213736576017222,4.992700125647751
2022-08-04,1297.6350623336548,595731.4241638184,597029.059226152,-0.0037394718434718976,4.97029059226152
2022-08-05,1297.6350623336548,591132.9000549316,592430.5351172653,-0.0077023455354873205,4.924305351172653
2022-08-08,1297.6350623336548,589637.2515792847,590934.8866416183,-0.0025245972092761138,4.909348866416184
2022-08-09,1297.6350623336548,584705.1399154663,586002.7749778,-0.008346286156582061,4.860027749777999
2022-08-10,1297.6350623336548,595142.1703033447,596439.8053656784,0.01781054772014312,4.964398053656784
2022-08-11,1297.6350623336548,593489.1135940552,594786.7486563888,-0.002771539884525387,4.947867486563888
2022-08-12,1297.6350623336548,605203.0459899902,606500.6810523239,0.01969433989979863,5.065006810523239
2022-08-15,1297.6350623336548,607630.5384292603,608928.1734915939,0.004002456246311459,5.089281734915939
2022-08-16,1297.6350623336548,605176.1862945557,606473.8213568893,-0.004030610245263189,5.064738213568893
2022-08-17,1297.6350623336548,603583.7548294067,604881.3898917404,-0.0026257216866939492,5.048813898917404
2022-08-18,1297.6350623336548,607971.7931060791,609269.4281684128,0.007254378048327403,5.092694281684127
2022-08-19,1297.6350623336548,601719.7354888916,603017.3705512253,-0.01026156463484873,5.030173705512253
2022-08-22,1297.6350623336548,592357.0127258301,593654.6477881637,-0.015526456152503476,4.936546477881637
2022-08-23,1297.6350623336548,595016.3816146851,596314.0166770187,0.004479656478330041,4.963140166770187
2022-08-24,1297.6350623336548,597032.3062820435,598329.9413443771,0.0033806427670310946,4.983299413443771
2022-08-25,1297.6350623336548,606509.101890564,607806.7369528976,0.01583874540396102,5.078067369528976
2022-08-26,1297.6350623336548,587929.7435684204,589227.3786307541,-0.030567871648292333,4.89227378630754
2022-08-29,1297.6350623336548,584423.6795425415,585721.3146048752,-0.005950273447962173,4.8572131460487515
2022-08-30,1297.6350623336548,574425.3423461914,575722.9774085251,-0.017070126947821507,4.757229774085251
2022-08-31,1297.6350623336548,567568.4742507935,568866.1093131271,-0.011910012913263324,4.688661093131271
2022-09-01,232.8899707173623,568736.6365470886,568969.526517806,0.00018179533458884123,4.68969526517806
2022-09-02,232.8899707173623,565153.7690582275,565386.6590289449,-0.006297116667721814,4.653866590289449
2022-09-06,232.8899707173623,563624.1155166626,563857.00548738,-0.0027054998860286394,4.638570054873799
2022-09-07,232.8899707173623,569159.0350914001,569391.9250621175,0.009816175946866679,4.6939192506211755
2022-09-08,232.8899707173623,573398.0692062378,573630.9591769552,0.007444844101670789,4.736309591769552
2022-09-09,232.8899707173623,578313.2746009827,578546.1645717,0.008568584585806116,4.7854616457170005
2022-09-12,232.8899707173623,582768.8981285095,583001.7880992269,0.007701413993169259,4.830017880992269
2022-09-13,232.8899707173623,565349.353225708,565582.2431964254,-0.029879059135641484,4.655822431964253
2022-09-14,232.8899707173623,570790.7489280701,571023.6388987874,0.009620874360569909,4.710236388987874
2022-09-15,232.8899707173623,567434.0592575073,567666.9492282247,-0.0058783725259361486,4.676669492282247
2022-09-16,232.8899707173623,565197.3468551636,565430.236825881,-0.003940184302405947,4.65430236825881
2022-09-19,232.8899707173623,566124.0586662292,566356.9486369466,0.0016389498663316182,4.663569486369466
2022-09-20,232.8899707173623,561818.8761825562,562051.7661532735,-0.007601535558157124,4.620517661532735
2022-09-21,232.8899707173623,555570.8737564087,555803.7637271261,-0.011116418099545,4.55803763727126
2022-09-22,232.8899707173623,556806.1984214783,557039.0883921956,0.0022225913994999846,4.570390883921957
2022-09-23,232.8899707173623,542117.1775894165,542350.0675601339,-0.026369820607130556,4.423500675601339
2022-09-26,232.8899707173623,538863.8879928589,539096.7779635763,-0.005998505008385391,4.390967779635763
2022-09-27,232.8899707173623,536849.7830734253,537082.6730441427,-0.003736073005373597,4.3708267304414266
2022-09-28,232.8899707173623,551797.3939933777,552030.283964095,0.02783111738688282,4.520302839640951
2022-09-29,232.8899707173623,547189.9246635437,547422.8146342611,-0.008346406825270547,4.474228146342611
2022-09-30,232.8899707173623,539435.846370697,539668.7363414144,-0.014164696986601277,4.396687363414144
2022-10-03,51.66055250563659,552228.3301391602,552279.9906916658,0.02336851016374797,4.522799906916658
2022-10-04,51.66055250563659,568233.8962783813,568285.556830887,0.02898089086873501,4.68285556830887
2022-10-05,51.66055250563659,569835.6773300171,569887.3378825227,0.00281862002717137,4.698873378825227
2022-10-06,51.66055250563659,571392.3678131104,571444.028365616,0.002731575838967215,4.71444028365616
2022-10-07,51.66055250563659,569566.4011917114,569618.0617442171,-0.0031953551542420744,4.69618061744217
2022-10-10,51.66055250563659,571162.637802124,571214.2983546297,0.0028022928302602335,4.712142983546297
2022-10-11,51.66055250563659,572440.6971206665,572492.3576731721,0.0022374427990052848,4.7249235767317215
2022-10-12,51.66055250563659,570588.5018692017,570640.1624217073,-0.003235318736817483,4.706401624217073
2022-10-13,51.66055250563659,590036.2651901245,590087.9257426301,0.03408060736277241,4.900879257426301
2022-10-14,51.66055250563659,580971.1629867554,581022.823539261,-0.01536229061450567,4.81022823539261
2022-10-17,51.66055250563659,586499.5469284058,586551.2074809114,0.009514917000978729,4.865512074809114
2022-10-18,51.66055250563659,588041.2879333496,588092.9484858552,0.002628484922169383,4.8809294848585525
2022-10-19,51.66055250563659,587313.1410369873,587364.8015894929,-0.001238149340571204,4.873648015894929
2022-10-20,51.66055250563659,587687.7505569458,587739.4111094514,0.000637779994553167,4.877394111094515
2022-10-21,51.66055250563659,604611.0292739868,604662.6898264925,0.028793847064119138,5.0466268982649245
2022-10-24,51.66055250563659,613353.3080673218,613404.9686198274,0.014458108529639135,5.134049686198274
2022-10-25,51.66055250563659,614010.0222015381,614061.6827540437,0.00107060452362151,5.140616827540438
2022-10-26,51.66055250563659,623637.2333831787,623688.8939356843,0.01567792202643714,5.236888939356843
2022-10-27,51.66055250563659,625670.8484039307,625722.5089564363,0.00326062407159311,5.257225089564363
2022-10-28,51.66055250563659,630766.2984313965,630817.9589839021,0.008143306265206762,5.308179589839021
2022-10-31,51.66055250563659,631114.31980896,631165.9803614656,0.0005516985884868042,5.311659803614656
2022-11-01,28.537128741008928,624885.2061347961,624913.7432635372,-0.009905852489622169,5.249137432635372
2022-11-02,28.537128741008928,614884.012348175,614912.5494769161,-0.016004118799485934,5.1491254947691605
2022-11-03,28.537128741008928,620785.7104969025,620814.2476256435,0.009597621895581332,5.208142476256435
2022-11-04,28.537128741008928,624899.7700710297,624928.3071997707,0.006626876863509157,5.249283071997707
2022-11-07,28.537128741008928,632086.3884124756,632114.9255412166,0.011499908483340038,5.321149255412166
2022-11-08,28.537128741008928,637210.434967041,637238.972095782,0.008106194534448274,5.372389720957821
2022-11-09,28.537128741008928,622211.1721153259,622239.709244067,-0.02353789317433741,5.222397092440669
2022-11-10,28.537128741008928,638015.7579860687,638044.2951148098,0.025399513460725887,5.380442951148098
2022-11-11,28.537128741008928,642184.197807312,642212.734936053,0.0065331511513526674,5.42212734936053
2022-11-14,28.537128741008928,646556.6028728485,646585.1400015895,0.006808343758508473,5.465851400015896
2022-11-15,28.537128741008928,647960.9502983093,647989.4874270504,0.002171945098301098,5.479894874270504
2022-11-16,28.537128741008928,644202.786561966,644231.323690707,-0.005799729485220229,5.4423132369070695
2022-11-17,28.537128741008928,645374.6894378662,645403.2265666072,0.0018190715552088843,5.454032265666073
2022-11-18,28.537128741008928,644284.896144867,644313.433273608,-0.0016885463972603487,5.44313433273608
2022-11-21,28.537128741008928,641773.1580448151,641801.6951735561,-0.003898317139362284,5.418016951735561
2022-11-22,28.537128741008928,652533.0389499664,652561.5760787075,0.016765117615094027,5.525615760787074
2022-11-23,28.537128741008928,651318.1661128998,651346.7032416408,-0.0018616983923064323,5.513467032416409
2022-11-25,28.537128741008928,650682.1676254272,650710.7047541683,-0.0009764361810803424,5.507107047541683
2022-11-28,28.537128741008928,641731.556148529,641760.0932772701,-0.013755131752872685,5.417600932772701
2022-11-29,28.537128741008928,644440.8938140869,644469.430942828,0.0042217297303766,5.44469430942828
2022-11-30,28.537128741008928,656690.8329982758,656719.3701270168,0.019007789347382564,5.567193701270168
2022-12-01,697.8267212047649,656620.1527481079,657317.9794693127,0.000911514673581415,5.573179794693127
2022-12-02,697.8267212047649,658486.167629242,659183.9943504467,0.002838831341021031,5.591839943504468
2022-12-05,697.8267212047649,649765.9351558685,650463.7618770733,-0.013228829201118897,5.504637618770733
2022-12-06,697.8267212047649,643024.6217880249,643722.4485092297,-0.010363856932459892,5.437224485092297
2022-12-07,697.8267212047649,645551.0285568237,646248.8552780285,0.003924683339301849,5.462488552780285
2022-12-08,697.8267212047649,647512.7671604156,648210.5938816204,0.0030355776843085103,5.482105938816204
2022-12-09,697.8267212047649,640417.7680244446,641115.5947456494,-0.010945515551488816,5.411155947456494
2022-12-12,697.8267212047649,646443.3124828339,647141.1392040387,0.009398530479951539,5.471411392040387
2022-12-13,697.8267212047649,647368.985710144,648066.8124313488,0.001430403927725532,5.480668124313488
2022-12-14,697.8267212047649,645849.0552825928,646546.8820037976,-0.0023453298308070414,5.465468820037976
2022-12-15,697.8267212047649,629761.7056694031,630459.5323906079,-0.02488195374685176,5.304595323906079
2022-12-16,697.8267212047649,627465.8677825928,628163.6945037976,-0.0036415309292014975,5.281636945037976
2022-12-19,697.8267212047649,626634.5928554535,627332.4195766583,-0.001323341247532528,5.273324195766583
2022-12-20,697.8267212047649,628758.4422264099,629456.2689476147,0.003385524651172478,5.294562689476147
2022-12-21,697.8267212047649,639207.8739376068,639905.7006588116,0.016600727050772424,5.399057006588116
2022-12-22,697.8267212047649,634719.2115535736,635417.0382747784,-0.007014568520661624,5.3541703827477845
2022-12-23,697.8267212047649,636126.9332141876,636824.7599353924,0.00221542951450604,5.368247599353924
2022-12-27,697.8267212047649,634197.2418708801,634895.0685920849,-0.003030176376156102,5.348950685920849
2022-12-28,697.8267212047649,628570.2746772766,629268.1013984814,-0.008862830209221184,5.292681013984814
2022-12-29,697.8267212047649,634395.3919639587,635093.2186851635,0.009256972145475606,5.350932186851636
2022-12-30,697.8267212047649,634487.1613674164,635184.9880886212,0.00014449753320877612,5.351849880886212
2023-01-03,64.70099512887828,636213.2480068207,636277.9490019495,0.0017206970155532186,5.362779490019495
2023-01-04,64.70099512887828,645155.2845172882,645219.985512417,0.01405366400720598,5.452199855124171
2023-01-05,64.70099512887828,646723.9422931671,646788.643288296,0.0024311983681550853,5.46788643288296
2023-01-06,64.70099512887828,661538.1592063904,661602.8602015192,0.02290426257008349,5.616028602015192
2023-01-09,64.70099512887828,657062.6099948883,657127.3109900171,-0.006764706564507339,5.571273109900171
2023-01-10,64.70099512887828,665353.8212051392,665418.522200268,0.012617359028586739,5.65418522200268
2023-01-11,64.70099512887828,671660.7891769409,671725.4901720698,0.009478197196776561,5.717254901720698
2023-01-12,64.70099512887828,678388.614364624,678453.3153597529,0.010015736020319466,5.784533153597528
2023-01-13,64.70099512887828,682250.9109306335,682315.6119257624,0.005692796362799957,5.823156119257624
2023-01-17,64.70099512887828,678317.0571289062,678381.7581240351,-0.005765445979792894,5.783817581240351
2023-01-18,64.70099512887828,667425.654586792,667490.3555819208,-0.016054975552751927,5.674903555819208
2023-01-19,64.70099512887828,659027.324798584,659092.0257937128,-0.012581949264100278,5.590920257937128
2023-01-20,64.70099512887828,671964.2620162964,672028.9630114252,0.01962842321166458,5.7202896301142525
2023-01-23,64.70099512887828,681695.4171295166,681760.1181246454,0.014480261489942414,5.817601181246454
2023-01-24,64.70099512887828,686092.9119758606,686157.6129709894,0.00645020840826005,5.861576129709895
2023-01-25,64.70099512887828,686283.0436286926,686347.7446238215,0.0002770961791254134,5.863477446238215
2023-01-26,64.70099512887828,694646.0114021301,694710.712397259,0.012184738478336676,5.9471071239725894
2023-01-27,64.70099512887828,689356.8801002502,689421.5810953791,-0.00761342988886482,5.894215810953791
2023-01-30,64.70099512887828,678186.7157859802,678251.4167811091,-0.016202226069747416,5.78251416781109
2023-01-31,64.70099512887828,680270.597202301,680335.2981974299,0.0030724320875150646,5.803352981974299
2023-02-01,56.45808227034286,684597.4308700562,684653.8889523265,0.006347738778715195,5.846538889523265
2023-02-02,56.45808227034286,704036.7926597595,704093.2507420299,0.02839297651467354,6.040932507420298
2023-02-03,56.45808227034286,699690.2626495361,699746.7207318065,-0.0061732306134771875,5.997467207318064
2023-02-06,56.45808227034286,698568.6362075806,698625.0942898509,-0.0016029034631024341,5.986250942898509
2023-02-07,56.45808227034286,705948.4311180115,706004.8892002818,0.010563312097932043,6.060048892002818
2023-02-08,56.45808227034286,698582.9120635986,698639.370145869,-0.010432674287505384,5.98639370145869
2023-02-09,56.45808227034286,691649.2450370789,691705.7031193492,-0.00992452948231659,5.917057031193492
2023-02-10,56.45808227034286,684664.7148361206,684721.172918391,-0.010097546065415464,5.847211729183909
2023-02-13,56.45808227034286,697755.7983474731,697812.2564297435,0.019118853088121,5.9781225642974345
2023-02-14,56.45808227034286,703121.913143158,703178.3712254283,0.00768991193009394,6.031783712254283
2023-02-15,56.45808227034286,705096.5577468872,705153.0158291575,0.002808170280163891,6.051530158291576
2023-02-16,56.45808227034286,692500.4219551086,692556.880037379,-0.01786298223083871,5.92556880037379
2023-02-17,56.45808227034286,689186.6695251465,689243.1276074168,-0.004784809053926864,5.892431276074168
2023-02-21,56.45808227034286,674871.5396156311,674927.9976979014,-0.02076934732625879,5.749279976979015
2023-02-22,56.45808227034286,672349.2245101929,672405.6825924632,-0.003737161762501384,5.724056825924632
2023-02-23,56.45808227034286,683590.8073768616,683647.2654591319,0.016718453097134267,5.8364726545913195
2023-02-24,56.45808227034286,679214.7195777893,679271.1776600596,-0.006401090182278857,5.792711776600597
2023-02-27,56.45808227034286,682443.3757209778,682499.8338032481,0.004753118120380817,5.824998338032481
2023-02-28,56.45808227034286,685520.3620986938,685576.8201809642,0.004508406046884295,5.855768201809642
2023-03-01,497.8600149120921,681279.0144386292,681776.8744535412,-0.00554269866711643,5.817768744535412
2023-03-02,497.8600149120921,685353.3361263275,685851.1961412396,0.005976033861465391,5.858511961412396
2023-03-03,497.8600149120921,703073.8966579437,703571.7566728558,0.025837325401364408,6.035717566728558
2023-03-06,497.8600149120921,703752.9109897614,704250.7710046734,0.0009650960621681026,6.042507710046735
2023-03-07,497.8600149120921,695211.6500873566,695709.5101022687,-0.012128152717845064,5.957095101022687
2023-03-08,497.8600149120921,697928.398361206,698426.2583761181,0.0039050037902315093,5.984262583761182
2023-03-09,497.8600149120921,684309.9317588806,684807.7917737927,-0.019498789512853,5.848077917737927
2023-03-10,497.8600149120921,676665.005159378,677162.8651742901,-0.011163609251145679,5.771628651742901
2023-03-13,497.8600149120921,671680.5377883911,672178.3978033032,-0.007360810267857842,5.721783978033032
2023-03-14,497.8600149120921,689529.8053207397,690027.6653356518,0.02655436055469873,5.900276653356518
2023-03-15,497.8600149120921,682184.5778808594,682682.4378957715,-0.010644830358080504,5.826824378957714
2023-03-16,497.8600149120921,698343.4334640503,698841.2934789624,0.023669651782748824,5.988412934789624
2023-03-17,497.8600149120921,684191.7360038757,684689.5960187878,-0.02025023076373289,5.8468959601878785
2023-03-20,497.8600149120921,692856.2045192719,693354.0645341839,0.012654593505986966,5.933540645341839
2023-03-21,497.8600149120921,701781.9348144531,702279.7948293652,0.012873264543675544,6.022797948293652
2023-03-22,497.8600149120921,692938.8596992493,693436.7197141614,-0.012591954346846124,5.934367197141613
2023-03-23,497.8600149120921,704053.1364307404,704550.9964456524,0.016027816836801545,6.045509964456524
2023-03-24,497.8600149120921,703657.9491767883,704155.8091917004,-0.0005609065290457238,6.041558091917004
2023-03-27,497.8600149120921,707712.0749435425,708209.9349584546,0.005757427140177684,6.082099349584546
2023-03-28,497.8600149120921,704494.4468536377,704992.3068685498,-0.0045433252642714805,6.049923068685498
2023-03-29,497.8600149120921,712505.4162597656,713003.2762746777,0.011363201169827253,6.130032762746777
2023-03-30,497.8600149120921,717650.3460521698,718148.2060670819,0.007215857154662109,6.1814820606708185
2023-03-31,497.8600149120921,729042.9506721497,729540.8106870617,0.015863862812345086,6.295408106870617
2023-04-03,463.4519483219774,733838.9113731384,734302.3633214604,0.0065267803591608775,6.343023633214604
2023-04-04,463.4519483219774,731169.7490310669,731633.2009793889,-0.0036349635727688234,6.316332009793889
2023-04-05,463.4519483219774,722547.5642547607,723011.0162030827,-0.01178484623820275,6.230110162030828
2023-04-06,463.4519483219774,723971.3283691406,724434.7803174626,0.001969214966954125,6.244347803174627
2023-04-10,463.4519483219774,725084.9510879517,725548.4030362737,0.0015372297811584446,6.255484030362736
2023-04-11,463.4519483219774,717955.2567749023,718418.7087232244,-0.009826628083271838,6.184187087232243
2023-04-12,463.4519483219774,713429.7997627258,713893.2517110478,-0.006299191484335331,6.1389325171104785
2023-04-13,463.4519483219774,725573.5257377625,726036.9776860845,0.017010562778021487,6.260369776860845
2023-04-14,463.4519483219774,724744.3752670288,725207.8272153508,-0.0011420223710590927,6.252078272153508
2023-04-17,463.4519483219774,724916.8034133911,725380.2553617131,0.00023776376907624908,6.253802553617131
2023-04-18,463.4519483219774,729363.5060272217,729826.9579755437,0.006130167703025213,6.298269579755437
2023-04-19,463.4519483219774,728020.7447319031,728484.1966802251,-0.0018398351563270188,6.284841966802251
2023-04-20,463.4519483219774,724064.1001091003,724527.5520574223,-0.0054313389924359745,6.245275520574223
2023-04-21,463.4519483219774,723346.122127533,723809.574075855,-0.0009909602188744593,6.23809574075855
2023-04-24,463.4519483219774,720959.311794281,721422.763742603,-0.0032975666787764535,6.21422763742603
2023-04-25,463.4519483219774,704311.3291816711,704774.7811299931,-0.023076597314788505,6.047747811299931
2023-04-26,463.4519483219774,709668.3569869995,710131.8089353215,0.007601049227015766,6.1013180893532155
2023-04-27,463.4519483219774,730914.9247016907,731378.3766500127,0.02991918887078926,6.313783766500126
2023-04-28,463.4519483219774,739296.4654350281,739759.9173833501,0.011459924166377533,6.397599173833501
2023-05-01,726.8347023608658,743553.125328064,744279.9600304249,0.00611014809110344,6.442799600304249
2023-05-02,726.8347023608658,735333.8042297363,736060.6389320972,-0.011043319099968252,6.3606063893209726
2023-05-03,726.8347023608658,729652.1986465454,730379.0333489063,-0.007718936841173862,6.303790333489063
2023-05-04,726.8347023608658,727280.0794448853,728006.9141472462,-0.003247792027632035,6.280069141472461
2023-05-05,726.8347023608658,741542.9113464355,742269.7460487965,0.019591615992077704,6.4226974604879645
2023-05-08,726.8347023608658,748156.4197845459,748883.2544869068,0.008909845070899092,6.4888325448690685
2023-05-09,726.8347023608658,744344.4315185547,745071.2662209156,-0.005090230343851143,6.450712662209156
2023-05-10,726.8347023608658,750488.0092697144,751214.8439720753,0.008245624317685163,6.512148439720753
2023-05-11,726.8347023608658,748490.4635467529,749217.2982491138,-0.0026590871293215024,6.492172982491138
2023-05-12,726.8347023608658,744218.5846939087,744945.4193962696,-0.005701788870635327,6.449454193962696
2023-05-15,726.8347023608658,752655.2300338745,753382.0647362354,0.011325185873084731,6.533820647362354
2023-05-16,726.8347023608658,755133.956741333,755860.7914436939,0.003290132355787234,6.558607914436939
2023-05-17,726.8347023608658,767004.1862869263,767731.0209892872,0.01570425358738503,6.677310209892871
2023-05-18,726.8347023608658,782839.1020050049,783565.9367073658,0.020625603610068932,6.835659367073658
2023-05-19,726.8347023608658,778281.7928771973,779008.6275795582,-0.00581611439996732,6.7900862757955815
2023-05-22,726.8347023608658,775875.9300537109,776602.7647560718,-0.003088364798938814,6.766027647560718
2023-05-23,726.8347023608658,765009.3543243408,765736.1890267017,-0.013992450481145613,6.657361890267017
2023-05-24,726.8347023608658,765093.319190979,765820.1538933399,0.00010965247279859369,6.658201538933399
2023-05-25,726.8347023608658,804907.0310897827,805633.8657921436,0.051988331328701065,7.056338657921437
2023-05-26,726.8347023608658,829920.305519104,830647.1402214649,0.031047943105925402,7.306471402214649
2023-05-30,726.8347023608658,830570.0529785156,831296.8876808765,0.0007822183788392945,7.312968876808766
2023-05-31,726.8347023608658,819850.8573532104,820577.6920555714,-0.012894545599959173,7.205776920555714
2023-06-01,91.8800927807024,826822.9918060303,826914.871898811,0.007722827350283845,7.269148718988109
2023-06-02,91.8800927807024,829824.973564148,829916.8536569286,0.003630339542961991,7.299168536569287
2023-06-05,91.8800927807024,827955.6260986328,828047.5061914135,-0.002252451504362263,7.280475061914135
2023-06-06,91.8800927807024,832422.1881561279,832514.0682489086,0.0053940891363093435,7.325140682489087
2023-06-07,91.8800927807024,811972.2892379761,812064.1693307568,-0.024564028042391772,7.120641693307567
2023-06-08,91.8800927807024,823558.5295181274,823650.4096109081,0.014267641299455347,7.236504096109082
2023-06-09,91.8800927807024,831433.6054534912,831525.4855462719,0.009561187420624284,7.315254855462719
2023-06-12,91.8800927807024,847470.5729598999,847562.4530526806,0.01928620082627197,7.475624530526806
2023-06-13,91.8800927807024,848868.4962158203,848960.376308601,0.001649345426859572,7.489603763086009
2023-06-14,91.8800927807024,859293.664604187,859385.5446969677,0.012279923397245929,7.593855446969677
2023-06-15,91.8800927807024,865257.0777816772,865348.9578744579,0.006939159279893525,7.65348957874458
2023-06-16,91.8800927807024,854938.8770980835,855030.7571908642,-0.011923745432060318,7.550307571908641
2023-06-20,91.8800927807024,857101.4637908936,857193.3438836742,0.002529250175648645,7.5719334388367425
2023-06-21,91.8800927807024,840705.143081665,840797.0231744457,-0.019127914170380622,7.407970231744457
2023-06-22,91.8800927807024,847817.3929367065,847909.2730294872,0.008458937958877533,7.479092730294873
2023-06-23,91.8800927807024,840669.066734314,840760.9468270947,-0.0084305319328003,7.407609468270946
2023-06-26,91.8800927807024,824688.8206787109,824780.7007714916,-0.01900688431820019,7.247807007714917
2023-06-27,91.8800927807024,838583.8798522949,838675.7599450756,0.016846974184273167,7.386757599450757
2023-06-28,91.8800927807024,843332.6184692383,843424.498562019,0.005662186560935423,7.4342449856201895
2023-06-29,91.8800927807024,841712.1318435669,841804.0119363476,-0.0019213179465787933,7.418040119363475
2023-06-30,91.8800927807024,856727.2367935181,856819.1168862988,0.017836817996879084,7.568191168862988
2023-07-03,597.3825329759711,856574.5911827087,857171.9737156847,0.0004118218448116995,7.571719737156847
2023-07-05,597.3825329759711,857639.6280975342,858237.0106305102,0.0012425008603684784,7.582370106305101
2023-07-06,597.3825329759711,847836.4558830261,848433.8384160021,-0.011422453346897843,7.48433838416002
2023-07-07,597.3825329759711,848800.0152626038,849397.3977955797,0.00113569183117046,7.493973977955797
2023-07-10,597.3825329759711,853667.6470298767,854265.0295628527,0.005730688344355306,7.542650295628526
2023-07-11,597.3825329759711,857659.8757171631,858257.2582501391,0.004673290546997277,7.58257258250139
2023-07-12,597.3825329759711,871208.2687225342,871805.6512555102,0.01578593466601652,7.718056512555101
2023-07-13,597.3825329759711,885851.2579421997,886448.6404751757,0.016796162308167828,7.864486404751757
2023-07-14,597.3825329759711,883087.9534072876,883685.3359402636,-0.0031172753939030518,7.836853359402635
2023-07-17,597.3825329759711,894769.5402069092,895366.9227398852,0.013219170132762414,7.953669227398851
2023-07-18,597.3825329759711,904668.1441268921,905265.5266598681,0.011055360287034688,8.05265526659868
2023-07-19,597.3825329759711,901926.031326294,902523.4138592699,-0.003029070167639758,8.0252341385927
2023-07-20,597.3825329759711,866057.6815490723,866655.0640820483,-0.039742292805286294,7.666550640820482
2023-07-21,597.3825329759711,860863.700176239,861461.082709215,-0.005993135663881044,7.61461082709215
2023-07-24,597.3825329759711,863933.742565155,864531.125098131,0.003563762136834958,7.64531125098131
2023-07-25,597.3825329759711,874896.2827033997,875493.6652363756,0.01268033020442183,7.754936652363757
2023-07-26,597.3825329759711,863540.3204536438,864137.7029866198,-0.012970924520270377,7.641377029866199
2023-07-27,597.3825329759711,865859.7882728577,866457.1708058337,0.002684141440880694,7.664571708058336
2023-07-28,597.3825329759711,883532.2069168091,884129.5894497851,0.020396182568972687,7.841295894497851
2023-07-31,597.3825329759711,890051.542476654,890648.92500963,0.007373733033753771,7.9064892500963
2023-08-01,741.8767064179956,891877.6992340088,892619.5759404268,0.00221260125674716,7.926195759404267
2023-08-02,741.8767064179956,863584.8260154724,864326.7027218904,-0.03169645163644119,7.643267027218904
2023-08-03,741.8767064179956,867731.5523376465,868473.4290440645,0.004797637639928798,7.684734290440645
2023-08-04,741.8767064179956,875375.0514030457,876116.9281094637,0.00880107417196685,7.761169281094636
2023-08-07,741.8767064179956,887581.8925323486,888323.7692387666,0.013932890391290087,7.883237692387667
2023-08-08,741.8767064179956,875848.2303237915,876590.1070302095,-0.013208767585507819,7.765901070302094
2023-08-09,741.8767064179956,855240.751373291,855982.628079709,-0.023508683003868658,7.55982628079709
2023-08-10,741.8767064179956,857357.4941635132,858099.3708699312,0.0024728805477873816,7.580993708699312
2023-08-11,741.8767064179956,846803.6134986877,847545.4902051057,-0.012299135768070846,7.475454902051057
2023-08-14,741.8767064179956,865239.9001617432,865981.7768681612,0.021752562990564384,7.659817768681611
2023-08-15,741.8767064179956,854745.7628097534,855487.6395161714,-0.012118196516723412,7.554876395161715
2023-08-16,741.8767064179956,840089.8687744141,840831.7454808321,-0.017131625704876474,7.408317454808321
2023-08-17,741.8767064179956,827479.8217048645,828221.6984112825,-0.01499711105976198,7.282216984112825
2023-08-18,741.8767064179956,824466.7705459595,825208.6472523775,-0.003637976600570525,7.252086472523775
2023-08-21,741.8767064179956,849197.0758132935,849938.9525197115,0.029968548378251025,7.499389525197115
2023-08-22,741.8767064179956,844607.9782447815,845349.8549511995,-0.005399326098547652,7.453498549511995
2023-08-23,741.8767064179956,864616.6480827332,865358.5247891512,0.023669099510411185,7.653585247891511
2023-08-24,741.8767064179956,839051.6031112671,839793.4798176851,-0.029542720432199077,7.39793479817685
2023-08-25,741.8767064179956,845169.4487113953,845911.3254178133,0.007284940580220223,7.459113254178133
2023-08-28,741.8767064179956,852758.2370185852,853500.1137250032,0.008971139266212846,7.535001137250031
2023-08-29,741.8767064179956,879054.2218322754,879796.0985386934,0.030809585600316325,7.7979609853869345
2023-08-30,741.8767064179956,881738.0754814148,882479.9521878328,0.003050540521374323,7.824799521878328
2023-08-31,741.8767064179956,889212.0978775024,889953.9745839204,0.008469339589594282,7.8995397458392045
2023-09-01,1416.4903669786518,881712.250289917,883128.7406568957,-0.007669198769763019,7.831287406568956
2023-09-05,1416.4903669786518,890953.8988113403,892370.389178319,0.010464667376298031,7.923703891783191
2023-09-06,1416.4903669786518,883743.1281204224,885159.618487401,-0.008080468355250447,7.85159618487401
2023-09-07,1416.4903669786518,884408.1877365112,885824.6781034899,0.0007513442798321446,7.858246781034898
2023-09-08,1416.4903669786518,885805.8155288696,887222.3058958483,0.0015777702144748051,7.8722230589584825
2023-09-11,1416.4903669786518,903496.7460250854,904913.2363920641,0.01993968183470418,8.049132363920641
2023-09-12,1416.4903669786518,877774.7214508057,879191.2118177844,-0.0284248517314597,7.791912118177844
2023-09-13,1416.4903669786518,884159.4462051392,885575.9365721178,0.007262043419579589,7.855759365721179
2023-09-14,1416.4903669786518,888338.9854049683,889755.475771947,0.004719571780605447,7.897554757719469
2023-09-15,1416.4903669786518,869373.5273742676,870790.0177412463,-0.021315359722002714,7.707900177412462
2023-09-18,1416.4903669786518,865084.1894607544,866500.6798277331,-0.004925800510023448,7.6650067982773304
2023-09-19,1416.4903669786518,866564.3346557617,867980.8250227404,0.0017081869979624908,7.6798082502274045
2023-09-20,1416.4903669786518,851824.0427017212,853240.5330686999,-0.01698227832815813,7.5324053306869985
2023-09-21,1416.4903669786518,828297.8282546997,829714.3186216784,-0.027572781103599064,7.297143186216784
2023-09-22,1416.4903669786518,827077.098739624,828493.5891066027,-0.0014712648530683659,7.284935891066027
2023-09-25,1416.4903669786518,832436.2483901978,833852.7387571764,0.006468546915797679,7.338527387571764
2023-09-26,1416.4903669786518,818651.4021606445,820067.8925276232,-0.016531511607312033,7.200678925276232
2023-09-27,1416.4903669786518,818203.853012085,819620.3433790636,-0.0005457464590890027,7.196203433790636
2023-09-28,1416.4903669786518,826352.2306289673,827768.720995946,0.009941648816681248,7.27768720995946
2023-09-29,1416.4903669786518,826749.5737991333,828166.064166112,0.00048001713532719315,7.281660641661119
2023-10-02,206.68680616763595,839315.1585273743,839521.8453335419,0.013711961475823209,7.395218453335419
2023-10-03,206.68680616763595,826996.3961334229,827203.0829395904,-0.014673545974324465,7.272030829395904
2023-10-04,206.68680616763595,828788.0257110596,828994.7125172272,0.0021658884191653183,7.289947125172272
2023-10-05,206.68680616763595,827408.9880523682,827615.6748585358,-0.001663505976418067,7.2761567485853575
2023-10-06,206.68680616763595,839906.8282852173,840113.5150913849,0.0151010192442107,7.4011351509138485
2023-10-09,206.68680616763595,852247.8017921448,852454.4885983124,0.014689650011861843,7.524544885983124
2023-10-10,206.68680616763595,855278.5755653381,855485.2623715057,0.0035553496564688647,7.554852623715057
2023-10-11,206.68680616763595,868331.5416183472,868538.2284245148,0.015257967176225407,7.685382284245147
2023-10-12,206.68680616763595,868937.2492637634,869143.936069931,0.0006973874328075613,7.6914393606993094
2023-10-13,206.68680616763595,865396.9142875671,865603.6010937347,-0.0040733586570308455,7.656036010937347
2023-10-16,206.68680616763595,873850.4166374207,874057.1034435882,0.009766020311343437,7.740571034435883
2023-10-17,206.68680616763595,872440.2831802368,872646.9699864044,-0.0016133196007769302,7.726469699864044
2023-10-18,206.68680616763595,863200.2790679932,863406.9658741608,-0.010588478995564032,7.634069658741607
2023-10-19,206.68680616763595,854530.657749176,854737.3445553436,-0.010041176017197784,7.547373445553436
2023-10-20,206.68680616763595,841125.3050346375,841331.991840805,-0.015683593094335202,7.41331991840805
2023-10-23,206.68680616763595,839176.6698112488,839383.3566174164,-0.0023161311376322935,7.393833566174164
2023-10-24,206.68680616763595,843658.5106658936,843865.1974720611,0.005339444509247615,7.438651974720612
2023-10-25,206.68680616763595,821934.9306106567,822141.6174168243,-0.025742950556929545,7.221416174168244
2023-10-26,206.68680616763595,805977.5286331177,806184.2154392853,-0.019409553828058645,7.061842154392853
2023-10-27,206.68680616763595,800017.0715904236,800223.7583965912,-0.007393418189720169,7.002237583965911
2023-10-30,206.68680616763595,812048.6338996887,812255.3207058563,0.01503524755797403,7.122553207058564
2023-10-31,206.68680616763595,802437.1101837158,802643.7969898834,-0.0118331311238693,7.026437969898835
2023-11-01,690.0018497753044,813117.0042800903,813807.0061298657,0.013908048852862454,7.138070061298656
2023-11-02,690.0018497753044,829610.3994369507,830300.401286726,0.02026696137121764,7.303004012867261
2023-11-03,690.0018497753044,833379.6836471558,834069.6854969311,0.004539663240393121,7.340696854969311
2023-11-06,690.0018497753044,840450.4595909119,841140.4614406872,0.008477440274721637,7.411404614406871
2023-11-07,690.0018497753044,846969.8276176453,847659.8294674206,0.007750629443704415,7.476598294674206
2023-11-08,690.0018497753044,851346.6257629395,852036.6276127148,0.005163389832975929,7.520366276127147
2023-11-09,690.0018497753044,846217.2924003601,846907.2942501354,-0.006020085517862039,7.469072942501354
2023-11-10,690.0018497753044,866079.2381706238,866769.2400203991,0.023452325780060512,7.6676924002039915
2023-11-13,690.0018497753044,865725.3403549194,866415.3422046948,-0.00040829531017505527,7.664153422046947
2023-11-14,690.0018497753044,877830.3239746094,878520.3258243847,0.013971340337634697,7.785203258243847
2023-11-15,690.0018497753044,872633.809009552,873323.8108593273,-0.005915076535288,7.733238108593273
2023-11-16,690.0018497753044,872789.8859977722,873479.8878475475,0.00017871605729680162,7.734798878475475
2023-11-17,690.0018497753044,877299.0119743347,877989.01382411,0.005162255066540888,7.7798901382411
2023-11-20,690.0018497753044,888222.7381286621,888912.7399784374,0.012441757222848127,7.889127399784375
2023-11-21,690.0018497753044,883230.5599479675,883920.5617977428,-0.005616049760762465,7.839205617977429
2023-11-22,690.0018497753044,886196.2104148865,886886.2122646618,0.0033551097181032663,7.868862122646618
2023-11-24,690.0018497753044,886337.8754882812,887027.8773380566,0.0001597330880058756,7.870278773380566
2023-11-27,690.0018497753044,881870.7511634827,882560.753013258,-0.005036058548919864,7.825607530132579
2023-11-28,690.0018497753044,881676.2231559753,882366.2250057507,-0.0002204131634486739,7.823662250057506
2023-11-29,690.0018497753044,877247.4356040955,877937.4374538708,-0.005019216994452624,7.779374374538708
2023-11-30,690.0018497753044,875116.0429382324,875806.0447880077,-0.002427727278659364,7.7580604478800765
2023-12-01,888.9845423908555,872531.7724227905,873420.7569651813,-0.0027235343224923936,7.734207569651813
2023-12-04,888.9845423908555,862246.5442047119,863135.5287471027,-0.01177580007809298,7.6313552874710275
2023-12-05,888.9845423908555,862984.9713668823,863873.9559092731,0.0008555170510038401,7.6387395590927305
2023-12-06,888.9845423908555,856171.4119949341,857060.3965373249,-0.007887214709206725,7.570603965373248
2023-12-07,888.9845423908555,872651.7228088379,873540.7073512287,0.019228879178745384,7.735407073512286
2023-12-08,888.9845423908555,878352.2680587769,879241.2526011677,0.006525792332247704,7.792412526011676
2023-12-11,888.9845423908555,885183.613494873,886072.5980372638,0.007769591583522972,7.860725980372639
2023-12-12,888.9845423908555,895593.6117858887,896482.5963282795,0.011748471077962286,7.964825963282795
2023-12-13,888.9845423908555,903471.723739624,904360.7082820148,0.008787802447032034,8.043607082820149
2023-12-14,888.9845423908555,889556.9448852539,890445.9294276447,-0.015386315136140305,7.904459294276448
2023-12-15,888.9845423908555,894074.5722045898,894963.5567469806,0.005073443731995919,7.949635567469807
2023-12-18,888.9845423908555,902746.6407775879,903635.6253199787,0.009689856651280193,8.036356253199786
2023-12-19,888.9845423908555,909412.4694213867,910301.4539637775,0.0073766775645198734,8.103014539637774
2023-12-20,888.9845423908555,896292.5968322754,897181.5813746662,-0.014412667948603963,7.971815813746662
2023-12-21,888.9845423908555,908167.7097473145,909056.6942897053,0.013236019509945685,8.090566942897052
2023-12-22,888.9845423908555,909341.5633392334,910230.5478816242,0.0012912875503723331,8.102305478816241
2023-12-26,888.9845423908555,915078.2828979492,915967.26744034,0.006302490695425211,8.1596726744034
2023-12-27,888.9845423908555,920403.8079986572,921292.792541048,0.0058140997937514705,8.21292792541048
2023-12-28,888.9845423908555,922824.6269683838,923713.6115107746,0.002627632593379614,8.237136115107745
2023-12-29,888.9845423908555,918743.8203735352,919632.804915926,-0.0044178266337054906,8.19632804915926
2024-01-02,736.7566498329979,900802.2572593689,901539.0139092018,-0.019675016930674083,8.015390139092018
2024-01-03,736.7566498329979,887876.9262466431,888613.682896476,-0.014336962475622328,7.88613682896476
2024-01-04,736.7566498329979,889885.8305015564,890622.5871513893,0.002260717220069264,7.906225871513893
2024-01-05,736.7566498329979,897514.5758590698,898251.3325089028,0.008565632028167514,7.982513325089027
2024-01-08,736.7566498329979,915274.9719772339,916011.7286270668,0.019772190115830535,8.160117286270669
2024-01-09,736.7566498329979,915386.9050254822,916123.6616753151,0.00012219608630559264,8.16123661675315
2024-01-10,736.7566498329979,918541.0387496948,919277.7953995278,0.0034429126286779077,8.192777953995277
2024-01-11,736.7566498329979,919539.7989196777,920276.5555695107,0.0010864617583292713,8.202765555695107
2024-01-12,736.7566498329979,921889.0532608032,922625.8099106362,0.0025527699547573945,8.226258099106362
2024-01-16,736.7566498329979,924905.0351638794,925641.7918137123,0.003268911264652674,8.256417918137123
2024-01-17,736.7566498329979,921068.3326644897,921805.0893143227,-0.004144910626681986,8.218050893143227
2024-01-18,736.7566498329979,934266.7870254517,935003.5436752846,0.014318053256550556,8.350035436752846
2024-01-19,736.7566498329979,961872.3219070435,962609.0785568764,0.029524524338250924,8.626090785568763
2024-01-22,736.7566498329979,961824.9207763672,962561.6774262001,-4.924234742031963e-05,8.625616774262001
2024-01-23,736.7566498329979,961190.7935600281,961927.550209861,-0.0006587912558857489,8.61927550209861
2024-01-24,736.7566498329979,971259.5739631653,971996.3306129982,0.010467296004715188,8.719963306129982
2024-01-25,736.7566498329979,977573.5662498474,978310.3228996804,0.006495901360759504,8.783103228996804
2024-01-26,736.7566498329979,971612.2028121948,972348.9594620278,-0.006093530138763459,8.723489594620277
2024-01-29,736.7566498329979,980734.6848487854,981471.4414986183,0.009381901371743995,8.814714414986183
2024-01-30,736.7566498329979,979885.2973098755,980622.0539597084,-0.0008654225716572261,8.806220539597085
2024-01-31,736.7566498329979,966382.7711486816,967119.5277985146,-0.013769347840660195,8.671195277985145
2024-02-01,802.876492954485,972258.4607391357,973061.3372320902,0.006143821174928732,8.730613372320901
2024-02-02,802.876492954485,1003797.3760566711,1004600.2525496256,0.032412052674139824,9.046002525496256
2024-02-05,802.876492954485,1009132.5881958008,1009935.4646887552,0.005310781204353798,9.099354646887551
2024-02-06,802.876492954485,997148.7021217346,997951.5786146891,-0.011865991930246178,8.97951578614689
2024-02-07,802.876492954485,1008214.8847503662,1009017.7612433207,0.01108889736312979,9.090177612433207
2024-02-08,802.876492954485,1012079.1665382385,1012882.043031193,0.0038297460523497584,9.12882043031193
2024-02-09,802.876492954485,1018686.6453819275,1019489.5218748819,0.006523443562998832,9.194895218748819
2024-02-12,802.876492954485,1015614.580165863,1016417.4566588175,-0.0030133367240644526,9.164174566588175
2024-02-13,802.876492954485,1006536.112247467,1007338.9887404215,-0.008931829986705386,9.073389887404215
2024-02-14,802.876492954485,1027654.8265151978,1028457.7030081522,0.020964853444358056,9.284577030081522
2024-02-15,802.876492954485,1033380.5238342285,1034183.400327183,0.005567265724476078,9.34183400327183
2024-02-16,802.876492954485,1027342.0237541199,1028144.9002470743,-0.005838906404993738,9.281449002470744
2024-02-20,802.876492954485,1007297.8160324097,1008100.6925253641,-0.019495508577529685,9.081006925253641
2024-02-21,802.876492954485,997660.3827590942,998463.2592520487,-0.009559990727883494,8.984632592520487
2024-02-22,802.876492954485,1049518.5064315796,1050321.3829245341,0.05193793881943387,9.503213829245341
2024-02-23,802.876492954485,1047031.0350837708,1047833.9115767252,-0.0023682954458023042,9.478339115767252
2024-02-26,802.876492954485,1050626.202720642,1051429.0792135966,0.0034310472271905645,9.514290792135967
2024-02-27,802.876492954485,1050421.5471878052,1051224.4236807597,-0.00019464511385780536,9.512244236807597
2024-02-28,802.876492954485,1045167.6919136047,1045970.5684065592,-0.004997843615357267,9.459705684065591
2024-02-29,802.876492954485,1060754.0872039795,1061556.963696934,0.01490137080445697,9.61556963696934
2024-03-01,1021.0065104831301,1096029.4163513184,1097050.4228618015,0.033435284566604384,9.970504228618015
2024-03-04,1021.0065104831301,1106199.8557815552,1107220.8622920383,0.009270712829867911,10.072208622920384
2024-03-05,1021.0065104831301,1084522.0846557617,1085543.0911662448,-0.01957854287618699,9.855430911662449
2024-03-06,1021.0065104831301,1102300.7370262146,1103321.7435366977,0.01637765696740101,10.033217435366977
2024-03-07,1021.0065104831301,1129398.1755332947,1130419.1820437778,0.024559869925357525,10.304191820437778
2024-03-08,1021.0065104831301,1097914.8929252625,1098935.8994357456,-0.027850980510708445,9.989358994357456
2024-03-11,1021.0065104831301,1078011.9691123962,1079032.9756228793,-0.018111087118989788,9.790329756228793
2024-03-12,1021.0065104831301,1102147.969871521,1103168.976382004,0.022368177158990088,10.03168976382004
2024-03-13,1021.0065104831301,1091368.2995986938,1092389.306109177,-0.009771549512007316,9.92389306109177
2024-03-14,1021.0065104831301,1080127.9720573425,1081148.9785678256,-0.010289671894891272,9.811489785678257
2024-03-15,1021.0065104831301,1072784.3572044373,1073805.3637149204,-0.006792417139988571,9.738053637149203
2024-03-18,1021.0065104831301,1083256.1689338684,1084277.1754443515,0.009752057573267248,9.842771754443515
2024-03-19,1021.0065104831301,1082221.875667572,1083242.8821780551,-0.0009539011700329114,9.832428821780551
2024-03-20,1021.0065104831301,1094859.1732215881,1095880.1797320712,0.011666171790214452,9.958801797320712
2024-03-21,1021.0065104831301,1105705.2874259949,1106726.293936478,0.009897171611460642,10.06726293936478
2024-03-22,1021.0065104831301,1108970.3869132996,1109991.3934237827,0.00295023214429202,10.099913934237827
2024-03-25,1021.0065104831301,1104008.2275733948,1105029.2340838779,-0.00447044848212641,10.050292340838778
2024-03-26,1021.0065104831301,1097425.4019584656,1098446.4084689487,-0.005957150645328091,9.984464084689487
2024-03-27,1021.0065104831301,1096046.6222190857,1097067.6287295688,-0.0012552089284917356,9.970676287295689
2024-03-28,1021.0065104831301,1091217.8767242432,1092238.8832347263,-0.004401502121099243,9.922388832347263
2024-04-01,1088.5218792089508,1094612.8605270386,1095701.3824062475,0.0031700933052913882,9.957013824062475
2024-04-02,1088.5218792089508,1089948.9033355713,1091037.4252147803,-0.004256595151157727,9.910374252147802
2024-04-03,1088.5218792089508,1108041.1470031738,1109129.6688823828,0.016582605921186433,10.091296688823828
2024-04-04,1088.5218792089508,1084417.2922363281,1085505.814115537,-0.021299452561439725,9.855058141155371
2024-04-05,1088.5218792089508,1112973.4954071045,1114062.0172863135,0.026306817337541144,10.140620172863134
2024-04-08,1088.5218792089508,1105974.2979888916,1107062.8198681006,-0.006282592270098086,10.070628198681005
2024-04-09,1088.5218792089508,1098697.9723129272,1099786.4941921362,-0.006572640274226993,9.997864941921362
2024-04-10,1088.5218792089508,1097021.656387329,1098110.178266538,-0.0015242194139050147,9.98110178266538
2024-04-11,1088.5218792089508,1113953.0208511353,1115041.5427303442,0.015418639039056936,10.150415427303443
2024-04-12,1088.5218792089508,1089513.875427246,1090602.397306455,-0.021917699464404028,9.906023973064551
2024-04-15,1088.5218792089508,1073745.8743743896,1074834.3962535986,-0.014458065645004847,9.748343962535985
2024-04-16,1088.5218792089508,1081212.3882217407,1082300.9101009497,0.006946664410234726,9.823009101009497
2024-04-17,1088.5218792089508,1061476.3139648438,1062564.8358440527,-0.018235293043462497,9.625648358440527
2024-04-18,1088.5218792089508,1056856.2122879028,1057944.7341671118,-0.0043480656625258796,9.579447341671118
2024-04-19,1088.5218792089508,1013122.4968490601,1014211.018728269,-0.04133837432753329,9.14211018728269
2024-04-22,1088.5218792089508,1024358.7901306152,1025447.3120098242,0.011078851515185173,9.254473120098242
2024-04-23,1088.5218792089508,1055182.087966919,1056270.609846128,0.030058392542754442,9.562706098461279
2024-04-24,1088.5218792089508,1044639.2782592773,1045727.8001384863,-0.009981163547831184,9.457278001384863
2024-04-25,1088.5218792089508,1034231.1569061279,1035319.6787853369,-0.009952992883780154,9.353196787853369
2024-04-26,1088.5218792089508,1051597.1742401123,1052685.6961193213,0.01677357988052397,9.526856961193213
2024-04-29,1088.5218792089508,1055988.531715393,1057077.053594602,0.0041715751353601505,9.57077053594602
2024-04-30,1088.5218792089508,1044611.7641525269,1045700.2860317358,-0.010762477081665334,9.457002860317358
2024-05-01,505.9970418579171,1024638.850063324,1025144.8471051819,-0.019657103666442022,9.25144847105182
2024-05-02,505.9970418579171,1041591.1873245239,1042097.1843663818,0.01653652877353884,9.420971843663818
2024-05-03,505.9970418579171,1049528.6489181519,1050034.6459600097,0.007616815123105747,9.500346459600097
2024-05-06,505.9970418579171,1070833.7422828674,1071339.7393247252,0.020289895620765108,9.713397393247252
2024-05-07,505.9970418579171,1061202.9052696228,1061708.9023114806,-0.008989526533679237,9.617089023114806
2024-05-08,505.9970418579171,1064154.628818512,1064660.6258603698,0.0027801627569128406,9.646606258603697
2024-05-09,505.9970418579171,1064470.5809936523,1064976.5780355101,0.0002967632759829364,9.649765780355102
2024-05-10,505.9970418579171,1065024.727344513,1065530.7243863707,0.000520336655556175,9.655307243863707
2024-05-13,505.9970418579171,1063969.8985557556,1064475.8955976134,-0.000989956239286105,9.644758955976133
2024-05-14,505.9970418579171,1076522.1404304504,1077028.1374723082,0.011791945620006627,9.770281374723082
2024-05-15,505.9970418579171,1096428.6336288452,1096934.630670703,0.018482797715121624,9.96934630670703
2024-05-16,505.9970418579171,1091946.876586914,1092452.8736287719,-0.004085710229779882,9.92452873628772
2024-05-17,505.9970418579171,1090933.051322937,1091439.0483647948,-0.0009280265432498602,9.914390483647948
2024-05-20,505.9970418579171,1091943.758140564,1092449.7551824218,0.0009260313886891858,9.924497551824217
2024-05-21,505.9970418579171,1104021.4305801392,1104527.427621997,0.011055586201818901,10.04527427621997
2024-05-22,505.9970418579171,1100875.8621749878,1101381.8592168456,-0.0028478861877823114,10.013818592168455
2024-05-23,505.9970418579171,1107391.5443153381,1107897.541357196,0.005915915616209189,10.078975413571959
2024-05-24,505.9970418579171,1124593.6405792236,1125099.6376210814,0.015526793427858454,10.250996376210814
2024-05-28,505.9970418579171,1136178.259399414,1136684.2564412719,0.010296527021095736,10.36684256441272
2024-05-29,505.9970418579171,1125016.0929794312,1125522.090021289,-0.009819935797236612,10.255220900212889
2024-05-30,505.9970418579171,1114480.012462616,1114986.0095044738,-0.009361060622644857,10.149860095044737
2024-05-31,505.9970418579171,1120657.3003463745,1121163.2973882323,0.005540238021913835,10.211632973882324
2024-06-03,767.4556579228083,1124318.214126587,1125085.6697845098,0.003498484480730646,10.250856697845098
2024-06-04,767.4556579228083,1127095.9550476074,1127863.4107055303,0.0024689150307573016,10.278634107055304
2024-06-05,767.4556579228083,1148027.2723999023,1148794.7280578252,0.01855837963499618,10.487947280578252
2024-06-06,767.4556579228083,1144197.7835845947,1144965.2392425176,-0.003333483973922635,10.449652392425175
2024-06-07,767.4556579228083,1138717.1900787354,1139484.6457366582,-0.004786689864475946,10.394846457366583
2024-06-10,767.4556579228083,1145502.9990997314,1146270.4547576543,0.00595515617203346,10.462704547576543
2024-06-11,767.4556579228083,1139282.0751953125,1140049.5308532354,-0.005427099580730399,10.400495308532355
2024-06-12,767.4556579228083,1151366.6685333252,1152134.124191248,0.010600059919298799,10.52134124191248
2024-06-13,767.4556579228083,1149965.8665618896,1150733.3222198125,-0.0012158323775184332,10.507333222198126
2024-06-14,767.4556579228083,1155354.7070465088,1156122.1627044317,0.004682962056077322,10.561221627044317
2024-06-17,767.4556579228083,1169426.7133789062,1170194.1690368291,0.012171729585634727,10.701941690368292
2024-06-18,767.4556579228083,1182783.6531982422,1183551.108856165,0.011414293604222747,10.83551108856165
2024-06-20,767.4556579228083,1169053.6575164795,1169821.1131744024,-0.011600678313783974,10.698211131744024
2024-06-21,767.4556579228083,1162359.9113616943,1163127.3670196172,-0.005722025427136623,10.631273670196173
2024-06-24,767.4556579228083,1146990.2497558594,1147757.7054137823,-0.013214083033071478,10.477577054137823
2024-06-25,767.4556579228083,1154513.1047973633,1155280.5604552862,0.006554392975119949,10.552805604552862
2024-06-26,767.4556579228083,1153067.1758117676,1153834.6314696905,-0.0012515825463433883,10.538346314696904
2024-06-27,767.4556579228083,1148500.1299438477,1149267.5856017706,-0.003958145945145208,10.492675856017705
2024-06-28,767.4556579228083,1148703.6660766602,1149471.121734583,0.00017710073386090208,10.49471121734583
2024-07-01,160.42336887713282,1152712.7688980103,1152873.1922668873,0.002959683343040753,10.528731922668873
2024-07-02,160.42336887713282,1158841.6006774902,1159002.0240463673,0.005316136952953965,10.590020240463673
2024-07-03,160.42336887713282,1173532.6344604492,1173693.0578293263,0.012675589410680033,10.736930578293263
2024-07-05,160.42336887713282,1185564.917388916,1185725.340757793,0.010251643603243155,10.85725340757793
2024-07-08,160.42336887713282,1189867.4413452148,1190027.8647140919,0.0036286008305677075,10.900278647140919
2024-07-09,160.42336887713282,1190466.9536132812,1190627.3769821583,0.0005037800255294211,10.906273769821583
2024-07-10,160.42336887713282,1200135.420578003,1200295.84394688,0.008120480976363975,11.0029584394688
2024-07-11,160.42336887713282,1164965.0118789673,1165125.4352478443,-0.029301450035339904,10.651254352478443
2024-07-12,160.42336887713282,1164232.1900177002,1164392.6133865772,-0.0006289639201904063,10.643926133865772
2024-07-15,160.42336887713282,1169643.1540374756,1169803.5774063526,0.004647027091693623,10.698035774063527
2024-07-16,160.42336887713282,1165177.546722412,1165337.9700912891,-0.0038173992636990617,10.653379700912891
2024-07-17,160.42336887713282,1115572.5062332153,1115732.9296020924,-0.04256708505371265,10.157329296020924
2024-07-18,160.42336887713282,1114334.8457946777,1114495.2691635548,-0.001109280192150508,10.144952691635547
2024-07-19,160.42336887713282,1106279.5043792725,1106439.9277481495,-0.007227793278522299,10.064399277481495
2024-07-22,160.42336887713282,1132778.3794174194,1132938.8027862965,0.02394967351917421,10.329388027862965
2024-07-23,160.42336887713282,1143711.4911727905,1143871.9145416676,0.009650222702658473,10.438719145416675
2024-07-24,160.42336887713282,1091206.0606002808,1091366.4839691578,-0.045901494656023556,9.913664839691577
2024-07-25,160.42336887713282,1073209.177734375,1073369.601103252,-0.016490228653947114,9.73369601103252
2024-07-26,160.42336887713282,1083434.6574172974,1083595.0807861744,0.009526522525337144,9.835950807861744
2024-07-29,160.42336887713282,1080710.1732330322,1080870.5966019093,-0.002514300989894136,9.808705966019092
2024-07-30,160.42336887713282,1054296.4607009888,1054456.8840698658,-0.024437442016726263,9.544568840698657
2024-07-31,160.42336887713282,1099610.2899093628,1099770.7132782398,0.042973619778057914,9.997707132782399
2024-08-01,433.6189448447112,1076929.2896499634,1077362.908594808,-0.020374978541334077,9.77362908594808
2024-08-02,433.6189448447112,1051046.6253890991,1051480.2443339438,-0.02402409072595857,9.514802443339438
2024-08-05,433.6189448447112,1016924.4578323364,1017358.0767771811,-0.032451553646048015,9.173580767771812
2024-08-06,433.6189448447112,1030195.3377151489,1030628.9566599936,0.013044453261581657,9.306289566599936
2024-08-07,433.6189448447112,1011571.6444625854,1012005.2634074301,-0.018070221229683048,9.120052634074302
2024-08-08,433.6189448447112,1043416.9679489136,1043850.5868937583,0.03146754729229828,9.438505868937582
2024-08-09,433.6189448447112,1049868.501411438,1050302.1203562827,0.006180514283871341,9.503021203562827
2024-08-12,433.6189448447112,1055374.1841506958,1055807.8030955405,0.00524199907107703,9.558078030955405
2024-08-13,433.6189448447112,1081994.524711609,1082428.1436564536,0.0252132447618445,9.824281436564537
2024-08-14,433.6189448447112,1085465.9257659912,1085899.544710836,0.0032070498856910934,9.85899544710836
2024-08-15,433.6189448447112,1117058.393005371,1117492.0119502158,0.029093360793140954,10.174920119502158
2024-08-16,433.6189448447112,1120913.7780838013,1121347.397028646,0.00345003368006358,10.21347397028646
2024-08-19,433.6189448447112,1133018.300933838,1133451.9198786826,0.010794623398699965,10.334519198786825
2024-08-20,433.6189448447112,1129989.0721740723,1130422.691118917,-0.002672569260890989,10.30422691118917
2024-08-21,433.6189448447112,1137357.7244262695,1137791.3433711142,0.006518492870046355,10.377913433711143
2024-08-22,433.6189448447112,1118685.181678772,1119118.8006236167,-0.016411218855096443,10.191188006236167
2024-08-23,433.6189448447112,1142161.2871780396,1142594.9061228842,0.020977313120095653,10.425949061228842
2024-08-26,433.6189448447112,1130516.0881271362,1130949.707071981,-0.010191887770984787,10.309497070719809
2024-08-27,433.6189448447112,1133010.2979278564,1133443.9168727011,0.0022054117748326885,10.33443916872701
2024-08-28,433.6189448447112,1123267.4665756226,1123701.0855204673,-0.008595777177149988,10.237010855204673
2024-08-29,433.6189448447112,1123043.0972061157,1123476.7161509604,-0.00019966997664944142,10.234767161509604
2024-08-30,433.6189448447112,1138235.3029785156,1138668.9219233603,0.013522492770877026,10.386689219233602
2024-09-03,868.6473307646512,1095667.8984909058,1096536.5458216704,-0.03700142797479955,9.965365458216704
2024-09-04,868.6473307646512,1096422.71559906,1097291.3629298247,0.0006883647526665371,9.972913629298247
2024-09-05,868.6473307646512,1088769.927947998,1089638.5752787627,-0.006974253064955027,9.896385752787626
2024-09-06,868.6473307646512,1064099.1613006592,1064967.8086314239,-0.02264123830328546,9.649678086314239
2024-09-09,868.6473307646512,1078546.4060897827,1079415.0534205474,0.013565898116384867,9.794150534205475
2024-09-10,868.6473307646512,1094056.6064300537,1094925.2537608184,0.014369079151824726,9.949252537608183
2024-09-11,868.6473307646512,1115973.620628357,1116842.2679591216,0.020016904462677454,10.168422679591217
2024-09-12,868.6473307646512,1128512.7544937134,1129381.401824478,0.011227309553989206,10.293814018244781
2024-09-13,868.6473307646512,1141119.172592163,1141987.8199229278,0.011162232774583059,10.419878199229277
2024-09-16,868.6473307646512,1143277.3731079102,1144146.0204386748,0.0018898629898633779,10.441460204386749
2024-09-17,868.6473307646512,1134612.7938537598,1135481.4411845244,-0.007572966299203898,10.354814411845245
2024-09-18,868.6473307646512,1133387.6920928955,1134256.3394236602,-0.0010789271549751511,10.342563394236603
2024-09-19,868.6473307646512,1156739.10836792,1157607.7556986846,0.02058742407989511,10.576077556986846
2024-09-20,868.6473307646512,1158513.9679641724,1159382.615294937,0.0015332132905252482,10.59382615294937
2024-09-23,868.6473307646512,1160139.5522155762,1161008.1995463409,0.0014021119774942914,10.610081995463409
2024-09-24,868.6473307646512,1168456.8479995728,1169325.4953303374,0.007163856196060081,10.693254953303374
2024-09-25,868.6473307646512,1171049.474975586,1171918.1223063506,0.002217198706747414,10.719181223063506
2024-09-26,868.6473307646512,1172107.0238952637,1172975.6712260284,0.0009024085382316471,10.729756712260283
2024-09-27,868.6473307646512,1163777.8001480103,1164646.447478775,-0.007100934786266722,10.646464474787749
2024-09-30,868.6473307646512,1169946.0063400269,1170814.6536707915,0.00529620487433724,10.708146536707915
2024-10-01,568.0469923532219,1150436.0063858032,1151004.0533781564,-0.016920355609253868,10.510040533781563
2024-10-02,568.0469923532219,1147943.6849975586,1148511.7319899118,-0.002165345448549738,10.485117319899118
2024-10-03,568.0469923532219,1145276.5637054443,1145844.6106977975,-0.002322241225601762,10.458446106977975
2024-10-04,568.0469923532219,1161165.0994491577,1161733.1464415109,0.01386622199500298,10.617331464415109
2024-10-07,568.0469923532219,1148067.7037963867,1148635.7507887399,-0.011274013910069991,10.4863575078874
2024-10-08,568.0469923532219,1166608.9330368042,1167176.9800291574,0.016141957298199783,10.671769800291573
2024-10-09,568.0469923532219,1180058.4685516357,1180626.515543989,0.011523132948094705,10.806265155439888
2024-10-10,568.0469923532219,1169666.5014801025,1170234.5484724557,-0.008802078332744379,10.702345484724557
2024-10-11,568.0469923532219,1162447.7369155884,1163015.7839079415,-0.006168647621912271,10.630157839079416
2024-10-14,568.0469923532219,1171181.1052703857,1171749.152262739,0.007509243189676829,10.71749152262739
2024-10-15,568.0469923532219,1166041.6680679321,1166609.7150602853,-0.004386124105598022,10.666097150602853
2024-10-16,568.0469923532219,1167482.0061035156,1168050.0530958688,0.0012346357286328047,10.680500530958687
2024-10-17,568.0469923532219,1168754.559791565,1169322.606783918,0.0010894684561475465,10.69322606783918
2024-10-18,568.0469923532219,1168420.5160675049,1168988.563059858,-0.00028567285206160253,10.68988563059858
2024-10-21,568.0469923532219,1163125.7458877563,1163693.7928801095,-0.004529360121273807,10.636937928801094
2024-10-22,568.0469923532219,1152323.4661560059,1152891.513148359,-0.009282751010482926,10.52891513148359
2024-10-23,568.0469923532219,1142710.841140747,1143278.8881331002,-0.00833784003579685,10.432788881331001
2024-10-24,568.0469923532219,1156039.8583145142,1156607.9053068673,0.011658587692048084,10.566079053068673
2024-10-25,568.0469923532219,1156246.4856796265,1156814.5326719796,0.0001786494491038404,10.568145326719796
2024-10-28,568.0469923532219,1152189.5483551025,1152757.5953474557,-0.0035069902823171573,10.527575953474557
2024-10-29,568.0469923532219,1151743.8711929321,1152311.9181852853,-0.0003866182829496134,10.523119181852852
2024-10-30,568.0469923532219,1143387.2240905762,1143955.2710829293,-0.007252070355669327,10.439552710829293
2024-10-31,568.0469923532219,1124156.5709609985,1124724.6179533517,-0.01681066875226067,10.247246179533517
2024-11-01,91.57228104263845,1123580.2893218994,1123671.861602942,-0.0009360125435197153,10.23671861602942
2024-11-04,91.57228104263845,1118090.9763183594,1118182.548599402,-0.004885156593411044,10.18182548599402
2024-11-05,91.57228104263845,1138375.3126449585,1138466.884926001,0.018140451531824198,10.384668849260011
2024-11-06,91.57228104263845,1188216.7338256836,1188308.3061067262,0.04377942111505928,10.883083061067262
2024-11-07,91.57228104263845,1204919.910446167,1205011.4827272096,0.01405626514150038,11.050114827272095
2024-11-08,91.57228104263845,1217737.9995269775,1217829.5718080201,0.010637316958839627,11.178295718080202
2024-11-11,91.57228104263845,1216154.2780761719,1216245.8503572145,-0.0013004458813185016,11.162458503572145
2024-11-12,91.57228104263845,1208114.8814926147,1208206.4537736573,-0.006610009465763844,11.082064537736573
2024-11-13,91.57228104263845,1207857.712486267,1207949.2847673097,-0.00021285187274444617,11.079492847673096
2024-11-14,91.57228104263845,1191607.365989685,1191698.9382707276,-0.013452838377823406,10.916989382707277
2024-11-15,91.57228104263845,1177302.0508728027,1177393.6231538453,-0.012004135153162676,10.773936231538453
2024-11-18,91.57228104263845,1189181.1951293945,1189272.767410437,0.010089356713833375,10.892727674104371
2024-11-19,91.57228104263845,1206481.2903289795,1206572.862610022,0.014546784954350578,11.06572862610022
2024-11-20,91.57228104263845,1208242.3108444214,1208333.883125464,0.001459522727564444,11.08333883125464
2024-11-21,91.57228104263845,1218069.555305481,1218161.1275865235,0.008132888267306182,11.181611275865235
2024-11-22,91.57228104263845,1226748.552330017,1226840.1246110597,0.007124670807491018,11.268401246110598
2024-11-25,91.57228104263845,1207639.9570617676,1207731.5293428102,-0.015575456724084114,11.077315293428102
2024-11-26,91.57228104263845,1216616.349281311,1216707.9215623536,0.007432440075840319,11.167079215623536
2024-11-27,91.57228104263845,1205479.3347625732,1205570.9070436158,-0.009153400188631089,11.055709070436158
2024-11-29,91.57228104263845,1219853.3061904907,1219944.8784715333,0.011922958113817161,11.199448784715333
2024-12-02,849.0599992736234,1229330.046043396,1230179.1060426696,0.008389090156236234,11.301791060426696
2024-12-03,849.0599992736234,1230635.4575195312,1231484.5175188049,0.00106115562337461,11.314845175188049
2024-12-04,849.0599992736234,1253937.027053833,1254786.0870531066,0.018921528612677818,11.547860870531066
2024-12-05,849.0599992736234,1255936.1065063477,1256785.1665056213,0.0015931635464732086,11.567851665056212
2024-12-06,849.0599992736234,1273146.1885375977,1273995.2485368713,0.013693734211632336,11.739952485368713
2024-12-09,849.0599992736234,1253629.6318130493,1254478.691812323,-0.01531917544195105,11.54478691812323
2024-12-10,849.0599992736234,1244385.940422058,1245235.0004213317,-0.007368551934219814,11.452350004213317
2024-12-11,849.0599992736234,1260047.5594711304,1260896.619470404,0.012577239672650675,11.60896619470404
2024-12-12,849.0599992736234,1253625.7010726929,1254474.7610719665,-0.005093088758644448,11.544747610719664
2024-12-13,849.0599992736234,1253338.3721237183,1254187.432122992,-0.0002290432282026078,11.541874321229919
2024-12-16,849.0599992736234,1261627.1742401123,1262476.234239386,0.006608902229520375,11.62476234239386
2024-12-17,849.0599992736234,1261066.7691726685,1261915.829171942,-0.00044389355795004803,11.61915829171942
2024-12-18,849.0599992736234,1210978.2417526245,1211827.3017518981,-0.039692447199835446,11.118273017518982
2024-12-19,849.0599992736234,1212820.4398117065,1213669.4998109802,0.0015201820064780769,11.136694998109801
2024-12-20,849.0599992736234,1218188.4825286865,1219037.5425279601,0.004422985596833406,11.190375425279601
2024-12-23,849.0599992736234,1219072.240234375,1219921.3002336486,0.0007249634854196163,11.199213002336487
2024-12-24,849.0599992736234,1246538.3590011597,1247387.4190004333,0.02251466448001538,11.473874190004333
2024-12-26,849.0599992736234,1242517.033821106,1243366.0938203796,-0.0032237980909540775,11.433660938203795
2024-12-27,849.0599992736234,1222875.9348449707,1223724.9948442443,-0.015796714317490967,11.237249948442443
2024-12-30,849.0599992736234,1208519.563369751,1209368.6233690246,-0.0117316975102294,11.093686233690246
2024-12-31,849.0599992736234,1201611.4167480469,1202460.4767473205,-0.00571219269974077,11.024604767473205
2025-01-02,335.7876357973146,1189076.7765274048,1189412.5641632022,-0.01085101160198898,10.894125641632021
2025-01-03,335.7876357973146,1205030.0096244812,1205365.7972602786,0.013412699325485944,11.053657972602785
2025-01-06,335.7876357973146,1211509.8253669739,1211845.6130027713,0.005375808536479898,11.118456130027713
2025-01-07,335.7876357973146,1193603.3394012451,1193939.1270370425,-0.014776210577978843,10.939391270370425
2025-01-08,335.7876357973146,1197406.4225158691,1197742.2101516665,0.003185324132949807,10.977422101516666
2025-01-10,335.7876357973146,1175258.6862869263,1175594.4739227237,-0.018491237965253315,10.755944739227237
2025-01-13,335.7876357973146,1177895.342918396,1178231.1305541934,0.0022428283646755975,10.782311305541935
2025-01-14,335.7876357973146,1178424.0191764832,1178759.8068122806,0.0004487033523197237,10.787598068122806
2025-01-15,335.7876357973146,1212439.0774269104,1212774.8650627078,0.028856649212034347,11.127748650627078
2025-01-16,335.7876357973146,1212458.8690719604,1212794.6567077579,1.6319306756829022e-05,11.12794656707758
2025-01-17,335.7876357973146,1234359.259349823,1234695.0469856204,0.018057789219910525,11.346950469856203
2025-01-21,335.7876357973146,1245939.8203926086,1246275.608028406,0.009379288489945958,11.462756080284061
2025-01-22,335.7876357973146,1258892.0706367493,1259227.8582725467,0.010392765581467955,11.592278582725466
2025-01-23,335.7876357973146,1269668.6799736023,1270004.4676093997,0.008558109055526009,11.700044676093997
2025-01-24,335.7876357973146,1270043.8784828186,1270379.666118616,0.0002954308577531872,11.70379666118616
2025-01-27,335.7876357973146,1246458.8886146545,1246794.676250452,-0.018565308070636166,11.46794676250452
2025-01-28,335.7876357973146,1258800.139099121,1259135.9267349185,0.009898382403733974,11.591359267349185
2025-01-29,335.7876357973146,1254718.0177192688,1255053.8053550662,-0.0032420021485985995,11.550538053550662
2025-01-30,335.7876357973146,1266252.0678901672,1266587.8555259646,0.009190084219246053,11.665878555259646
2025-01-31,335.7876357973146,1269406.5147590637,1269742.3023948611,0.0024905077489365546,11.69742302394861
2025-02-03,1444.8017918290952,1260021.2448425293,1261466.0466343584,-0.006518059408505916,11.614660466343583
2025-02-04,1444.8017918290952,1272202.2017669678,1273647.0035587968,0.009656190871674797,11.736470035587969
2025-02-05,1444.8017918290952,1275235.997505188,1276680.799297017,0.0023819753273419675,11.76680799297017
2025-02-06,1444.8017918290952,1279848.25806427,1281293.059856099,0.003612696737995691,11.81293059856099
2025-02-07,1444.8017918290952,1266288.9423599243,1267733.7441517534,-0.010582524895489942,11.677337441517533
2025-02-10,1444.8017918290952,1264073.5027542114,1265518.3045460405,-0.0017475590721892642,11.655183045460404
2025-02-11,1444.8017918290952,1258251.4299621582,1259696.2317539873,-0.004600544117883576,11.596962317539873
2025-02-12,1444.8017918290952,1264537.0785675049,1265981.880359334,0.004989812977843622,11.659818803593339
2025-02-13,1444.8017918290952,1279492.4202728271,1280937.2220646562,0.011813235195023086,11.809372220646562
2025-02-14,1444.8017918290952,1285394.3795776367,1286839.1813694658,0.004607532050084906,11.868391813694657
2025-02-18,1444.8017918290952,1284290.430885315,1285735.232677144,-0.0008578761886524067,11.85735232677144
2025-02-19,1444.8017918290952,1284277.048713684,1285721.8505055131,-1.0408186141841469e-05,11.857218505055132
2025-02-20,1444.8017918290952,1249224.2542800903,1250669.0560719194,-0.02726312415069554,11.506690560719194
2025-02-21,1444.8017918290952,1223298.6694107056,1224743.4712025346,-0.020729372605420848,11.247434712025346
2025-02-24,1444.8017918290952,1210611.7388687134,1212056.5406605424,-0.010358847252751935,11.120565406605424
2025-02-25,1444.8017918290952,1197669.7033920288,1199114.5051838579,-0.010677748968403344,10.99114505183858
2025-02-26,1444.8017918290952,1198336.1193847656,1199780.9211765947,0.0005557567603893254,10.997809211765947
2025-02-27,1444.8017918290952,1184046.6987609863,1185491.5005528154,-0.011910024881680914,10.854915005528154
2025-02-28,1444.8017918290952,1207722.8586425781,1209167.6604344072,0.01997159816881955,11.091676604344071
2025-03-03,293.43210548631816,1186518.3341140747,1186811.766219561,-0.018488663686898943,10.86811766219561
2025-03-04,293.43210548631816,1172222.2325820923,1172515.6646875786,-0.012045803672406152,10.725156646875785
2025-03-05,293.43210548631816,1186263.551498413,1186556.9836038994,0.011975378529430758,10.865569836038993
2025-03-06,293.43210548631816,1149938.9694099426,1150232.401515429,-0.030613432469246193,10.502324015154288
2025-03-07,293.43210548631816,1163833.2946014404,1164126.7267069267,0.012079580764019493,10.641267267069267
2025-03-10,293.43210548631816,1138184.470149994,1138477.9022554802,-0.02203267381722418,10.384779022554802
2025-03-11,293.43210548631816,1130792.1655845642,1131085.5976900505,-0.006493147166742985,10.310855976900505
2025-03-12,293.43210548631816,1135409.8796348572,1135703.3117403435,0.0040825504804618,10.357033117403434
2025-03-13,293.43210548631816,1117073.488521576,1117366.9206270622,-0.016145406043751587,10.173669206270622
2025-03-14,293.43210548631816,1131334.4852867126,1131627.917392199,0.012763038266009774,10.31627917392199
2025-03-17,293.43210548631816,1145677.7084083557,1145971.140513842,0.01267485796452994,10.45971140513842
2025-03-18,293.43210548631816,1127085.8634910583,1127379.2955965446,-0.016223658921254325,10.273792955965446
2025-03-19,293.43210548631816,1144859.1965255737,1145152.62863106,0.015765176018343263,10.4515262863106
2025-03-20,293.43210548631816,1133725.438697815,1134018.8708033012,-0.009722509951418767,10.340188708033013
2025-03-21,293.43210548631816,1134997.1985054016,1135290.630610888,0.0011214626496345304,10.35290630610888
2025-03-24,293.43210548631816,1152071.7249946594,1152365.1571001457,0.01503978455285071,10.523651571001457
2025-03-25,293.43210548631816,1147611.0066490173,1147904.4387545036,-0.0038709243490728795,10.479044387545036
2025-03-26,293.43210548631816,1136035.223033905,1136328.6551393913,-0.010084274634979407,10.363286551393912
2025-03-27,293.43210548631816,1134227.4263763428,1134520.858481829,-0.001590910032397752,10.345208584818291
2025-03-28,293.43210548631816,1115017.2474060059,1115310.6795114921,-0.016932415853546545,10.15310679511492
2025-03-31,293.43210548631816,1127306.4258155823,1127599.8579210686,0.01101861448592878,10.275998579210686
2025-04-01,626.8019292049721,1128668.2935562134,1129295.0954854183,0.0015034034923304684,10.292950954854183
2025-04-02,626.8019292049721,1126142.184638977,1126768.986568182,-0.0022368900098255207,10.26768986568182
2025-04-03,626.8019292049721,1101734.9416809082,1102361.7436101132,-0.02166126619477371,10.023617436101132
2025-04-04,626.8019292049721,1025988.1499404907,1026614.9518696957,-0.06871318982129682,9.266149518696956
2025-04-07,626.8019292049721,1019962.1636352539,1020588.9655644589,-0.005869762849510574,9.205889655644588
2025-04-08,626.8019292049721,1002873.4012756348,1003500.2032048397,-0.016744020302206453,9.035002032048396
2025-04-09,626.8019292049721,1056724.122932434,1057350.924861639,0.05366289063501761,9.573509248616391
2025-04-10,626.8019292049721,1021961.75365448,1022588.5555836849,-0.03287685144125918,9.22588555583685
2025-04-11,626.8019292049721,1037136.2014923096,1037763.0034215145,0.014839250600812814,9.377630034215144
2025-04-14,626.8019292049721,1051334.9467697144,1051961.7486989193,0.013682069249521644,9.519617486989192
2025-04-15,626.8019292049721,1055382.8199615479,1056009.6218907528,0.003847928117956645,9.560096218907528
2025-04-16,626.8019292049721,1046713.4360198975,1047340.2379491024,-0.00820956908150905,9.473402379491024
2025-04-17,626.8019292049721,1054036.3697357178,1054663.1716649227,0.006991933901212555,9.546631716649227
2025-04-21,626.8019292049721,1041182.9136810303,1041809.7156102352,-0.012187261677485739,9.418097156102352
2025-04-22,626.8019292049721,1070472.2541656494,1071099.0560948544,0.02811390606725439,9.710990560948543
2025-04-23,626.8019292049721,1074075.475883484,1074702.2778126888,0.0033640415396980483,9.747022778126889
2025-04-24,626.8019292049721,1079663.3647766113,1080290.1667058163,0.005199476179114759,9.802901667058164
2025-04-25,626.8019292049721,1084518.6064834595,1085145.4084126644,0.004494386653220772,9.851454084126644
2025-04-28,626.8019292049721,1095816.0015792847,1096442.8035084896,0.010410950466399616,9.964428035084897
2025-04-29,626.8019292049721,1103345.5802459717,1103972.3821751766,0.006867279025037254,10.039723821751766
2025-04-30,626.8019292049721,1104546.52999115,1105173.3319203549,0.001087844011832928,10.05173331920355
2025-05-01,735.7978378106782,1098337.4623031616,1099073.2601409722,-0.005519561143212837,9.990732601409722
2025-05-02,735.7978378106782,1116766.7038269043,1117502.501664715,0.0167679828016003,10.17502501664715
2025-05-05,735.7978378106782,1117258.1747436523,1117993.972581463,0.0004397940192670813,10.179939725814629
2025-05-06,735.7978378106782,1109984.8512420654,1110720.649079876,-0.006505691157522753,10.10720649079876
2025-05-07,735.7978378106782,1119401.7962341309,1120137.5940719415,0.008478229877032062,10.201375940719414
2025-05-08,735.7978378106782,1112316.7681503296,1113052.5659881402,-0.006325140876707547,10.130525659881402
2025-05-09,735.7978378106782,1106657.7163772583,1107393.514215069,-0.005084262815608698,10.073935142150688
2025-05-12,735.7978378106782,1114924.9678726196,1115660.7657104302,0.007465504709246229,10.156607657104303
2025-05-13,735.7978378106782,1117603.141571045,1118338.9394088555,0.0024005269170865873,10.183389394088556
2025-05-14,735.7978378106782,1113935.19039917,1114670.9882369805,-0.0032798206720887624,10.146709882369805
2025-05-15,735.7978378106782,1137036.0956497192,1137771.8934875298,0.020724415988512268,10.377718934875299
2025-05-16,735.7978378106782,1147675.7097625732,1148411.5076003838,0.009351271703716524,10.484115076003839
2025-05-19,735.7978378106782,1152392.544456482,1153128.3422942925,0.004107268747040482,10.531283422942925
2025-05-20,735.7978378106782,1149629.0825500488,1150364.8803878594,-0.0023964911840904657,10.503648803878594
2025-05-21,735.7978378106782,1134652.1830444336,1135387.9808822442,-0.01301926002866638,10.353879808822441
2025-05-22,735.7978378106782,1127348.3203048706,1128084.1181426812,-0.006432922368869498,10.280841181426812
2025-05-23,735.7978378106782,1124881.2890396118,1125617.0868774224,-0.0021869213701196655,10.256170868774223
2025-05-27,735.7978378106782,1140789.7973556519,1141525.5951934624,0.014133143945221915,10.415255951934624
2025-05-28,735.7978378106782,1137173.7554244995,1137909.55326231,-0.003167727422300648,10.3790955326231
2025-05-29,735.7978378106782,1137103.2846832275,1137839.0825210381,-6.193000231868862e-05,10.378390825210381
2025-05-30,735.7978378106782,1150025.4599151611,1150761.2577529717,0.011356768659503969,10.507612577529716
2025-06-02,568.5515844653273,1160706.3829574585,1161274.934541924,0.00913627976100062,10.612749345419239
2025-06-03,568.5515844653273,1169805.0978622437,1170373.649446709,0.007835108322883366,10.70373649446709
2025-06-04,568.5515844653273,1175809.9612579346,1176378.5128424,0.005130723336542742,10.763785128424
2025-06-05,568.5515844653273,1158707.0661315918,1159275.6177160572,-0.014538598707501293,10.592756177160572
2025-06-06,568.5515844653273,1164846.5007629395,1165415.0523474049,0.005295923193350038,10.65415052347405
2025-06-09,568.5515844653273,1167393.0450286865,1167961.596613152,0.0021850964260481387,10.67961596613152
2025-06-10,568.5515844653273,1175465.8862762451,1176034.4378607105,0.006911906411108282,10.760344378607105
2025-06-11,568.5515844653273,1184663.774269104,1185232.3258535694,0.007821104294862824,10.852323258535694
2025-06-12,568.5515844653273,1182115.4666671753,1182684.0182516407,-0.002150049021058753,10.826840182516408
2025-06-13,568.5515844653273,1165300.6210479736,1165869.172632439,-0.014217530092322517,10.65869172632439
2025-06-16,568.5515844653273,1180619.8312225342,1181188.3828069996,0.013139733457375069,10.811883828069996
2025-06-17,568.5515844653273,1172493.206451416,1173061.7580358814,-0.00688004122746777,10.730617580358814
2025-06-18,568.5515844653273,1171221.2839736938,1171789.8355581593,-0.0010842758013455134,10.717898355581593
2025-06-20,568.5515844653273,1167238.0312271118,1167806.5828115772,-0.003399289382540749,10.678065828115772
2025-06-23,568.5515844653273,1194664.7985153198,1195233.3500997853,0.02348571046943082,10.952333500997852
2025-06-24,568.5515844653273,1211958.4532241821,1212527.0048086476,0.01446885221820371,11.125270048086476
2025-06-25,568.5515844653273,1211090.3645706177,1211658.916155083,-0.0007159334597265365,11.11658916155083
2025-06-26,568.5515844653273,1224221.5523223877,1224790.1039068531,0.01083736320237616,11.247901039068532
2025-06-27,568.5515844653273,1230301.6350097656,1230870.186594231,0.004964183387817789,11.30870186594231
2025-06-30,568.5515844653273,1241446.7708435059,1242015.3224279713,0.009054680140217153,11.420153224279712
2025-07-01,417.2023655351368,1211425.1830749512,1211842.3854404863,-0.024293530395825602,11.118423854404863
2025-07-02,417.2023655351368,1221206.210861206,1221623.4132267411,0.008071204559080947,11.216234132267411
2025-07-03,417.2023655351368,1236938.8835601807,1237356.0859257157,0.012878496375097415,11.373560859257157
2025-07-07,417.2023655351368,1228008.4582061768,1228425.6605717118,-0.007217344671903936,11.284256605717118
2025-07-08,417.2023655351368,1227041.9931259155,1227459.1954914506,-0.0007867509701900977,11.274591954914506
2025-07-09,417.2023655351368,1239665.1045379639,1240082.306903499,0.010283935676569822,11.40082306903499
2025-07-10,417.2023655351368,1241585.5196914673,1242002.7220570024,0.0015486191060161136,11.420027220570024
2025-07-11,417.2023655351368,1238690.0056152344,1239107.2079807695,-0.002331326674902434,11.391072079807694
2025-07-14,417.2023655351368,1244674.7102127075,1245091.9125782426,0.004829852137835378,11.450919125782425
2025-07-15,417.2023655351368,1261433.363822937,1261850.566188472,0.013459772279402982,11.61850566188472
2025-07-16,417.2023655351368,1268649.655265808,1269066.8576313432,0.005718816186506492,11.690668576313431
2025-07-17,417.2023655351368,1277066.2083969116,1277483.4107624467,0.006632080162279674,11.774834107624468
2025-07-18,417.2023655351368,1267780.8452835083,1268198.0476490434,-0.007268480385088871,11.681980476490434
2025-07-21,417.2023655351368,1270792.7776412964,1271209.9800068315,0.0023749700319848355,11.712099800068314
2025-07-22,417.2023655351368,1247329.534461975,1247746.7368275102,-0.018457409514040513,11.477467368275102
2025-07-23,417.2023655351368,1263598.047554016,1264015.2499195512,0.013038313474900365,11.640152499195512
2025-07-24,417.2023655351368,1267335.8373336792,1267753.0396992143,0.0029570764908897207,11.677530396992143
2025-07-25,417.2023655351368,1276370.9320907593,1276788.1344562944,0.007126857103985973,11.767881344562944
2025-07-28,417.2023655351368,1288704.9581375122,1289122.1605030473,0.009660197893368805,11.891221605030474
2025-07-29,417.2023655351368,1291224.6828689575,1291641.8852344926,0.001954605086039285,11.916418852344925
2025-07-30,417.2023655351368,1300040.685409546,1300457.887775081,0.006825423239497974,12.00457887775081
2025-07-31,417.2023655351368,1304199.7846069336,1304616.9869724687,0.003198180607373091,12.046169869724686
2025-08-01,976.7898337342938,1277536.668914795,1278513.4587485292,-0.020008576068380135,11.785134587485292
2025-08-04,976.7898337342938,1311359.321548462,1312336.1113821962,0.02645467077583552,12.123361113821963
2025-08-05,976.7898337342938,1299653.1007537842,1300629.8905875185,-0.008920139203018929,12.006298905875184
2025-08-06,976.7898337342938,1296030.286026001,1297007.0758597353,-0.0027854309315824555,11.970070758597352
2025-08-07,976.7898337342938,1292311.2574920654,1293288.0473257997,-0.0028673926327428267,11.932880473257997
2025-08-08,976.7898337342938,1298764.2084655762,1299740.9982993104,0.004989569792169579,11.997409982993105
2025-08-11,976.7898337342938,1295886.1694488525,1296862.9592825868,-0.002214317329752191,11.968629592825868
2025-08-12,976.7898337342938,1318315.2390136719,1319292.0288474062,0.017294864815343924,12.192920288474062
2025-08-13,976.7898337342938,1308080.771331787,1309057.5611655214,-0.007757545303162416,12.090575611655213
2025-08-14,976.7898337342938,1311568.6074523926,1312545.3972861269,0.002664387131685819,12.12545397286127
2025-08-15,976.7898337342938,1299039.2871246338,1300016.076958368,-0.009545818646474968,12.000160769583681
2025-08-18,976.7898337342938,1297766.572845459,1298743.3626791933,-0.0009789988768081903,11.987433626791933
2025-08-19,976.7898337342938,1266818.0539550781,1267794.8437888124,-0.023829587722809853,11.677948437888125
2025-08-20,976.7898337342938,1264740.3622436523,1265717.1520773866,-0.0016388232856481277,11.657171520773867
2025-08-21,976.7898337342938,1259089.3207855225,1260066.1106192567,-0.0044646953301177295,11.600661106192568
2025-08-22,976.7898337342938,1282377.77293396,1283354.5627676942,0.018481928806888037,11.833545627676942
2025-08-25,976.7898337342938,1276949.677520752,1277926.4673544862,-0.004229614769515999,11.779264673544862
2025-08-26,976.7898337342938,1288069.9596862793,1289046.7495200136,0.008701816927344952,11.890467495200136
2025-08-27,976.7898337342938,1290737.5895233154,1291714.3793570497,0.0020694593411987317,11.917143793570498
2025-08-28,976.7898337342938,1301179.559173584,1302156.3490073183,0.008083806929102932,12.021563490073182
2025-08-29,976.7898337342938,1271787.0557250977,1272763.845558832,-0.022572176890197082,11.72763845558832
2025-09-02,1129.5860682304974,1263135.3330993652,1264264.9191675957,-0.006677535994514816,11.642649191675957
2025-09-03,1129.5860682304974,1275734.6192626953,1276864.2053309258,0.009965700995346438,11.768642053309257
2025-09-04,1129.5860682304974,1289754.4014892578,1290883.9875574883,0.010979853744846002,11.908839875574882
2025-09-05,1129.5860682304974,1295531.08493042,1296660.6709986504,0.00447498264510382,11.966606709986504
2025-09-08,1129.5860682304974,1305152.9417572021,1306282.5278254326,0.0074204894480001116,12.062825278254326
2025-09-09,1129.5860682304974,1315076.2427062988,1316205.8287745293,0.007596596247533061,12.162058287745293
2025-09-10,1129.5860682304974,1391307.8984527588,1392437.4845209892,0.05791773146714929,12.924374845209892
2025-09-11,1129.5860682304974,1382402.248703003,1383531.8347712334,-0.0063957268091066055,12.835318347712334
2025-09-12,1129.5860682304974,1375653.4039001465,1376782.989968377,-0.004877983023767851,12.76782989968377
2025-09-15,1129.5860682304974,1396634.7295684814,1397764.315636712,0.01523938472599573,12.977643156367119
2025-09-16,1129.5860682304974,1397081.5370178223,1398211.1230860527,0.0003196586465561424,12.982111230860527
2025-09-17,1129.5860682304974,1385936.5468292236,1387066.132897454,-0.007970892238362448,12.87066132897454
2025-09-18,1129.5860682304974,1399370.7090454102,1400500.2951136406,0.00968530764147757,13.005002951136406
2025-09-19,1129.5860682304974,1408724.2274932861,1409853.8135615166,0.006678697948519163,13.098538135615167
2025-09-22,1129.5860682304974,1423043.3654022217,1424172.9514704521,0.010156469962487202,13.241729514704522
2025-09-23,1129.5860682304974,1413339.5351715088,1414469.1212397392,-0.006813659970647312,13.144691212397392
2025-09-24,1129.5860682304974,1397742.7391052246,1398872.325173455,-0.011026607673565891,12.98872325173455
2025-09-25,1129.5860682304974,1383964.425125122,1385094.0111933525,-0.00984958650775658,12.850940111933525
2025-09-26,1129.5860682304974,1381001.596130371,1382131.1821986015,-0.0021390815141841824,12.821311821986015
2025-09-29,1129.5860682304974,1381125.6249389648,1382255.2110071953,8.973736371142849e-05,12.822552110071953
2025-09-30,1129.5860682304974,1385187.3526611328,1386316.9387293633,0.0029384788639779114,12.863169387293633
2025-10-01,1980.4880980451708,1389134.4384002686,1391114.9264983137,0.0034609602140098783,12.911149264983136
2025-10-02,1980.4880980451708,1390121.0280303955,1392101.5161284406,0.0007092078528769807,12.921015161284407
2025-10-03,1980.4880980451708,1386506.401184082,1388486.8892821271,-0.002596525328387056,12.884868892821272
2025-10-06,1980.4880980451708,1430937.4436035156,1432917.9317015607,0.03199961250077421,13.329179317015607
2025-10-07,1980.4880980451708,1421282.0604400635,1423262.5485381086,-0.006738266686345806,13.232625485381085
2025-10-08,1980.4880980451708,1453863.3096313477,1455843.7977293928,0.02289194584987131,13.558437977293927
2025-10-09,1980.4880980451708,1454680.9640960693,1456661.4521941144,0.0005616361219500376,13.566614521941144
2025-10-10,1980.4880980451708,1399631.4259490967,1401611.9140471418,-0.03779158023578755,13.016119140471417
2025-10-13,1980.4880980451708,1449959.5962219238,1451940.084319969,0.035907350507249136,13.519400843199689
2025-10-14,1980.4880980451708,1439456.574508667,1441437.062606712,-0.007233784525052189,13.414370626067122
2025-10-15,1980.4880980451708,1474770.9582824707,1476751.4463805158,0.02449942816784567,13.767514463805158
2025-10-16,1980.4880980451708,1474615.4332427979,1476595.921340843,-0.00010531565081861594,13.76595921340843
2025-10-17,1980.4880980451708,1459841.567779541,1461822.0558775861,-0.010005354376057873,13.618220558775862
2025-10-20,1980.4880980451708,1471146.4119262695,1473126.9000243146,0.007733392789686544,13.731269000243147
2025-10-21,1980.4880980451708,1456009.4400177002,1457989.9281157453,-0.010275402552434199,13.579899281157454
2025-10-22,1980.4880980451708,1435495.210647583,1437475.6987456281,-0.014070213363290507,13.374756987456282
2025-10-23,1980.4880980451708,1457949.7309265137,1459930.2190245588,0.01562079991927856,13.599302190245588
2025-10-24,1980.4880980451708,1490496.1155090332,1492476.6036070783,0.022293109737988148,13.924766036070784
2025-10-27,1980.4880980451708,1521827.2031860352,1523807.6912840803,0.020992682633201643,14.238076912840803
2025-10-28,1980.4880980451708,1530708.0177001953,1532688.5057982404,0.005828041533690209,14.326885057982404
2025-10-29,1980.4880980451708,1564699.9536743164,1566680.4417723615,0.022177980617410498,14.666804417723615
2025-10-30,1980.4880980451708,1538236.5240783691,1540217.0121764143,-0.016891402286231094,14.402170121764142
2025-10-31,1980.4880980451708,1540827.646484375,1542808.13458242,0.0016823099508194161,14.428081345824202
2025-11-03,1147.5372251732133,1544090.3400268555,1545237.8772520288,0.001574883237354996,14.452378772520287
2025-11-04,1147.5372251732133,1502861.5308990479,1504009.0681242212,-0.0266812053566321,14.040090681242212
2025-11-05,1147.5372251732133,1524836.4689788818,1525984.0062040552,0.014610907969617948,14.259840062040551
2025-11-06,1147.5372251732133,1497572.3314666748,1498719.8686918481,-0.017866594539236114,13.98719868691848
2025-11-07,1147.5372251732133,1481383.4385223389,1482530.9757475122,-0.01080181378956857,13.825309757475122
2025-11-10,1147.5372251732133,1518014.8362121582,1519162.3734373315,0.02470868959169592,14.191623734373316
2025-11-11,1147.5372251732133,1507751.2984161377,1508898.835641311,-0.006756050554884263,14.08898835641311
2025-11-12,1147.5372251732133,1511286.0114135742,1512433.5486387475,0.002342577854753447,14.124335486387475
2025-11-13,1147.5372251732133,1463454.5557250977,1464602.092950271,-0.03162549239371659,13.64602092950271
2025-11-14,1147.5372251732133,1468822.921005249,1469970.4582304223,0.0036654087181708928,13.699704582304223
2025-11-17,1147.5372251732133,1458013.8370513916,1459161.374276565,-0.0073532661104425134,13.591613742765649
2025-11-18,1147.5372251732133,1443495.5705718994,1444643.1077970727,-0.009949733275176786,13.446431077970727
2025-11-19,1147.5372251732133,1461949.5082550049,1463097.0454801782,0.012774046118037896,13.630970454801782
2025-11-20,1147.5372251732133,1421679.3621520996,1422826.899377273,-0.02752390637880686,13.22826899377273
2025-11-21,1147.5372251732133,1419862.8693237305,1421010.4065489038,-0.0012766787225938492,13.210104065489038
2025-11-24,1147.5372251732133,1473335.238418579,1474482.7756437524,0.03762982230701084,13.744827756437525
2025-11-25,1147.5372251732133,1474127.0944976807,1475274.631722854,0.0005370398977742052,13.75274631722854
2025-11-26,1147.5372251732133,1493945.8599395752,1495093.3971647485,0.013433949866507033,13.950933971647485
2025-11-28,1147.5372251732133,1496817.731048584,1497965.2682737573,0.001920864017227908,13.979652682737573
2025-12-01,1191.5404948703363,1482556.0451049805,1483747.5855998509,-0.009491329989440134,13.837475855998509
2025-12-02,1191.5404948703363,1479989.3206863403,1481180.8611812107,-0.0017298929033151556,13.811808611812108
2025-12-03,1191.5404948703363,1487393.1090011597,1488584.64949603,0.0049985714161300265,13.885846494960301
2025-12-04,1191.5404948703363,1475328.0550231934,1476519.5955180638,-0.008105050647976952,13.765195955180637
2025-12-05,1191.5404948703363,1474144.625679016,1475336.1661738865,-0.0008014992471278015,13.753361661738865
2025-12-08,1191.5404948703363,1466653.021987915,1467844.5624827854,-0.005077896050314834,13.678445624827855
2025-12-09,1191.5404948703363,1458774.1222000122,1459965.6626948826,-0.005367666297428686,13.599656626948827
2025-12-10,1191.5404948703363,1479793.9287719727,1480985.469266843,0.014397466398737846,13.80985469266843
2025-12-11,1191.5404948703363,1484786.9511489868,1485978.4916438572,0.003371418883323596,13.859784916438572
2025-12-12,1191.5404948703363,1455243.3772277832,1456434.9177226536,-0.01988156227518556,13.564349177226536
2025-12-15,1191.5404948703363,1452835.6292953491,1454027.1697902195,-0.0016531792139390378,13.540271697902195
2025-12-16,1191.5404948703363,1445368.0768356323,1446559.6173305027,-0.005135772298391239,13.465596173305027
2025-12-17,1191.5404948703363,1416982.698638916,1418174.2391337864,-0.019622681192427494,13.181742391337863
2025-12-18,1191.5404948703363,1426506.6610183716,1427698.201513242,0.006715650388116501,13.27698201513242
2025-12-19,1191.5404948703363,1448483.1542282104,1449674.6947230808,0.015392954327844377,13.49674694723081
2025-12-22,1191.5404948703363,1462094.796409607,1463286.3369044773,0.009389445943247754,13.632863369044774
2025-12-23,1191.5404948703363,1467769.6010360718,1468961.1415309422,0.0038781231556290763,13.689611415309422
2025-12-24,1191.5404948703363,1474338.3258590698,1475529.8663539402,0.004471680453134397,13.755298663539403
2025-12-26,1191.5404948703363,1474796.261581421,1475987.8020762913,0.0003103534078119363,13.759878020762914
2025-12-29,1191.5404948703363,1472730.6074066162,1473922.1479014866,-0.0013995062641432021,13.739221479014866
2025-12-30,1191.5404948703363,1470215.5196609497,1471407.06015582,-0.0017063911748984584,13.714070601558202
2025-12-31,1191.5404948703363,1462282.4313354492,1463473.9718303196,-0.005391498070330347,13.634739718303196
2026-01-02,1569.6976240278746,1481660.207458496,1483229.905082524,0.013499340358951839,13.83229905082524
2026-01-05,1569.6976240278746,1497523.287033081,1499092.984657109,0.010694956675447065,13.99092984657109
2026-01-06,1569.6976240278746,1497353.134262085,1498922.831886113,-0.0001135038137978217,13.989228318861128
2026-01-07,1569.6976240278746,1492939.8324279785,1494509.5300520065,-0.002944315571304701,13.945095300520064
2026-01-08,1569.6976240278746,1490573.23727417,1492142.934898198,-0.0015835263049317483,13.92142934898198
2026-01-09,1569.6976240278746,1497011.2058410645,1498580.9034650924,0.004314578996638563,13.985809034650924
2026-01-12,1569.6976240278746,1511302.8984069824,1512872.5960310104,0.009536817487045157,14.128725960310105
2026-01-13,1569.6976240278746,1517088.890045166,1518658.587669194,0.003824506870811817,14.18658587669194
2026-01-14,1569.6976240278746,1524602.8283996582,1526172.5260236862,0.004947746923174012,14.261725260236862
2026-01-15,1569.6976240278746,1539240.4578399658,1540810.1554639938,0.009591071252242234,14.408101554639938
2026-01-16,1569.6976240278746,1531745.6845703125,1533315.3821943405,-0.004864176967600775,14.333153821943405
2026-01-20,1569.6976240278746,1510113.5091400146,1511683.2067640426,-0.014108105665345816,14.116832067640425
2026-01-21,1569.6976240278746,1547318.8601531982,1548888.5577772262,0.024611870295778715,14.488885577772262
2026-01-22,1569.6976240278746,1557454.0751190186,1559023.7727430465,0.006543540472895737,14.590237727430464
2026-01-23,1569.6976240278746,1538847.9679260254,1540417.6655500534,-0.011934460216893594,14.404176655500533
2026-01-26,1569.6976240278746,1537691.1455078125,1539260.8431318405,-0.000750979714193134,14.392608431318404
2026-01-27,1569.6976240278746,1537322.4951324463,1538892.1927564743,-0.00023949831310987602,14.388921927564743
2026-01-28,1569.6976240278746,1535440.861541748,1537010.559165776,-0.001222719563823249,14.37010559165776
2026-01-29,1569.6976240278746,1534905.9243011475,1536475.6219251754,-0.00034803745323064295,14.364756219251754
2026-01-30,1569.6976240278746,1528710.8208618164,1530280.5184858444,-0.004032021953962905,14.302805184858444
2026-02-02,877.3306528737012,1555158.8816299438,1556036.2122828176,0.016830700963544665,14.560362122828176
2026-02-03,877.3306528737012,1565739.6237106323,1566616.954363506,0.0067998045271489005,14.66616954363506
2026-02-04,877.3306528737012,1588226.7974777222,1589104.128130596,0.014353970640019087,14.89104128130596
2026-02-05,877.3306528737012,1568985.0606918335,1569862.3913447072,-0.012108543704133723,14.698623913447072
2026-02-06,877.3306528737012,1596442.287475586,1597319.6181284597,0.017490212476670264,14.973196181284596
2026-02-09,877.3306528737012,1597297.9996414185,1598175.3302942922,0.0005357175584153051,14.981753302942922
2026-02-10,877.3306528737012,1594553.099433899,1595430.4300867727,-0.0017175213229039255,14.954304300867726
2026-02-11,877.3306528737012,1614318.4947433472,1615195.825396221,0.012388754117202971,15.15195825396221
2026-02-12,877.3306528737012,1595446.620399475,1596323.9510523488,-0.011683954383204687,14.963239510523488
2026-02-13,877.3306528737012,1603753.4852218628,1604630.8158747365,0.005203746280265653,15.046308158747365
2026-02-17,877.3306528737012,1594151.773475647,1595029.1041285207,-0.005983751309787455,14.950291041285206
2026-02-18,877.3306528737012,1601027.4782104492,1601904.808863323,0.004310708009656716,15.01904808863323
2026-02-19,877.3306528737012,1598567.1711654663,1599444.50181834,-0.0015358634491700052,14.9944450181834
2026-02-20,877.3306528737012,1598251.3287963867,1599128.6594492604,-0.00019747003957970577,14.991286594492605
2026-02-23,877.3306528737012,1605166.9220657349,1606044.2527186086,0.004324600918433896,15.060442527186087
2026-02-24,877.3306528737012,1602764.7885055542,1603642.119158428,-0.0014956832952233157,15.036421191584278
2026-02-25,877.3306528737012,1598666.2015457153,1599543.532198589,-0.0025557990220347326,14.995435321985891
2026-02-26,877.3306528737012,1590295.409461975,1591172.7401148488,-0.005233238055255995,14.911727401148488
2026-02-27,877.3306528737012,1598118.0355148315,1598995.3661677053,0.004916264498279421,14.989953661677053
2026-03-02,218.852459597314,1590973.8630752563,1591192.7155348537,-0.004879720603288562,14.911927155348538
2026-03-03,218.852459597314,1567037.055885315,1567255.9083449123,-0.015043311194329778,14.672559083449123
2026-03-04,218.852459597314,1563809.3443908691,1564028.1968504665,-0.002059466789858466,14.640281968504665
2026-03-05,218.852459597314,1521582.6315917969,1521801.4840513943,-0.02699869023084467,14.218014840513943
2026-03-06,218.852459597314,1512455.833114624,1512674.6855742214,-0.005997364684436457,14.126746855742214
2026-03-09,218.852459597314,1521318.7302780151,1521537.5827376125,0.005859090026370639,14.215375827376125
2026-03-10,218.852459597314,1524009.168937683,1524228.0213972805,0.0017682367430105206,14.242280213972805
2026-03-11,218.852459597314,1525234.876777649,1525453.7292372463,0.0008041499190141188,14.254537292372463
2026-03-12,218.852459597314,1510959.448097229,1511178.3005568264,-0.009358152533120667,14.111783005568265
2026-03-13,218.852459597314,1511056.245109558,1511275.0975691555,6.405399832276615e-05,14.112750975691554
2026-03-16,218.852459597314,1516219.6126937866,1516438.465153384,0.0034165636637126795,14.16438465153384
2026-03-17,218.852459597314,1512136.289352417,1512355.1418120144,-0.0026927062556122427,14.123551418120144
2026-03-18,218.852459597314,1497178.6341323853,1497397.4865919827,-0.009890306057418696,13.973974865919827
2026-03-19,218.852459597314,1492692.6883544922,1492911.5408140896,-0.002995828307487569,13.929115408140897
2026-03-20,218.852459597314,1481183.037261963,1481401.8897215603,-0.007709533202652441,13.814018897215602
2026-03-23,218.852459597314,1498082.575706482,1498301.4281660793,0.011407801327764977,13.983014281660793
2026-03-24,218.852459597314,1510189.456703186,1510408.3091627834,0.0080804040956719,14.104083091627835
2026-03-25,218.852459597314,1523765.5773849487,1523984.4298445461,0.008988377910399636,14.239844298445462
2026-03-26,218.852459597314,1519208.1738815308,1519427.0263411282,-0.002990452798709242,14.194270263411282
2026-03-27,218.852459597314,1518631.6888885498,1518850.5413481472,-0.0003794094635588552,14.188505413481472
2026-03-30,218.852459597314,1508178.5727386475,1508397.4251982449,-0.006882254616457528,14.083974251982449
2026-03-31,218.852459597314,1531323.3165130615,1531542.168972659,0.015343929516037358,14.31542168972659
2026-04-01,1011.4331418870133,1526986.6412353516,1527998.0743772385,-0.002314069222003723,14.279980743772386
2026-04-02,1011.4331418870133,1534362.1116790771,1535373.544820964,0.00482688464560499,14.35373544820964
2026-04-06,1011.4331418870133,1539078.0773773193,1540089.5105192063,0.0030715428920538024,14.400895105192063
2026-04-07,1011.4331418870133,1532693.2073669434,1533704.6405088303,-0.004145778519213161,14.337046405088303
2026-04-08,1011.4331418870133,1547660.9331741333,1548672.3663160203,0.009759197052585211,14.486723663160202
2026-04-09,1011.4331418870133,1553678.0409088135,1554689.4740507004,0.0038853329248675905,14.546894740507005
2026-04-10,1011.4331418870133,1542270.643486023,1543282.07662791,-0.007337412141261157,14.432820766279098
2026-04-13,1011.4331418870133,1539873.381904602,1540884.815046489,-0.0015533528301313604,14.40884815046489
2026-04-14,1011.4331418870133,1534977.9698486328,1535989.4029905198,-0.0031770136276030314,14.359894029905197
2026-04-15,1011.4331418870133,1526943.037284851,1527954.470426738,-0.005231111977815783,14.27954470426738
2026-04-16,1011.4331418870133,1545875.8231658936,1546887.2563077805,0.012390935886823051,14.468872563077806
2026-04-17,1011.4331418870133,1547616.0440216064,1548627.4771634934,0.0011249823467203157,14.486274771634934
2026-04-20,1011.4331418870133,1540617.3411483765,1541628.7742902634,-0.004519294004810659,14.416287742902634
2026-04-21,1011.4331418870133,1547683.9809570312,1548695.4140989182,0.004583879028794202,14.486954140989182
2026-04-22,1011.4331418870133,1568353.2433166504,1569364.6764585373,0.013346241082301535,14.693646764585374
2026-04-23,1011.4331418870133,1589656.557975769,1590667.991117656,0.013574483342642996,14.90667991117656
2026-04-24,1011.4331418870133,1602864.674987793,1603876.10812968,0.008303503361970277,15.038761081296798
2026-04-27,1011.4331418870133,1581541.5635910034,1582552.9967328904,-0.013294737223596975,14.825529967328904
2026-04-28,1011.4331418870133,1579519.5911254883,1580531.0242673752,-0.0012776649310888288,14.805310242673752
2026-04-29,1011.4331418870133,1601002.410293579,1602013.843435466,0.013592152788047152,15.02013843435466
2026-04-30,1011.4331418870133,1638101.5369110107,1639112.9700528977,0.023157806513003587,15.391129700528978
2026-05-01,276.4006497899245,1629256.7506408691,1629533.151290659,-0.005844514037326776,15.29533151290659
2026-05-04,276.4006497899245,1613885.1600952148,1614161.5607450048,-0.009433125391453023,15.14161560745005
2026-05-05,276.4006497899245,1648272.5144195557,1648548.9150693456,0.021303539348607403,15.485489150693457
2026-05-06,276.4006497899245,1687836.957397461,1688113.358047251,0.023999556589584747,15.881133580472508
2026-05-07,276.4006497899245,1672394.4544525146,1672670.8551023046,-0.009147787896666815,15.726708551023044
2026-05-08,276.4006497899245,1730415.3006134033,1730691.7012631933,0.03468754536130181,16.30691701263193
2026-05-11,276.4006497899245,1761339.1871795654,1761615.5878293554,0.017867934851476752,16.616155878293554
2026-05-12,276.4006497899245,1730728.4811553955,1731004.8818051855,-0.017376495891415322,16.310048818051854
2026-05-13,276.4006497899245,1750980.9103851318,1751257.3110349218,0.011699810579746117,16.51257311034922
2026-05-14,276.4006497899245,1777061.7701263428,1777338.1707761327,0.014892648599878378,16.773381707761327
2026-05-15,276.4006497899245,1755491.336593628,1755767.7372434179,-0.012136369930824897,16.557677372434178
2026-05-18,276.4006497899245,1751975.9890289307,1752252.3896787206,-0.002002171181375245,16.522523896787206
2026-05-19,276.4006497899245,1724457.19871521,1724733.599365,-0.01570480969283561,16.247335993649997
2026-05-20,276.4006497899245,1748173.7667236328,1748450.1673734228,0.01375085869328152,16.48450167373423
2026-05-21,276.4006497899245,1758522.4606933594,1758798.8613431493,0.00591878119424627,16.58798861343149
2026-05-22,276.4006497899245,1801259.7497558594,1801536.1504056493,0.02429913391566707,17.015361504056493
2026-05-26,276.4006497899245,1832802.8180847168,1833079.2187345068,0.017508984386327642,17.330792187345068
2026-05-27,276.4006497899245,1818272.625,1818549.02564979,-0.007926658562387723,17.1854902564979
2026-05-28,276.4006497899245,1833641.2944335938,1833917.6950833837,0.00845106137740892,17.33917695083384
2026-05-29,276.4006497899245,1834168.2976074219,1834444.6982572118,0.00028736468121826064,17.34444698257212
2026-06-01,1948.1175499325054,1800534.121231079,1802482.2387810117,-0.01742350669200643,17.024822387810115
2026-06-02,1948.1175499325054,1859144.3226623535,1861092.440212286,0.03251638222571973,17.610924402122862
2026-06-03,1948.1175499325054,1842531.8237609863,1844479.941310919,-0.008926208361510701,17.444799413109187
2026-06-04,1948.1175499325054,1831108.816116333,1833056.9336662656,-0.0061930777282048766,17.330569336662656
2026-06-05,1948.1175499325054,1703983.4406585693,1705931.558208502,-0.06935156956827437,16.05931558208502
2026-06-08,1948.1175499325054,1725553.1906585693,1727501.308208502,0.01264397149827734,16.275013082085017
2026-06-09,1948.1175499325054,1691444.2375793457,1693392.3551292783,-0.01974467568687177,15.933923551292782
2026-06-10,1948.1175499325054,1631150.1522521973,1633098.2698021298,-0.035605502259720256,15.330982698021298
2026-06-11,1948.1175499325054,1680762.6288146973,1682710.7463646298,0.03037935773975886,15.8271074636463
2026-06-12,1948.1175499325054,1702917.4601898193,1704865.577739752,0.013166155516024292,16.04865577739752
2026-06-15,1948.1175499325054,1748183.085281372,1750131.2028313046,0.026550846989100485,16.501312028313045
2026-06-16,1948.1175499325054,1721779.501876831,1723727.6194267636,-0.015086630854776018,16.237276194267636
2026-06-17,1948.1175499325054,1722301.4465637207,1724249.5641136533,0.00030279997895688027,16.242495641136532
2026-06-18,1948.1175499325054,1762217.1621704102,1764165.2797203427,0.023149616179377164,16.641652797203427
2026-06-22,1948.1175499325054,1773046.7778625488,1774994.8954124814,0.006138662752650514,16.749948954124815
2026-06-23,1948.1175499325054,1714468.0808410645,1716416.198390997,-0.033002177737458505,16.16416198390997
2026-06-24,1948.1175499325054,1694189.2262573242,1696137.3438072568,-0.011814648802982664,15.961373438072567
2026-06-25,1948.1175499325054,1713272.4829711914,1715220.600521124,0.01125100911405652,16.15220600521124
2026-06-26,1948.1175499325054,1644563.1339416504,1646511.251491583,-0.04005860762671898,15.46511251491583
2026-06-29,1948.1175499325054,1669415.225845337,1671363.3433952695,0.015093788081419257,15.713633433952694
2026-06-30,1948.1175499325054,1694100.813217163,1696048.9307670956,0.014769731231318639,15.960489307670958
2026-07-01,1427.7829760916939,1661754.0483932495,1663181.8313693411,-0.019378626878936323,15.631818313693412
2026-07-02,1427.7829760916939,1658835.315612793,1660263.0985888846,-0.0017549090095900777,15.602630985888847
2026-07-06,1427.7829760916939,1674390.7304916382,1675818.5134677298,0.009369246893499161,15.758185134677298
2026-07-07,1427.7829760916939,1658321.9135055542,1659749.6964816458,-0.00958863794435183,15.597496964816457
2026-07-08,1427.7829760916939,1651916.0703353882,1653343.8533114798,-0.0038595236280176692,15.533438533114797
2026-07-09,1427.7829760916939,1672072.6899719238,1673500.4729480154,0.012191426239716474,15.735004729480153
2026-07-10,1427.7829760916939,1674694.848815918,1676122.6317920096,0.0015668706919305109,15.761226317920094
2026-07-13,1427.7829760916939,1651592.7659759521,1653020.5489520438,-0.013783050477199521,15.530205489520437
2026-07-14,1427.7829760916939,1651940.6596221924,1653368.442598284,0.0002104593596616855,15.533684425982841
2026-07-15,1427.7829760916939,1630728.2462997437,1632156.0292758353,-0.012829816256268445,15.321560292758353
2026-07-16,1427.7829760916939,1605223.8211212158,1606651.6040973074,-0.015626217543578735,15.066516040973074
2026-07-17,1427.7829760916939,1607034.9291229248,1608462.7120990164,0.0011272562122928154,15.084627120990163
2026-07-20,1427.7829760916939,1588613.8459014893,1590041.6288775809,-0.01145260196762432,14.900416288775808
2026-07-21,1427.7829760916939,1628344.01877594,1629771.8017520315,0.024986875911227724,15.297718017520314
2026-07-22,1427.7829760916939,1631909.4121932983,1633337.19516939,0.002187664195395733,15.333371951693898
2026-07-23,1427.7829760916939,1630377.538597107,1631805.3215731985,-0.0009378795760740521,15.318053215731986
2026-07-24,1427.7829760916939,1629146.136352539,1630573.9193286307,-0.0007546257070547568,15.305739193286307
2026-07-27,1427.7829760916939,1621333.861076355,1622761.6440524466,-0.00479111997535242,15.227616440524464
2026-07-28,1427.7829760916939,1614447.7298583984,1615875.51283449,-0.004243464370257244,15.1587551283449
2026-07-29,1427.7829760916939,1571561.8929519653,1572989.675928057,-0.02654030992226919,14.72989675928057
2026-07-30,1427.7829760916939,1588658.8505859375,1590086.633562029,0.010869084454661282,14.900866335620291
2026-07-31,1427.7829760916939,1585194.4131240845,1586622.196100176,-0.0021787727717025307,14.866221961001761
2026-08-03,271.90994754902204,1582201.6734466553,1582473.5833942043,-0.0026147451587207327,14.824735833942043
2026-08-04,271.90994754902204,1605210.9263687134,1605482.8363162624,0.01454005498954758,15.054828363162624
2026-08-05,271.90994754902204,1594277.1055908203,1594549.0155383693,-0.006810300633907973,14.945490155383693
2026-08-06,271.90994754902204,1596089.8198394775,1596361.7297870265,0.0011368193959502282,14.963617297870265
2026-08-07,271.90994754902204,1593567.4816360474,1593839.3915835964,-0.0015800542924357952,14.938393915835963
2026-08-10,271.90994754902204,1600432.2155151367,1600704.1254626857,0.004307042425566232,15.007041254626856
2026-08-11,271.90994754902204,1595129.170715332,1595401.080662881,-0.003312945044276594,14.95401080662881
2026-08-12,271.90994754902204,1603227.80960083,1603499.719548379,0.005076240065058135,15.03499719548379
2026-08-13,271.90994754902204,1591164.0623779297,1591435.9723254787,-0.007523385926315074,14.914359723254787
2026-08-14,271.90994754902204,1606943.0754852295,1607214.9854327785,0.009914953150294004,15.072149854327783
2026-08-17,271.90994754902204,1598477.1683197021,1598749.0782672511,-0.0052674391679142785,14.987490782672511
2026-08-18,271.90994754902204,1599901.763710022,1600173.673657571,0.0008910687797636374,15.001736736575708
2026-08-19,271.90994754902204,1609584.8429489136,1609856.7528964626,0.006051267683187644,15.098567528964626
2026-08-20,271.90994754902204,1592228.244354248,1592500.154301797,-0.01078145528379304,14.92500154301797
2026-08-21,271.90994754902204,1603369.7746505737,1603641.6845981227,0.006996250685583405,15.036416845981226
2026-08-24,271.90994754902204,1598312.9162902832,1598584.8262378322,-0.003153359262769384,14.985848262378322
2026-08-25,271.90994754902204,1614643.250137329,1614915.160084878,0.010215494091407207,15.149151600848782
2026-08-26,271.90994754902204,1616813.4585342407,1617085.3684817897,0.001343852885000718,15.170853684817896
