date,ticker,side,quantity,reference_price,executed_price,notional,transaction_cost,slippage_cost,cash_after
2015-03-02,AAPL,BUY,349,28.65312957763672,28.658860203552244,10001.942211039734,5.000971105519867,1.9999884445183724,89993.05681785475
2015-03-02,ADBE,BUY,125,79.79000091552734,79.80595891571045,9975.744864463806,4.987872432231903,1.99475002288807,80012.32408095872
2015-03-02,AMD,BUY,3115,3.2100000381469727,3.210642038154602,10001.149948851586,5.000574974425793,1.9998300237658428,70006.1735571327
2015-03-02,AMZN,BUY,518,19.283000946044922,19.28685754623413,9990.59220894928,4.99529610447464,1.9977188980104188,60010.58605207894
2015-03-02,AVGO,BUY,1029,9.709813117980957,9.711755080604553,9993.395977942084,4.996697988971042,1.998279539679741,50012.19337614789
2015-03-02,CRM,BUY,148,67.29574584960938,67.3092049987793,9961.762339819335,4.980881169909668,1.9919540771479092,40045.45015515864
2015-03-02,DIS,BUY,104,95.68705749511719,95.7061949066162,9953.444270288086,4.976722135144043,1.9902907958977494,30087.029162735413
2015-03-02,JPM,BUY,219,45.53601837158203,45.54512557525635,9974.38250098114,4.987191250490571,1.994477604675751,20107.65947050378
2015-03-02,MCD,BUY,132,75.49977111816406,75.51487107238769,9967.962981555176,4.9839814907775875,1.993193957519054,10134.712507457825
2015-03-02,NVDA,BUY,18392,0.5437028408050537,0.5438115813732147,10001.782604616164,5.000891302308082,1.999956529617375,127.92901153935236
2015-04-01,AAPL,SELL,349,27.578838348388672,27.573322580718994,9623.089580670929,4.811544790335464,1.9250029167176166,9746.207047419946
2015-04-01,ADBE,SELL,125,75.06999969482422,75.05498569488526,9381.873211860657,4.690936605930329,1.8767499923697528,19123.389322674673
2015-04-01,AMD,SELL,3115,2.690000057220459,2.689462057209015,8377.674308206082,4.188837154103042,1.6758700356476997,27496.874793726653
2015-04-01,AMZN,SELL,518,18.51300048828125,18.509297888183593,9587.816306079101,4.79390815303955,1.917946850586553,37079.897191652715
2015-04-01,AVGO,SELL,1029,9.48259449005127,9.48069797115326,9755.638212316704,4.877819106158352,1.9515179460516183,46830.657584863264
2015-04-01,CRM,SELL,148,64.95623016357422,64.9432389175415,9611.599359796142,4.8057996798980716,1.9227044128413695,56437.45114497951
2015-04-01,DIS,SELL,104,95.28042602539062,95.26136994018555,9907.182473779296,4.953591236889648,1.9818328613282574,66339.68002752191
2015-04-01,JPM,SELL,219,44.48809814453125,44.479200524902346,9740.944914953614,4.870472457476807,1.9485786987299534,76075.75447001806
2015-04-01,MCD,SELL,132,72.69871520996094,72.68417546691894,9594.3111616333,4.797155580816651,1.9192460815431218,85665.26847607055
2015-04-01,NVDA,SELL,18392,0.5054513216018677,0.5053502313375473,9294.401454760171,4.647200727380086,1.8592521413802316,94955.02273010333
2015-04-01,ACN,BUY,137,76.61878204345703,76.63410579986572,10498.872494581605,5.249436247290802,2.0993546279906354,84450.90079927443
2015-04-01,AMGN,BUY,93,113.36296844482422,113.38564103851319,10544.864616581726,5.272432308290863,2.1085512130738806,73900.76375038442
2015-04-01,COST,BUY,84,124.85279846191406,124.87776902160644,10489.73259781494,5.2448662989074695,2.0975270141597093,63405.786286270566
2015-04-01,IBM,BUY,110,95.11772918701172,95.13675273284912,10465.042800613403,5.232521400306701,2.0925900421138977,52935.51096425686
2015-04-01,LLY,BUY,179,58.817710876464844,58.82947441864014,10530.475920936586,5.265237960468293,2.105674049377818,42399.7698053598
2015-04-01,META,BUY,130,80.95905303955078,80.97524485015869,10526.78183052063,5.263390915260315,2.1049353790279213,31867.72458392391
2015-04-01,NKE,BUY,246,42.80580520629883,42.814366367340085,10532.33412636566,5.26616706318283,2.106045616149231,21330.12429049507
2015-04-01,TMO,BUY,82,127.569580078125,127.59509399414063,10462.797707519532,5.2313988537597655,2.0921411132813432,10862.09518412178
2015-04-01,UNH,BUY,108,97.46504974365234,97.48454275360108,10528.330617388916,5.264165308694458,2.1052450744630846,328.50040142416947
2015-05-01,ACN,SELL,137,77.27265930175781,77.25720476989746,10584.237053475952,5.292118526737976,2.117270864868871,10907.445336373383
2015-05-01,AMGN,SELL,93,115.71534729003906,115.69220422058106,10759.374992514038,5.379687496257019,2.1523054595941176,21661.440641391164
2015-05-01,COST,SELL,84,121.15287017822266,121.12863960418701,10174.805726751709,5.087402863375854,2.035368218993881,31831.158965279497
2015-05-01,IBM,SELL,110,103.77619171142578,103.75543647308349,11413.098012039183,5.706549006019592,2.283076217651825,43238.550428312665
2015-05-01,LLY,SELL,179,60.12513732910156,60.113112301635745,10760.247101992798,5.380123550996399,2.1524799163813455,53993.417406754466
2015-05-01,META,SELL,130,78.30238342285156,78.28672294616699,10177.273983001709,5.088636991500855,2.03586196899451,64165.60275276467
2015-05-01,NKE,SELL,246,43.33469772338867,43.326030783844,10658.203572825623,5.329101786412812,2.1320671279899983,74818.47722380389
2015-05-01,TMO,SELL,82,123.37522888183594,123.35055383605958,10114.745414556884,5.057372707278442,2.0233537536617234,84928.16526565349
2015-05-01,UNH,SELL,108,93.9382553100586,93.91946765899658,10143.302507171631,5.071651253585816,2.0290663146973884,95066.39612157154
2015-05-01,AMZN,BUY,449,21.14349937438965,21.147728074264524,9495.329905344772,4.747664952672386,1.8986862438192027,85566.31855127409
2015-05-01,CAT,BUY,142,66.60200500488281,66.6153254058838,9459.3762076355,4.729688103817749,1.8914969421394403,76102.21265553476
2015-05-01,CRM,BUY,131,72.11241912841797,72.12684161224365,9448.61625120392,4.724308125601959,1.8893453811645031,66648.87209620525
2015-05-01,DIS,BUY,95,99.87094116210938,99.8909153503418,9489.636958282472,4.744818479141236,1.897547882080346,57154.490319443634
2015-05-01,GE,BUY,84,112.5133056640625,112.5358083251953,9453.007899316406,4.726503949658203,1.8902235351555987,47696.75591617757
2015-05-01,JPM,BUY,201,47.2041130065918,47.21355382919312,9489.924319667816,4.744962159833908,1.897605342865333,38202.08663434992
2015-05-01,MSFT,BUY,229,41.509864807128906,41.51816678009033,9507.660192640686,4.753830096320343,1.9011518081666523,28689.672611612914
2015-05-01,NFLX,BUY,1195,7.957571029663086,7.959162543869018,9511.199239923477,4.755599619961738,1.901859476089216,19173.717772069474
2015-05-01,NVDA,BUY,17381,0.5473116040229797,0.5474210663437843,9514.725554121314,4.757362777060657,1.9025645979039565,9654.2348551711
2015-05-01,TSLA,BUY,631,15.0686674118042,15.07168114528656,9510.230802675818,4.7551154013379096,1.9016658273693725,139.24893709394382
2015-06-01,CAT,SELL,142,65.19940185546875,65.18636197509765,9256.463400463866,4.628231700231933,1.8516630126956386,9391.084105857579
2015-06-01,CRM,SELL,131,71.85682678222656,71.84245541687012,9411.361659609986,4.705680829804993,1.8826488616935109,18797.740084637757
2015-06-01,DIS,SELL,95,100.2685317993164,100.24847809295655,9523.605418830872,4.761802709415436,1.9051021041867244,28316.583700759213
2015-06-01,GE,SELL,84,112.38967895507812,112.36720101928711,9438.844885620118,4.719422442810059,1.888146606445389,37750.709163936524
2015-06-01,JPM,SELL,3,49.037078857421875,49.02727144165039,147.08181432495118,0.07354090716247559,0.02942224731445009,37897.71743735432
2015-06-01,MSFT,SELL,229,40.55182647705078,40.54371611175537,9284.51098959198,4.6422554947959895,1.85727365264853,47177.5861714515
2015-06-01,NFLX,SELL,104,8.900285720825195,8.89850566368103,925.4445890228271,0.46272229451141356,0.18512594299316731,48102.568038179816
2015-06-01,NVDA,SELL,17381,0.5409025549888611,0.5407943744778633,9399.547022799741,4.69977351139987,1.8802854616529858,57497.41528746816
2015-06-01,TSLA,SELL,47,16.6299991607666,16.62667316093445,781.4536385639191,0.3907268192819595,0.1563219921112058,58278.4781992128
2015-06-01,ABBV,BUY,228,42.43083953857422,42.43932570648193,9676.16626107788,4.83808313053894,1.9348462829583752,48597.47385500438
2015-06-01,ACN,BUY,121,79.61502075195312,79.63094375610352,9635.344194488525,4.817672097244263,1.926683502197747,38957.31198841861
2015-06-01,AMZN,BUY,1,21.54599952697754,21.550308726882935,21.550308726882935,0.010775154363441466,0.004309199905396355,38935.75090453736
2015-06-01,AVGO,BUY,877,11.066932678222656,11.0691460647583,9707.641098793029,4.853820549396514,1.941139991759556,29223.255985194934
2015-06-01,GS,BUY,58,166.58511352539062,166.6184305480957,9663.86897178955,4.831934485894775,1.932387316893653,19554.55507891949
2015-06-01,LLY,BUY,148,65.40941619873047,65.42249808197022,9682.529716131592,4.841264858065796,1.93611871948292,9867.184097929832
2015-06-01,UNH,BUY,97,99.46498107910156,99.48487407531738,9650.032785305786,4.825016392652893,1.92962063293416,212.32629623139292
2015-07-01,ACN,SELL,121,81.16278076171875,81.1465482055664,9818.732332873535,4.909366166436768,1.9641392944338634,10026.14926293849
2015-07-01,AVGO,SELL,877,10.256482124328613,10.254430827903748,8993.135836071588,4.496567918035794,1.7989869646065184,19014.788531092043
2015-07-01,JPM,SELL,2,50.84396743774414,50.833798644256596,101.66759728851319,0.0508337986442566,0.020337586975088584,19116.405294581913
2015-07-01,LLY,SELL,7,70.25302124023438,70.23897063598633,491.67279445190434,0.24583639722595216,0.09835422973628738,19607.832252636592
2015-07-01,NFLX,SELL,27,9.363571166992188,9.36169845275879,252.76585822448732,0.12638292911224366,0.05056328430175405,19860.471727931967
2015-07-01,TSLA,SELL,29,17.94333267211914,17.939744005584718,520.2525761619568,0.2601262880809784,0.10407132949826448,20380.464177805843
2015-07-01,UNH,SELL,97,102.81970977783203,102.79914583587647,9971.517146080017,4.985758573040009,1.9947023696891364,30346.99556531282
2015-07-01,ABBV,BUY,1,43.432498931884766,43.441185431671144,43.441185431671144,0.021720592715835572,0.008686499786378477,30303.532659288434
2015-07-01,AMZN,BUY,5,21.86949920654297,21.873873106384277,109.36936553192139,0.05468468276596069,0.021869499206541576,30194.108609073748
2015-07-01,BAC,BUY,732,13.599961280822754,13.602681273078918,9957.162691893767,4.978581345946884,1.991034331512239,20231.967335834033
2015-07-01,DIS,BUY,95,104.64183044433594,104.6627588104248,9942.962086990356,4.971481043495178,1.9881947784423915,10284.033767800183
2015-07-01,GS,BUY,1,168.29254150390625,168.32620001220704,168.32620001220704,0.08416310000610351,0.03365850830078898,10115.62340468797
2015-07-01,NKE,BUY,211,47.182594299316406,47.19203081817627,9957.518502635194,4.978759251317597,1.9911054794313898,153.12614280145863
2015-08-03,ABBV,SELL,229,44.53401565551758,44.525108852386474,10196.249927196503,5.098124963598251,2.0396579170229003,10344.277945034362
2015-08-03,AMZN,SELL,64,26.75149917602539,26.746148876190187,1711.753528076172,0.855876764038086,0.3424191894530395,12055.175596346497
2015-08-03,BAC,SELL,732,14.034334182739258,14.03152731590271,10271.077995240785,5.135538997620392,2.0546265243524573,22321.118052589663
2015-08-03,GS,SELL,59,164.08401489257812,164.0511980895996,9679.020687286376,4.839510343643188,1.9361913757324487,31995.299229532397
2015-08-03,JPM,SELL,196,51.187557220458984,51.177319709014895,10030.75466296692,5.01537733148346,2.006552243041426,42021.038515167835
2015-08-03,LLY,SELL,141,69.66513061523438,69.65119758911133,9820.818860064697,4.910409430032349,1.9645566833488175,51836.9469658025
2015-08-03,NFLX,SELL,133,11.255999565124512,11.253748365211488,1496.748532573128,0.7483742662865639,0.2994095884322103,53332.94712410934
2015-08-03,ACN,BUY,122,85.42538452148438,85.44246959838867,10423.981291003418,5.211990645501709,2.0843793823239025,42903.75384246042
2015-08-03,AMGN,BUY,82,127.3298568725586,127.35532284393311,10443.136473202516,5.221568236601258,2.088209652710276,32455.395801021303
2015-08-03,GOOGL,BUY,318,32.943878173828125,32.95046694946289,10478.2484899292,5.2391242449646,2.0952306518561556,21971.90818684714
2015-08-03,META,BUY,112,93.32050323486328,93.33916733551025,10453.986741577148,5.226993370788573,2.0903792724609502,11512.694451899204
2015-08-03,TSLA,BUY,49,17.332666397094727,17.336132930374145,849.4705135883331,0.4247352567941665,0.1698601306915002,10662.799203054077
2015-08-03,V,BUY,149,69.98052978515625,69.99452589111328,10429.18435777588,5.21459217888794,2.085419787598056,228.40025309930934
2015-09-01,ACN,SELL,122,76.38704681396484,76.37176940460205,9317.35586736145,4.658677933680725,1.8638439422610418,9541.097442527078
2015-09-01,AMGN,SELL,82,107.42871856689453,107.40723282318116,8807.393091500855,4.403696545750427,1.7618309844963562,18344.08683748218
2015-09-01,AMZN,SELL,8,24.82699966430664,24.82203426437378,198.57627411499024,0.09928813705749512,0.03972319946288394,18542.563823460114
2015-09-01,DIS,SELL,95,90.44478607177734,90.42669711456298,8590.536225883483,4.295268112941741,1.7184509353641886,27128.804781230654
2015-09-01,GOOGL,SELL,14,31.201332092285156,31.1950918258667,436.7312855621338,0.21836564278106688,0.08736372985837448,27565.31770115001
2015-09-01,META,SELL,3,86.47064971923828,86.45335558929443,259.36006676788327,0.12968003338394166,0.05188238983154747,27824.54808788451
2015-09-01,NFLX,SELL,32,10.579000473022461,10.576884672927857,338.46030953369143,0.16923015476684572,0.06770560302732065,28162.83916726343
2015-09-01,NKE,SELL,8,46.83766174316406,46.82829421081543,374.62635368652343,0.18731317684326174,0.07494025878906996,28537.278207773114
2015-09-01,TSLA,SELL,7,15.908666610717773,15.90548487739563,111.33839414176941,0.055669197070884704,0.022272133255007986,28648.560932717814
2015-09-01,HD,BUY,108,87.4690170288086,87.48651083221435,9448.543169879149,4.724271584939575,1.8893307678216615,19195.293491253724
2015-09-01,LLY,BUY,143,66.46961975097656,66.48291367492676,9507.056655514527,4.753528327757263,1.9010311248787133,9683.48330741144
2015-09-01,NVDA,BUY,18175,0.5232762098312378,0.523380865073204,9512.447222705483,4.756223611352741,1.9021090227363007,166.2798610946029
2015-10-01,HD,SELL,108,90.53240203857422,90.51429555816651,9775.543920281983,4.8877719601409915,1.9554998840326334,9936.936009416446
2015-10-01,LLY,SELL,3,70.95088958740234,70.93669940948486,212.8100982284546,0.1064050491142273,0.04257053375245334,10149.639702595787
2015-10-01,NKE,SELL,17,53.526798248291016,53.51609288864136,909.7735791069031,0.45488678955345146,0.1819911140441448,11058.958394913136
2015-10-01,NVDA,SELL,1161,0.5866230130195618,0.5865056884169578,680.933104252088,0.340466552126044,0.13621386362317545,11739.551032613097
2015-10-01,V,SELL,149,64.74808502197266,64.73513540496826,9645.53517534027,4.8227675876701355,1.9294929336548563,21380.2634403657
2015-10-01,ADBE,BUY,119,83.75,83.76675,9968.24325,4.984121624999999,1.9932500000002165,11407.0360687407
2015-10-01,GOOGL,BUY,9,31.8178653717041,31.82422894477844,286.41806050300596,0.143209030251503,0.05727215766904692,11120.47479920744
2015-10-01,META,BUY,1,90.15827941894531,90.1763110748291,90.1763110748291,0.04508815553741455,0.018031655883788744,11030.253399977075
2015-10-01,MSFT,BUY,258,38.55487060546875,38.562581579589846,9949.146047534181,4.974573023767091,1.9894313232427976,1076.1327794191275
2015-10-01,NFLX,BUY,42,10.597999572753906,10.600119172668457,445.2050052520752,0.2226025026260376,0.08902319641111944,630.7051716644262
2015-10-01,TSLA,BUY,27,15.991999626159668,15.9951980260849,431.8703467042923,0.21593517335214615,0.08635679798126006,198.61888978678178
2015-11-02,ADBE,SELL,119,89.91000366210938,89.89202166137696,10697.150577703858,5.3485752888519285,2.1398580871575916,10890.420892201788
2015-11-02,AMZN,SELL,38,31.417499542236328,31.411216042327883,1193.6262096084595,0.5968131048042297,0.23877299652091466,12083.450288705444
2015-11-02,GOOGL,SELL,20,37.05839157104492,37.050979892730716,741.0195978546143,0.3705097989273072,0.14823356628411943,12824.09937676113
2015-11-02,LLY,SELL,140,68.33541870117188,68.32175161743164,9565.04522644043,4.782522613220215,1.9133917236322873,22384.36208058834
2015-11-02,META,SELL,4,102.41067504882812,102.39019291381837,409.56077165527347,0.20478038582763675,0.08192854003902994,22793.718071857787
2015-11-02,MSFT,SELL,22,46.01346969604492,46.00426700210571,1012.0938740463257,0.506046937023163,0.2024592666625864,23805.30589896709
2015-11-02,NVDA,SELL,1416,0.6965690851211548,0.6964297713041305,986.1445561666488,0.49307227808332443,0.19726836490634625,24790.957382855657
2015-11-02,TSLA,SELL,624,14.252667427062988,14.249816893577576,8891.885741592407,4.445942870796204,1.7787328948975585,33678.39718157727
2015-11-02,GE,BUY,88,123.24727630615234,123.27192576141357,10847.929467004395,5.423964733502197,2.169152062987905,22825.043749839373
2015-11-02,MCD,BUY,126,86.13055419921875,86.1477803100586,10854.620319067382,5.4273101595336914,2.1704899658202237,11964.996120612457
2015-11-02,NFLX,BUY,68,10.763999938964844,10.766152738952636,732.0983862487792,0.3660491931243896,0.14639039916986718,11232.531685170554
2015-11-02,NKE,BUY,5,56.70821762084961,56.71955926437378,283.5977963218689,0.14179889816093444,0.05670821762084444,10948.792089950524
2015-11-02,TXN,BUY,255,42.53600311279297,42.54451031341553,10848.85012992096,5.42442506496048,2.1693361587528415,94.51753496460333
2015-12-01,AMZN,SELL,6,33.952999114990234,33.946208515167235,203.67725109100343,0.10183862554550172,0.0407435989379934,298.09294743006126
2015-12-01,GE,SELL,88,126.4752197265625,126.4499246826172,11127.593372070312,5.563796686035156,2.2259638671869197,11420.122522814338
2015-12-01,NFLX,SELL,90,12.536999702453613,12.534492302513122,1128.104307226181,0.5640521536130905,0.22566599464418857,12547.662777886906
2015-12-01,NVDA,SELL,1150,0.7978836894035339,0.7977241126656532,917.3827295655012,0.4586913647827506,0.18351324856279994,13464.586816087625
2015-12-01,TXN,SELL,255,43.52120590209961,43.51250166091919,11095.687923534393,5.547843961767197,2.219581501006509,24554.72689566025
2015-12-01,AMD,BUY,4926,2.3399999141693115,2.3404679141521454,11529.144945113469,5.764572472556734,2.3053679154396267,13019.817378074224
2015-12-01,GOOGL,BUY,3,38.84505844116211,38.85282745285034,116.55848235855103,0.058279241179275514,0.02330703506469689,12903.200616474493
2015-12-01,HD,BUY,110,104.45307159423828,104.47396220855713,11492.135842941283,5.746067921470641,2.2979675750728745,1405.3187056117386
2015-12-01,MCD,BUY,4,88.61772155761719,88.63544510192871,354.54178040771484,0.17727089020385742,0.07089417724608893,1050.5996543138199
2015-12-01,META,BUY,2,106.18750762939453,106.2087451309204,212.4174902618408,0.10620874513092039,0.04247500305174867,838.0759553068482
2015-12-01,MSFT,BUY,3,48.0463981628418,48.05600744247437,144.1680223274231,0.07208401116371156,0.0288278388977119,693.8358489682614
2015-12-01,NKE,BUY,9,57.62462615966797,57.6361510848999,518.7253597640992,0.2593626798820496,0.10372432708738444,174.85112652428018
2016-01-04,AMD,SELL,836,2.7699999809265137,2.7694459809303282,2315.2568400577543,1.1576284200288771,0.46314399681102714,2488.9503381620057
2016-01-04,MCD,SELL,6,91.0412368774414,91.02302863006592,546.1381717803955,0.2730690858901978,0.10924948425289926,3034.815440856511
2016-01-04,MSFT,SELL,2,47.68095779418945,47.671421602630616,95.34284320526123,0.04767142160263062,0.019072383117674008,3130.1106126401696
2016-01-04,NFLX,SELL,919,10.996000289916992,10.993801089859009,10103.30320158043,5.051651600790215,2.021064853286905,13228.36216261981
2016-01-04,NKE,SELL,200,53.3142204284668,53.3035575843811,10660.711516876221,5.3303557584381105,2.132568817138747,23883.74332373759
2016-01-04,NVDA,SELL,82,0.788625955581665,0.7884682303905487,64.654394892025,0.0323271974460125,0.012933465671540079,23948.36539143217
2016-01-04,AMZN,BUY,16,31.84950065612793,31.855870556259156,509.6939289001465,0.25484696445007327,0.10191840209961356,23438.416615567574
2016-01-04,AVGO,BUY,1045,10.83673095703125,10.838898303222656,11326.648726867676,5.663324363433837,2.2648767700195194,12106.104564336465
2016-01-04,GE,BUY,87,129.70184326171875,129.72778363037108,11286.317175842283,5.643158587921142,2.256812072752581,814.1442299062601
2016-01-04,GOOGL,BUY,5,37.638248443603516,37.645776093292234,188.22888046646116,0.09411444023323058,0.037638248443592204,625.8212349995657
2016-01-04,HD,BUY,1,101.8423080444336,101.86267650604248,101.86267650604248,0.050931338253021236,0.02036846160888217,523.9076271552702
2016-01-04,META,BUY,3,101.33016967773438,101.35043571166992,304.0513071350098,0.1520256535675049,0.06079810180662548,219.70429436669298
2016-02-01,AMD,SELL,4090,2.140000104904175,2.139572104883194,8750.849908972263,4.375424954486131,1.7505200858117487,8966.17877838447
2016-02-01,AMZN,SELL,355,28.74049949645996,28.734751396560668,10200.836745779037,5.100418372889519,2.040575464248988,19161.91510579062
2016-02-01,AVGO,SELL,1045,10.486371994018555,10.484274719619751,10956.06708200264,5.47803354100132,2.191651746749397,30112.50415425226
2016-02-01,GOOGL,SELL,16,38.19976806640625,38.19212811279297,611.0740498046875,0.3055370249023438,0.1222392578124527,30723.272667032044
2016-02-01,HD,SELL,111,98.29916381835938,98.27950398559571,10909.024942401124,5.454512471200562,2.182241436766816,41626.843096961966
2016-02-01,MCD,SELL,11,96.4845199584961,96.46522305450439,1061.1174535995483,0.5305587267997742,0.21226594390871867,42687.42999183472
2016-02-01,META,SELL,16,114.08811950683594,114.06530188293458,1825.0448301269532,0.9125224150634765,0.3650819824217706,44511.562299546604
2016-02-01,MSFT,SELL,8,47.6026611328125,47.59314060058594,380.7451248046875,0.19037256240234376,0.07616425781247926,44892.11705178889
2016-02-01,GE,BUY,3,120.95931243896484,120.98350430145264,362.95051290435794,0.18147525645217896,0.07257558746339043,44528.98506362808
2016-02-01,JNJ,BUY,139,78.25418853759766,78.26983937530517,10879.507673167418,5.4397538365837095,2.1754664413440707,33644.03763662408
2016-02-01,KO,BUY,352,30.988365173339844,30.99456284637451,10910.086121923827,5.455043060961914,2.1815809082025908,22728.496471639293
2016-02-01,NVDA,BUY,936,0.7138318419456482,0.7139746083140374,668.280233381939,0.3341401166909695,0.1336293208122621,22059.882098140664
2016-02-01,PG,BUY,179,60.799774169921875,60.81193412475586,10885.336208331299,5.442668104165649,2.176631915282961,11169.1032217052
2016-02-01,WMT,BUY,584,18.67888832092285,18.682624098587034,10910.652473574828,5.455326236787414,2.181694155882667,252.99542189358363
2016-03-01,GE,SELL,4,127.2066650390625,127.1812237060547,508.7248948242188,0.2543624474121094,0.10176533203122062,761.4659542703903
2016-03-01,GOOGL,SELL,285,36.782344818115234,36.77498834915161,10480.87167950821,5.240435839754104,2.096593654632102,11237.097197938845
2016-03-01,JNJ,SELL,4,80.9736328125,80.9574380859375,323.82975234375,0.161914876171875,0.06477890625001237,11560.765035406423
2016-03-01,KO,SELL,352,31.485626220703125,31.479329095458986,11080.723841601563,5.540361920800781,2.2165880859367917,22635.948515087184
2016-03-01,MSFT,SELL,229,46.07783126831055,46.06861570205689,10549.712995771028,5.274856497885514,2.110364672087769,33180.38665436033
2016-03-01,NVDA,SELL,1593,0.8007906079292297,0.8006304498076439,1275.4043065435767,0.6377021532717883,0.255131887686297,34455.15325875064
2016-03-01,AVGO,BUY,1041,10.543495178222656,10.545603877258301,10977.973636225892,5.488986818112946,2.195155696106596,23471.690635706633
2016-03-01,MCD,BUY,5,92.72174072265625,92.74028507080078,463.7014253540039,0.23185071267700197,0.09272174072265216,23007.757359639952
2016-03-01,META,BUY,5,108.86399841308594,108.88577121276855,544.4288560638428,0.2722144280319214,0.1088639984130424,22463.056289148077
2016-03-01,PG,BUY,1,60.8822135925293,60.8943900352478,60.8943900352478,0.030447195017623902,0.012176442718505598,22402.131451917812
2016-03-01,QCOM,BUY,279,39.28623962402344,39.29409687194824,10963.05302727356,5.48152651363678,2.1921721710202604,11433.596898130616
2016-03-01,WMT,BUY,12,18.391094207763672,18.394772426605225,220.7372691192627,0.11036863455963135,0.044138626098643385,11212.749260376793
2016-03-01,XOM,BUY,211,51.885597229003906,51.895974348449705,10950.050587522888,5.475025293761444,2.189572203063612,257.22364756014395
2016-04-01,AVGO,SELL,83,12.058602333068848,12.056190612602235,1000.6638208459855,0.5003319104229927,0.20017279872887705,1257.3871364957063
2016-04-01,GE,SELL,1,135.93402099609375,135.90683419189455,135.90683419189455,0.06795341709594727,0.027186804199203607,1393.2260172705048
2016-04-01,JNJ,SELL,135,82.46138763427734,82.4448953567505,11130.060873161317,5.565030436580659,2.226457466124856,12517.721859995241
2016-04-01,MCD,SELL,2,99.09566497802734,99.07584584503174,198.15169169006347,0.09907584584503173,0.039638265991214894,12715.77447583946
2016-04-01,NVDA,SELL,635,0.8839260935783386,0.883749308359623,561.1808108083605,0.2805904054041803,0.11225861388445002,13276.674696242417
2016-04-01,PG,SELL,180,62.606056213378906,62.593535002136235,11266.836300384522,5.633418150192261,2.253818023680765,24537.87757847675
2016-04-01,QCOM,SELL,279,38.35893630981445,38.35126452255249,10700.002801792145,5.350001400896073,2.1404286460875355,35232.530378867996
2016-04-01,WMT,SELL,596,19.252063751220703,19.24821333847046,11471.935149728395,5.735967574864198,2.294845999144698,46698.72956102152
2016-04-01,XOM,SELL,211,52.958038330078125,52.94744672241211,11171.911258428956,5.585955629214478,2.2348292175291817,57865.054863821264
2016-04-01,ACN,BUY,118,97.3358383178711,97.35530548553467,11487.926047293091,5.743963023646545,2.2971257843021817,46371.384853504525
2016-04-01,AMD,BUY,4083,2.8299999237060547,2.830565923690796,11557.200666429519,5.77860033321476,2.310977937698161,34808.40558674179
2016-04-01,CAT,BUY,191,60.4855842590332,60.49768137588501,11555.057142794036,5.777528571397018,2.310549318694825,23247.57091537636
2016-04-01,CVX,BUY,190,60.53927993774414,60.551387793731685,11504.763680809021,5.75238184040451,2.300492637633411,11737.054852726935
2016-04-01,HON,BUY,134,86.01500701904297,86.03221002044677,11528.316142739866,5.764158071369933,2.305202188109206,202.9745519156986
2016-05-02,ACN,SELL,118,96.6337661743164,96.61443942108154,11400.503851687621,5.700251925843811,2.280556881713977,11597.778151677476
2016-05-02,AMD,SELL,883,3.740000009536743,3.739252009534836,3301.7595244192603,1.6508797622096303,0.6604840016839799,14897.886796334526
2016-05-02,AVGO,SELL,958,11.162999153137207,11.16076655330658,10692.014358067703,5.346007179033852,2.1388306377408384,25584.555147223196
2016-05-02,CVX,SELL,10,66.35172271728516,66.3384523727417,663.384523727417,0.33169226186370854,0.13270344543457213,26247.60797868875
2016-05-02,GE,SELL,85,131.50653076171875,131.48022945556642,11175.819503723145,5.587909751861573,2.235611022948376,37417.839572660036
2016-05-02,HON,SELL,134,87.10888671875,87.09146494140626,11670.256302148438,5.835128151074219,2.3345181640614214,49082.2607466574
2016-05-02,MCD,SELL,116,100.0162353515625,99.9962321044922,11599.562924121094,5.799781462060547,2.320376660155546,60676.02388931643
2016-05-02,META,SELL,100,117.53783416748047,117.51432660064698,11751.432660064698,5.875716330032349,2.3507566833487203,72421.58083305109
2016-05-02,ABBV,BUY,296,40.402095794677734,40.41017621383667,11961.412159295654,5.980706079647827,2.3918040710452146,60454.18796767579
2016-05-02,AMZN,BUY,350,34.192501068115234,34.19933956832886,11969.7688489151,5.984884424457551,2.3934750747688582,48478.43423433623
2016-05-02,CAT,BUY,2,61.91048812866211,61.92287022628784,123.84574045257568,0.06192287022628784,0.024764195251464116,48354.526571013426
2016-05-02,COP,BUY,352,33.98945236206055,33.99625025253296,11966.680088891602,5.983340044445801,2.3928574462893266,36381.863142077375
2016-05-02,LIN,BUY,121,98.54668426513672,98.56639360198974,11926.533625840759,5.96326681292038,2.38482975921616,24449.366249423696
2016-05-02,NVDA,BUY,526,0.8802584409713745,0.8804344926595687,463.10854313893316,0.23155427156946656,0.0926031879901672,23986.026152013193
2016-05-02,TSLA,BUY,742,16.1200008392334,16.123224839401246,11963.432830835725,5.981716415417862,2.392208124542776,12016.61160476205
2016-05-02,XOM,BUY,210,56.89667510986328,56.90805444488525,11950.691433425904,5.975345716712952,2.3896603546138806,59.944825619433686
2016-06-01,ABBV,SELL,296,41.31613540649414,41.30787217941284,12227.1301651062,6.113565082553101,2.445915216065032,12280.961425643081
2016-06-01,AMD,SELL,422,4.429999828338623,4.429113828372955,1869.086035573387,0.9345430177866936,0.37389198551183256,14149.112918198682
2016-06-01,AMZN,SELL,8,35.97200012207031,35.9648057220459,287.7184457763672,0.1438592228881836,0.057555200195281486,14436.68750475216
2016-06-01,CAT,SELL,193,57.480342864990234,57.46884679641724,11091.487431708527,5.545743715854264,2.218741234588123,25522.629192744833
2016-06-01,COP,SELL,352,32.14891052246094,32.14248074035645,11314.153220605469,5.657076610302735,2.2632833007805857,36831.12533674
2016-06-01,LIN,SELL,121,93.04019165039062,93.02158361206055,11255.611617059327,5.627805808529664,2.2515726379387075,48081.10914799079
2016-06-01,NVDA,SELL,2876,1.1475532054901123,1.1473236948490142,3299.702946385765,1.6498514731928822,0.6600726037981568,51379.16224290337
2016-06-01,TSLA,SELL,742,14.637332916259766,14.634405449676514,10858.728843659974,5.4293644218299875,2.172180204772772,62232.46172214151
2016-06-01,XOM,SELL,210,57.4456901550293,57.434201016998294,12061.182213569642,6.030591106784821,2.412718986510569,74287.61334460437
2016-06-01,ACN,BUY,122,100.52781677246094,100.54792233581543,12266.846524969482,6.133423262484741,2.4528787292479137,62014.6333963724
2016-06-01,AVGO,BUY,1040,11.82706069946289,11.829426111602784,12302.603156066894,6.151301578033447,2.460028625488775,49705.878938727474
2016-06-01,CRM,BUY,150,82.03081512451172,82.04722128753662,12307.083193130493,6.153541596565247,2.460924453734492,37392.64220400042
2016-06-01,CVX,BUY,7,65.63818359375,65.65131123046875,459.55917861328123,0.22977958930664064,0.0918934570312473,36932.85324579783
2016-06-01,IBM,BUY,129,95.31810760498047,95.33717122650147,12298.49508821869,6.149247544109345,2.459207176208892,24628.208910035028
2016-06-01,QCOM,BUY,295,41.70325469970703,41.711595350646974,12304.920628440857,6.152460314220429,2.46049202728301,12317.13582127995
2016-06-01,WMT,BUY,621,19.797391891479492,19.801351369857787,12296.639200681686,6.148319600340844,2.458836072921347,14.348300997922706
2016-07-01,ACN,SELL,122,95.89042663574219,95.87124855041505,11696.292323150636,5.848146161575317,2.339726409911208,11704.792477986983
2016-07-01,AMD,SELL,332,5.070000171661377,5.068986171627045,1682.903408980179,0.8414517044900894,0.33664801139827816,13386.854435262672
2016-07-01,AMZN,SELL,1,36.284000396728516,36.27674359664917,36.27674359664917,0.018138371798324584,0.007256800079346704,13423.113040487524
2016-07-01,AVGO,SELL,1040,11.822212219238281,11.819847776794434,12292.641687866211,6.146320843933106,2.459020141600803,25709.608407509804
2016-07-01,CRM,SELL,150,78.4723892211914,78.45669474334717,11768.504211502075,5.884252105751038,2.354171676635275,37472.22836690613
2016-07-01,CVX,SELL,4,67.59830474853516,67.58478508758544,270.3391403503418,0.1351695701751709,0.05407864379884586,37742.432337686296
2016-07-01,IBM,SELL,129,95.2181167602539,95.19907313690186,12280.68043466034,6.14034021733017,2.456627412414093,50016.9724321293
2016-07-01,QCOM,SELL,295,40.34080123901367,40.33273307876587,11898.156258235931,5.949078129117965,2.380107273101686,61909.17961223611
2016-07-01,WMT,SELL,15,20.44606590270996,20.44197668952942,306.62965034294126,0.15331482517147063,0.06133819770813176,62215.65594775388
2016-07-01,JNJ,BUY,134,92.25344848632812,92.27189917602539,12364.434489587402,6.182217244793701,2.4723924194329356,49845.03924092169
2016-07-01,MRK,BUY,304,40.68135452270508,40.68949079360962,12369.605201257325,6.184802600628663,2.4734263549812567,37469.249237063734
2016-07-01,NVDA,BUY,121,1.1438755989074707,1.144104374027252,138.4366292572975,0.06921831462864875,0.027681789493545272,37330.74338949181
2016-07-01,TXN,BUY,263,47.00581741333008,47.01521857681274,12365.00248570175,6.182501242850875,2.4725059959407076,24959.558402547205
2016-07-01,UNH,BUY,103,119.43385314941406,119.45773992004395,12304.147211764526,6.152073605882263,2.4603373748782786,12649.259117176796
2016-07-01,XOM,BUY,205,60.40678405761719,60.41886541442871,12385.867409957886,6.192933704978943,2.476678146361806,257.1987735139319
2016-08-01,AMD,SELL,456,6.639999866485596,6.638671866512299,3027.2343711296085,1.5136171855648042,0.6055679878233917,3282.9195274579756
2016-08-01,CVX,SELL,183,64.32707977294922,64.31421435699463,11769.501227330016,5.884750613665008,2.3543711196905406,15046.536004174328
2016-08-01,JNJ,SELL,134,95.37950897216797,95.36043307037353,12778.298031430053,6.389149015715026,2.556170840454598,27818.444886588666
2016-08-01,MRK,SELL,304,41.186893463134766,41.17865608444214,12518.311449670411,6.259155724835205,2.504163122558566,40330.49718053424
2016-08-01,NVDA,SELL,1344,1.3907428979873657,1.3904647494077682,1868.7846232040404,0.9343923116020202,0.37383169097905977,42198.34741142668
2016-08-01,TXN,SELL,15,53.169776916503906,53.15914296112061,797.3871444168092,0.39869357220840457,0.15950933074947216,42995.33586227128
2016-08-01,UNH,SELL,103,121.68073272705078,121.65639658050537,12530.608847792053,6.265304423896027,2.506623094177087,55519.679405639436
2016-08-01,WMT,SELL,606,20.718460083007812,20.71431639099121,12552.875732940674,6.276437866470337,2.5110773620604263,68066.27870071364
2016-08-01,XOM,SELL,205,55.26990509033203,55.258851109313966,11328.064477409363,5.664032238704682,2.266066108703413,79388.67914588429
2016-08-01,ABBV,BUY,297,44.405242919921875,44.414123968505855,13190.994818646239,6.59549740932312,2.6376714294420864,66191.08882982873
2016-08-01,ABT,BUY,352,37.51831817626953,37.525821839904786,13209.089287646484,6.6045446438232425,2.641289599609763,52975.394997538424
2016-08-01,AMZN,BUY,3,38.387001037597656,38.394678437805176,115.18403531341554,0.05759201765670777,0.023032200622559174,52860.15337020735
2016-08-01,CAT,BUY,200,65.8072738647461,65.82043531951904,13164.087063903808,6.5820435319519035,2.6322909545882567,39689.48426277159
2016-08-01,CSCO,BUY,578,22.835678100585938,22.840245236206055,13201.6617465271,6.600830873263551,2.6398043884279545,26481.22168537123
2016-08-01,IBM,BUY,130,100.9055404663086,100.92572157440185,13120.34380467224,6.560171902336121,2.6235440521230657,13354.317708796654
2016-08-01,QCOM,BUY,280,47.07695388793945,47.08636927871704,13184.18339804077,6.5920916990203855,2.6363094177233393,163.54221905686427
2016-09-01,ABBV,SELL,297,42.47487258911133,42.466377614593505,12612.514151534271,6.306257075767135,2.5230074317935944,12769.750113515369
2016-09-01,ABT,SELL,352,35.04139709472656,35.034388815307615,12332.10486298828,6.1660524314941405,2.4669143554694983,25095.688924072158
2016-09-01,AMD,SELL,164,7.349999904632568,7.348529904651642,1205.1589043628692,0.6025794521814346,0.24107999687197434,26300.245248982847
2016-09-01,CAT,SELL,200,65.40577697753906,65.39269582214355,13078.53916442871,6.539269582214355,2.616231079102249,39372.24514382934
2016-09-01,CSCO,SELL,578,23.46731948852539,23.462626024627685,13561.397842234803,6.780698921117402,2.7128221328738604,52926.86228714303
2016-09-01,IBM,SELL,130,100.57298278808594,100.55286819152832,13071.872864898682,6.535936432449341,2.614897552490447,65992.19921560926
2016-09-01,NVDA,SELL,846,1.5509825944900513,1.5506723979711532,1311.8688486835956,0.6559344243417978,0.2624262549877723,67303.41212986852
2016-09-01,QCOM,SELL,5,48.720088958740234,48.71034494094849,243.55172470474244,0.12177586235237123,0.04872008895873137,67546.8420787109
2016-09-01,AMZN,BUY,4,38.53099822998047,38.53870442962646,154.15481771850585,0.07707740885925293,0.030824798583978463,67392.61018358354
2016-09-01,AVGO,BUY,988,13.5753812789917,13.578096355247498,13415.159198984527,6.707579599492264,2.682495340728785,53970.74340499952
2016-09-01,BAC,BUY,1044,12.847980499267578,12.850550095367431,13415.974299563599,6.7079871497817996,2.682658328246845,40548.06111828614
2016-09-01,LIN,BUY,129,103.82581329345703,103.84657845611572,13396.208620838928,6.698104310419464,2.678705982971124,27145.154393136792
2016-09-01,MRK,BUY,303,44.163917541503906,44.1727503250122,13384.343348478698,6.692171674239349,2.676333403013814,13754.118872983854
2016-09-01,MS,BUY,557,24.084848403930664,24.08966537361145,13417.943613101577,6.708971806550789,2.683052112197455,329.46628807572597
2016-09-01,TXN,BUY,5,53.03282165527344,53.04342821960449,265.21714109802247,0.13260857054901123,0.053032821655278894,64.11653840715451
2016-10-03,AMZN,SELL,24,41.83700180053711,41.828634400177,1003.887225604248,0.501943612802124,0.20081760864258058,1067.5018203986003
2016-10-03,AVGO,SELL,988,13.076560020446777,13.073944708442689,12917.057371941377,6.4585286859706885,2.5839282600397553,13978.100663654006
2016-10-03,LIN,SELL,129,103.09148406982422,103.07086577301025,13296.141684718323,6.648070842359161,2.6597602890013974,27267.59427752997
2016-10-03,MRK,SELL,303,44.218994140625,44.210150341796876,13395.675553564453,6.697837776782227,2.6796710449216476,40656.571993317644
2016-10-03,NVDA,SELL,589,1.6811524629592896,1.6808162324666978,990.000760922885,0.49500038046144246,0.19803976013656643,41646.07775386007
2016-10-03,QCOM,SELL,12,51.514163970947266,51.50386113815308,618.046333657837,0.30902316682891845,0.12363399353026239,42263.815064351074
2016-10-03,ADBE,BUY,125,108.44999694824219,108.47168694763184,13558.96086845398,6.77948043422699,2.711249923706305,28698.07471546287
2016-10-03,AMD,BUY,125,6.949999809265137,6.951389809226989,868.9237261533737,0.4344618630766869,0.17374999523156465,27828.71652744642
2016-10-03,BAC,BUY,35,12.566577911376953,12.569091226959229,439.918192943573,0.21995909647178652,0.08796604537963937,27388.578375406374
2016-10-03,CAT,BUY,191,70.89041137695312,70.90458945922852,13542.776586712647,6.771388293356323,2.7080137146000567,13839.03040040037
2016-10-03,META,BUY,106,127.64904022216797,127.6745700302124,13533.504423202514,6.766752211601257,2.706159652709033,298.7592249862555
2016-10-03,MS,BUY,5,24.115028381347656,24.119851387023925,120.59925693511963,0.06029962846755982,0.02411502838134183,178.09966842266832
2016-10-03,TXN,BUY,2,53.00238800048828,53.012988478088374,106.02597695617675,0.05301298847808837,0.021200955200185945,72.02067847801348
2016-11-01,ADBE,SELL,125,106.87000274658203,106.84862874603272,13356.07859325409,6.678039296627045,2.6717500686643803,13421.421232435476
2016-11-01,AMD,SELL,35,7.090000152587891,7.088582152557374,248.10037533950808,0.12405018766975404,0.04963000106809723,13669.397557587314
2016-11-01,AMZN,SELL,324,39.27050018310547,39.26264608306885,12721.097330914308,6.360548665457154,2.5447284118639857,26384.134339836164
2016-11-01,BAC,SELL,62,13.354500770568848,13.351829870414734,827.8134519657135,0.4139067259828567,0.1655958095550183,27211.533885075896
2016-11-01,CAT,SELL,191,66.62313842773438,66.60981380004883,12722.474435809327,6.361237217904664,2.5450038879398136,39927.64708366732
2016-11-01,META,SELL,106,128.3726806640625,128.3470061279297,13604.782649560548,6.802391324780273,2.721500830078014,53525.627341903084
2016-11-01,MS,SELL,26,25.330093383789062,25.325027365112305,658.4507114929199,0.32922535574646,0.13171648559568894,54183.748828040254
2016-11-01,NVDA,SELL,52,1.6958885192871094,1.695549341583252,88.16856576232911,0.04408428288116455,0.017637240600578252,54271.8733095197
2016-11-01,QCOM,SELL,4,52.45832443237305,52.447832767486574,209.7913310699463,0.10489566553497316,0.04196665954589207,54481.55974492411
2016-11-01,TXN,SELL,255,52.834991455078125,52.82442445678711,13470.228236480714,6.735114118240357,2.694584564207929,67945.05286728658
2016-11-01,AAPL,BUY,533,25.496164321899414,25.501263554763792,13592.173474689102,6.796086737344551,2.7178911167134565,54346.08330586013
2016-11-01,GS,BUY,93,145.5022430419922,145.5313434906006,13534.414944625854,6.767207472312927,2.70634172058152,40804.90115376196
2016-11-01,MA,BUY,137,99.14926147460938,99.1690913269043,13586.165511785888,6.793082755892944,2.716689764403867,27211.94255922018
2016-11-01,MSFT,BUY,255,53.10043716430664,53.1110572517395,13543.319599193574,6.771659799596787,2.7081222953798445,13661.85130022701
2016-11-01,NFLX,BUY,1102,12.329999923706055,12.332465923690796,13590.377447907256,6.795188723953628,2.7175319831847737,64.67866359579966
2016-12-01,AAPL,SELL,533,25.167341232299805,25.162307764053345,13411.510038240433,6.7057550191202155,2.6828385753628865,13469.482946817112
2016-12-01,AMD,SELL,115,8.390000343322754,8.388322343254089,964.6570694742202,0.4823285347371101,0.19297000789649132,14433.657687756595
2016-12-01,BAC,SELL,146,17.3502197265625,17.346749682617187,2532.625453662109,1.2663127268310546,0.5066264160157345,16965.016828691874
2016-12-01,GS,SELL,12,185.76535034179688,185.72819727172853,2228.7383672607425,1.1143691836303713,0.4458368408201068,19192.640826768988
2016-12-01,MA,SELL,137,94.63388061523438,94.61495383911134,12962.248675958253,6.481124337979127,2.5929683288562444,32148.408378389264
2016-12-01,MS,SELL,64,32.01189422607422,32.005491847229,2048.351478222656,1.024175739111328,0.40975224609383076,34195.73568087281
2016-12-01,MSFT,SELL,255,52.92277145385742,52.91218689956665,13492.607659389496,6.746303829694748,2.699061344147111,47681.597036432606
2016-12-01,NFLX,SELL,1102,11.722000122070312,11.719655722045898,12915.06060569458,6.457530302847291,2.583528826904651,60590.200111824335
2016-12-01,NVDA,SELL,1003,2.155686855316162,2.155255717945099,2161.721485098934,1.080860742549467,0.43243078317645134,62750.84073618072
2016-12-01,QCOM,SELL,259,49.63494873046875,49.62502174072266,12852.880630847169,6.4264403154235845,2.5710903442376747,75597.29492671246
2016-12-01,CAT,BUY,193,77.96460723876953,77.98020016021728,15050.178630921935,7.525089315460967,3.0094338394153937,60539.59120647507
2016-12-01,COP,BUY,424,35.59956741333008,35.60668732681275,15097.235426568604,7.548617713284302,3.0188433166514415,45434.807162193174
2016-12-01,JPM,BUY,238,63.34711456298828,63.359783985900876,15079.62858864441,7.539814294322205,3.015322653197501,30347.63875925444
2016-12-01,TXN,BUY,280,53.965003967285156,53.97579696807861,15113.223151062011,7.556611575531005,3.0220402221675613,15226.858996616898
2016-12-01,UNH,BUY,109,137.6354217529297,137.66294883728028,15005.261423263551,7.502630711631775,3.0004521942148585,214.09494264171553
2017-01-03,AMD,SELL,374,11.430000305175781,11.427714305114746,4273.965150112915,2.1369825750564573,0.854964022827243,4485.923110179574
2017-01-03,CAT,SELL,193,76.1418685913086,76.12664021759034,14692.441561994934,7.346220780997467,2.939076127623906,19171.01845139351
2017-01-03,NVDA,SELL,509,2.5091466903686523,2.5086448610305787,1276.9002342645645,0.6384501171322823,0.2554311330794796,20447.28023554094
2017-01-03,TXN,SELL,280,56.39459991455078,56.383320994567875,15787.329878479004,7.8936649392395015,3.15809759521386,36226.716449080704
2017-01-03,UNH,SELL,109,138.0716094970703,138.0439951751709,15046.795474093627,7.523397737046814,3.0099610870368565,51265.988525437286
2017-01-03,BAC,BUY,26,18.18140983581543,18.18504611778259,472.8111990623473,0.23640559953117368,0.09454333114618407,50792.94092077541
2017-01-03,COP,BUY,12,37.36404800415039,37.37152081375122,448.4582497650146,0.22422912488250732,0.08967371520992629,50344.25844188551
2017-01-03,CVX,BUY,208,78.07000732421875,78.08562132568359,16241.809235742187,8.120904617871094,3.247712304686729,34094.32830152546
2017-01-03,GS,BUY,1,198.01150512695312,198.0511074279785,198.0511074279785,0.09902555371398926,0.03960230102538276,33896.17816854377
2017-01-03,JPM,BUY,3,67.5604476928711,67.57395978240967,202.72187934722902,0.10136093967361451,0.04053626861573889,33693.354928256864
2017-01-03,MS,BUY,27,32.68765640258789,32.694193933868405,882.7432362144469,0.4413716181072235,0.17651334457389112,32810.17032042431
2017-01-03,MSFT,BUY,291,55.94438552856445,55.95557440567016,16283.072152050017,8.141536076025009,3.2559632377614918,16518.956632298265
2017-01-03,NFLX,BUY,1279,12.74899959564209,12.751549395561218,16309.231676922798,8.154615838461398,3.2611940965652284,201.57033953700557
2017-02-01,AMD,SELL,56,12.0600004196167,12.057588419532776,675.2249514938354,0.3376124757469177,0.13507200469972247,876.457678555094
2017-02-01,BAC,SELL,2,18.471923828125,18.468229443359377,36.93645888671875,0.018468229443359376,0.007388769531246453,913.3756692123694
2017-02-01,COP,SELL,436,35.80629348754883,35.79913222885132,15608.421651779176,7.804210825889588,3.122308792113415,16513.993110165655
2017-02-01,CVX,SELL,208,73.53221893310547,73.51751248931885,15291.64259777832,7.645821298889159,3.0589403076173767,31797.989886645086
2017-02-01,MSFT,SELL,291,56.838356018066406,56.82698834686279,16536.65360893707,8.268326804468536,3.3079923202520405,48326.37516877769
2017-02-01,NFLX,SELL,105,14.07800006866455,14.075184468650818,1477.8943692083358,0.7389471846041679,0.29563800144195795,49803.53059080142
2017-02-01,NVDA,SELL,603,2.8028361797332764,2.8022756124973296,1689.7721943358897,0.8448860971679449,0.3380220432759047,51492.45789904014
2017-02-01,AVGO,BUY,1049,15.751113891601562,15.754264114379882,16526.223055984497,8.26311152799225,3.30458369445768,34957.97173152765
2017-02-01,DIS,BUY,160,103.33909606933594,103.35976388854981,16537.56222216797,8.268781111083985,3.3068510742191393,18412.140728248596
2017-02-01,GS,BUY,5,189.07688903808594,189.11470441589356,945.5735220794678,0.47278676103973394,0.18907688903809117,17466.094419408088
2017-02-01,JPM,BUY,8,66.15863800048828,66.17186972808838,529.374957824707,0.2646874789123535,0.10585382080080308,16936.45477410447
2017-02-01,MS,BUY,8,32.56989669799805,32.57641067733765,260.6112854187012,0.1303056427093506,0.052111834716811245,16675.71318304306
2017-02-01,TSLA,BUY,995,16.615999221801758,16.619322421646118,16536.225809537886,8.268112904768943,3.3065838451378937,131.21926060040278
2017-03-01,AMD,SELL,197,14.960000038146973,14.957008038139344,2946.530583513451,1.4732652917567255,0.5894240015028043,3076.276578822097
2017-03-01,BAC,SELL,45,20.640886306762695,20.63675812950134,928.6541158275604,0.4643270579137802,0.18576797676091772,4004.4663675917436
2017-03-01,DIS,SELL,160,103.0976791381836,103.07705960235596,16492.329536376954,8.246164768188477,3.299125732421544,20488.54973920051
2017-03-01,GS,SELL,3,207.6842498779297,207.6427130279541,622.9281390838623,0.3114640695419312,0.12461054992675713,21111.16641421483
2017-03-01,JPM,SELL,9,72.89518737792969,72.8806083404541,655.9254750640869,0.3279627375320434,0.1312113372802628,21766.763926541385
2017-03-01,MS,SELL,16,35.70484161376953,35.69770064544678,571.1632103271485,0.2855816051635742,0.11425549316402339,22337.64155526337
2017-03-01,AAPL,BUY,544,32.271400451660156,32.27785473175049,17559.152974072265,8.779576487036133,3.511128369140124,4769.709004704069
2017-03-01,AVGO,BUY,6,16.63653564453125,16.639862951660156,99.83917770996094,0.04991958885498047,0.01996384277343566,4669.819907405254
2017-03-01,NFLX,BUY,57,14.265000343322754,14.267853343391419,813.2676405733109,0.40663382028665546,0.16262100391390888,3856.145633011656
2017-03-01,NVDA,BUY,1039,2.5315234661102295,2.5320297708034514,2630.778931864786,1.315389465932393,0.5260505762575352,1224.051311680938
2017-03-01,TSLA,BUY,58,16.667999267578125,16.67133286743164,966.9373063110352,0.48346865315551757,0.19334879150391515,256.6305367167472
2017-04-03,AAPL,SELL,16,33.17405319213867,33.16741838150025,530.678694104004,0.265339347052002,0.10615697021478354,787.0438914736992
2017-04-03,AVGO,SELL,24,16.996288299560547,16.992889041900636,407.82933700561523,0.20391466850280762,0.08158218383786675,1194.6693138108117
2017-04-03,GS,SELL,84,188.16580200195312,188.12816884155274,15802.76618269043,7.901383091345214,3.161185473632713,16989.534113409896
2017-04-03,JPM,SELL,240,68.1601333618164,68.14650133514404,16355.160320434568,8.177580160217284,3.27168640136847,33336.51685368425
2017-04-03,MS,SELL,491,32.577510833740234,32.570995331573485,15992.358707802581,7.99617935390129,3.1991115638739274,49320.87938213293
2017-04-03,NFLX,SELL,38,14.692000389099121,14.689061989021301,558.1843555828094,0.2790921777914047,0.11165920295716347,49878.78464553795
2017-04-03,NVDA,SELL,368,2.669194459915161,2.6686606210231782,982.0671085365296,0.49103355426826484,0.19645271224970173,50860.360720520206
2017-04-03,TSLA,SELL,172,19.90133285522461,19.897352588653565,3422.344645248413,1.7111723226242066,0.6846058502196826,54280.99419344599
2017-04-03,ADBE,BUY,135,129.58999633789062,129.6159143371582,17498.148435516356,8.749074217758178,3.4989299011209596,36774.096683711876
2017-04-03,AMD,BUY,23,14.640000343322754,14.642928343391418,336.7873518980026,0.16839367594900131,0.06734400157927212,36437.14093813793
2017-04-03,BAC,BUY,68,19.094844818115234,19.098663787078856,1298.7091375213622,0.6493545687606811,0.2596898895262427,35137.78244604781
2017-04-03,DIS,BUY,166,105.10317993164062,105.12420056762696,17450.617294226075,8.725308647113037,3.4894255737311255,17678.43984317462
2017-04-03,META,BUY,124,141.0414276123047,141.06963589782714,17492.634851330564,8.746317425665282,3.497827404784175,177.05867441838927
2017-05-01,ADBE,SELL,3,135.11000061035156,135.0829786102295,405.24893583068854,0.20262446791534425,0.08106600036617806,582.1049857811624
2017-05-01,AVGO,SELL,1031,17.192041397094727,17.18860298881531,17721.449681468584,8.860724840734292,3.544998936080294,18294.693942409012
2017-05-01,DIS,SELL,166,106.52375030517578,106.50244555511475,17679.40596214905,8.839702981074524,3.5365885101317076,35965.26020157699
2017-05-01,META,SELL,124,151.13282775878906,151.10260119323732,18736.722547961428,9.368361273980714,3.7480941284161418,54692.61438826444
2017-05-01,NFLX,SELL,1193,15.53499984741211,15.531892847442627,18529.548166999055,9.264774083499528,3.7066509635922174,73212.89778118
2017-05-01,NVDA,SELL,6570,2.626342296600342,2.6258170281410216,17251.617874886513,8.625808937443256,3.45101377773382,90455.88984712907
2017-05-01,TSLA,SELL,50,21.52199935913086,21.517694959259035,1075.8847479629517,0.5379423739814758,0.21521999359119803,91531.23665271804
2017-05-01,AAPL,BUY,1,33.838924407958984,33.84569219284057,33.84569219284057,0.016922846096420287,0.006767784881589023,91497.37403767911
2017-05-01,AMD,BUY,117,13.619999885559082,13.622723885536194,1593.8586946077348,0.7969293473038674,0.31870799732213406,89902.71841372407
2017-05-01,BAC,BUY,18,19.11102867126465,19.1148508769989,344.0673157859802,0.1720336578929901,0.06879970321654127,89558.4790642802
2017-05-01,CAT,BUY,213,84.00850677490234,84.02530847625732,17897.39070544281,8.948695352721405,3.5787623886104427,71652.13966348466
2017-05-01,HD,BUY,145,123.11715698242188,123.14178041381835,17855.55816000366,8.92777908000183,3.5703975524892684,53787.653724400996
2017-05-01,LOW,BUY,252,70.94544982910156,70.95963891906739,17881.82900760498,8.94091450380249,3.575650671387905,35896.883802292214
2017-05-01,MCD,BUY,157,113.48934173583984,113.51203960418701,17821.39021785736,8.91069510892868,3.563565330505014,18066.582889325928
2017-05-01,UNH,BUY,119,149.86544799804688,149.89542108764647,17837.55510942993,8.918777554714964,3.5667976623516324,220.10900234128349
2017-06-01,AAPL,SELL,24,35.508541107177734,35.5014393989563,852.0345455749512,0.4260172727874756,0.1704409973144152,1071.7175306434472
2017-06-01,ADBE,SELL,6,141.3800048828125,141.35172888183595,848.1103732910158,0.4240551866455079,0.16965600585928087,1919.4038487478174
2017-06-01,AMD,SELL,1314,10.930000305175781,10.927814305114746,14359.147996920776,7.179573998460388,2.872404080200834,16271.372271670132
2017-06-01,BAC,SELL,936,18.377931594848633,18.374256008529663,17198.303623983764,8.599151811991883,3.440348794555632,33461.076743841906
2017-06-01,CAT,SELL,213,87.01468658447266,86.99728364715577,18530.42141684418,9.26521070842209,3.7068256484971016,51982.23294997767
2017-06-01,HD,SELL,145,124.58343505859375,124.55851837158204,18060.985163879395,9.030492581939697,3.612919616698065,70034.18762127512
2017-06-01,LOW,SELL,252,67.60836029052734,67.59483861846924,17033.89933185425,8.516949665927125,3.4074613586422515,87059.57000346345
2017-06-01,MCD,SELL,12,123.29476165771484,123.27010270538331,1479.2412324645998,0.7396206162322998,0.2959074279784204,88538.07161531181
2017-06-01,TSLA,SELL,41,22.691333770751953,22.686795503997804,930.1586156639099,0.465079307831955,0.18606893692013315,89467.76515166789
2017-06-01,UNH,SELL,119,154.1487579345703,154.1179281829834,18340.033453775024,9.17001672688751,3.668740438841951,107798.62858871603
2017-06-01,AMZN,BUY,360,49.79750061035156,49.807460110473635,17930.68563977051,8.965342819885254,3.5854200439459305,89858.97760612564
2017-06-01,AVGO,BUY,984,18.22284507751465,18.22648964653015,17934.865812185668,8.967432906092835,3.5862559112546535,71915.14436103388
2017-06-01,COST,BUY,112,160.1385040283203,160.17053172912597,17939.09955366211,8.969549776831053,3.5871024902335193,53967.07525759494
2017-06-01,GOOGL,BUY,366,48.98018264770508,48.989978684234615,17930.332198429867,8.965166099214933,3.5853493698103307,36027.77789306585
2017-06-01,NFLX,BUY,1100,16.298999786376953,16.302259586334227,17932.48554496765,8.966242772483826,3.5857799530010226,18086.32610532572
2017-06-01,NVDA,BUY,5041,3.559058904647827,3.5597707164287566,17944.804181517364,8.972402090758681,3.588243187665581,132.54952171759578
2017-07-03,AAPL,SELL,505,33.264617919921875,33.25796499633789,16795.272323150635,8.397636161575319,3.3597264099125113,16919.424208706656
2017-07-03,ADBE,SELL,3,138.41000366210938,138.38232166137695,415.1469649841308,0.20757348249206542,0.08304600219727831,17334.363600208293
2017-07-03,AMZN,SELL,360,47.68299865722656,47.673462057495115,17162.446340698243,8.581223170349121,3.4331759033210574,34488.22871773619
2017-07-03,AVGO,SELL,28,17.923662185668945,17.920077453231812,501.76216869049074,0.25088108434524536,0.10037250823972954,34989.74000534233
2017-07-03,COST,SELL,112,140.80270385742188,140.77454331665038,15766.748851464843,7.883374425732422,3.1539805664074265,50748.60548238145
2017-07-03,GOOGL,SELL,366,45.56892776489258,45.5598139793396,16674.891916438293,8.337445958219147,3.3356455123894335,67415.15995286152
2017-07-03,MCD,SELL,7,123.38379669189453,123.35911993255615,863.5138395278931,0.43175691976394653,0.1727373153686358,68278.24203546965
2017-07-03,NFLX,SELL,1100,14.616999626159668,14.614076226234436,16075.48384885788,8.03774192442894,3.2157399177547674,84345.6881424031
2017-07-03,NVDA,SELL,49,3.4350483417510986,3.4343613320827484,168.28370527205468,0.08414185263602734,0.03366347374916101,84513.88770582252
2017-07-03,TSLA,SELL,61,23.507999420166016,23.503297820281983,1433.701167037201,0.7168505835186005,0.2867975929260105,85946.8720222762
2017-07-03,ABBV,BUY,346,49.45979309082031,49.469685049438475,17116.511027105713,8.558255513552856,3.422617681884148,68821.80273965694
2017-07-03,ABT,BUY,417,41.12025833129883,41.12848238296509,17150.577153696442,8.575288576848221,3.429429544830768,51662.65029738365
2017-07-03,META,BUY,116,147.1378936767578,147.16732125549316,17071.40926563721,8.535704632818604,3.4135991333007496,34582.705327113625
2017-07-03,ORCL,BUY,398,43.03076934814453,43.03937550201416,17129.671449801637,8.564835724900819,3.4252492401121373,17444.469041587086
2017-07-03,TMO,BUY,100,170.15414428710938,170.1881751159668,17018.81751159668,8.509408755798342,3.403082885742492,417.14212123460675
2017-08-01,ABBV,SELL,346,48.498626708984375,48.48892698364258,16777.168736340333,8.388584368170166,3.3561049682616755,17185.92227320677
2017-08-01,ADBE,SELL,2,147.36000061035156,147.3305286102295,294.661057220459,0.1473305286102295,0.05894400024413926,17480.43599989862
2017-08-01,AVGO,SELL,36,19.37699317932129,19.373117780685426,697.4322401046753,0.34871612005233765,0.13951435089106212,18177.519523883242
2017-08-01,META,SELL,11,168.38134765625,168.34767138671876,1851.8243852539063,0.925912192626953,0.37043896484365746,20028.41799694452
2017-08-01,NVDA,SELL,595,4.055344581604004,4.054533512687684,2412.4474400491717,1.2062237200245858,0.48258600521059236,22439.65921327367
2017-08-01,TMO,SELL,100,171.18829345703125,171.15405579833984,17115.405579833983,8.557702789916991,3.4237658691409933,39546.50709031774
2017-08-01,TSLA,SELL,729,21.30466651916504,21.300405585861206,15527.995672092818,7.76399783604641,3.106220378494122,55066.73876457451
2017-08-01,ABT,BUY,10,41.7213249206543,41.72966918563843,417.2966918563843,0.20864834592819215,0.08344264984131655,54649.2334243722
2017-08-01,AMD,BUY,1300,13.710000038146973,13.712742038154602,17826.564649600983,8.913282324800491,3.56460000991774,36813.75549244642
2017-08-01,CAT,BUY,190,93.82299041748047,93.84175501556396,17829.933452957153,8.914966726478577,3.5652736358636616,18974.907072762788
2017-08-01,MCD,BUY,5,124.62974548339844,124.65467143249512,623.2733571624756,0.31163667858123784,0.12462974548341776,18351.32207892173
2017-08-01,NFLX,BUY,979,18.202999114990234,18.20663971481323,17824.300280802156,8.912150140401078,3.5641472267144145,518.109647979174
2017-08-01,ORCL,BUY,8,43.89313507080078,43.90191369781494,351.2153095825195,0.17560765479125975,0.0702290161132737,166.71873074186328
2017-09-01,ABT,SELL,427,43.444488525390625,43.43579962768555,18547.08644102173,9.273543220510865,3.7101593200681506,18704.53162854308
2017-09-01,ADBE,SELL,4,155.05999755859375,155.02898555908203,620.1159422363281,0.3100579711181641,0.12404799804687627,19324.33751280829
2017-09-01,AMD,SELL,1300,13.1899995803833,13.187361580467224,17143.57005460739,8.571785027303696,3.4293998909001644,36459.33578238838
2017-09-01,AVGO,SELL,920,19.715560913085938,19.71161780090332,18134.688376831054,9.067344188415527,3.627663208008869,54584.956815031015
2017-09-01,CAT,SELL,6,98.12008666992188,98.1004626525879,588.6027759155273,0.29430138795776367,0.11774410400389002,55173.265289558585
2017-09-01,MCD,SELL,4,130.065185546875,130.03917250976562,520.1566900390625,0.26007834501953125,0.10405214843751764,55693.16190125263
2017-09-01,NFLX,SELL,979,17.474000930786133,17.470506130599976,17103.625501857376,8.551812750928688,3.4214093822479192,72788.23559035908
2017-09-01,NVDA,SELL,83,4.2062296867370605,4.205388440799713,349.0472405863762,0.17452362029318808,0.0698234127998214,73137.10830732516
2017-09-01,ABBV,BUY,349,51.9716796875,51.9820740234375,18141.743834179688,9.070871917089843,3.6276232421868215,54986.29360122839
2017-09-01,META,BUY,1,170.5225372314453,170.55664173889159,170.55664173889159,0.0852783208694458,0.03410450744627269,54815.65168116863
2017-09-01,ORCL,BUY,3,44.295658111572266,44.30451724319458,132.91355172958373,0.06645677586479187,0.026577394866947657,54682.67167266318
2017-09-01,TMO,BUY,100,181.46131896972656,181.4976112335205,18149.76112335205,9.074880561676025,3.629226379393913,36523.83566874945
2017-09-01,TSLA,BUY,766,23.69333267211914,23.698071338653563,18152.72264540863,9.076361322704315,3.629818565367259,18362.03666201812
2017-09-01,UNH,BUY,105,172.17054748535156,172.20498159484862,18081.523067459104,9.040761533729551,3.615581497190874,271.4728330252874
2017-10-02,ABBV,SELL,53,62.28744888305664,62.27499139328003,3300.5745438438416,1.6502872719219208,0.6602469581602293,3570.397089597207
2017-10-02,ADBE,SELL,117,147.94000244140625,147.91041444091798,17305.518489587404,8.652759244793703,3.46179605712814,20867.262819939817
2017-10-02,CAT,SELL,6,103.46246337890625,103.44177088623047,620.6506253173828,0.31032531265869145,0.12415495605466731,21487.603119944542
2017-10-02,MCD,SELL,139,127.74565887451172,127.72010974273682,17753.09525424042,8.876547627120209,3.5513293167103797,39231.82182655784
2017-10-02,NVDA,SELL,137,4.4169602394104,4.416076847362518,605.002528088665,0.3025012640443325,0.1210247105598512,39836.52185338246
2017-10-02,ORCL,SELL,409,42.70304489135742,42.69450428237915,17462.05225149307,8.731026125746535,3.4931090721133486,57289.84307874978
2017-10-02,TMO,SELL,2,187.0126190185547,186.97521649475098,373.95043298950196,0.18697521649475096,0.07480504760741269,57663.606536522784
2017-10-02,TSLA,SELL,766,22.768667221069336,22.764113487625124,17437.310931520846,8.718655465760422,3.488159818266098,75092.19881257787
2017-10-02,UNH,SELL,105,170.8252410888672,170.79107604064941,17933.06298426819,8.966531492134093,3.5873300628661298,93016.29526535393
2017-10-02,ABT,BUY,404,45.56664276123047,45.575756089782715,18412.605460272218,9.206302730136109,3.681784735107385,74594.48350235156
2017-10-02,CVX,BUY,230,80.13241577148438,80.14844225463867,18434.141718566894,9.217070859283448,3.68609112548711,56151.12471292539
2017-10-02,MA,BUY,136,134.75572204589844,134.7826731903076,18330.443553881836,9.165221776940918,3.6653556396468048,37811.51593726661
2017-10-02,META,BUY,3,167.99472045898438,168.02831940307618,504.08495820922855,0.25204247910461425,0.10079683227542091,37307.178936578275
2017-10-02,NFLX,BUY,1042,17.701000213623047,17.70454041366577,18448.131111039733,9.224065555519866,3.6888884445191437,18849.82375998302
2017-10-02,TXN,BUY,263,70.00049591064453,70.01449600982666,18413.81245058441,9.206906225292204,3.6820260848993343,426.80440317331886
2017-11-01,ABT,SELL,404,46.062496185302734,46.053283686065676,18605.526609170534,9.302763304585268,3.7218496917716664,19023.028249039267
2017-11-01,CAT,SELL,6,113.73480987548828,113.71206291351318,682.272377481079,0.3411361887405395,0.13648177185061172,19704.959490331607
2017-11-01,CVX,SELL,230,79.08838653564453,79.0725688583374,18186.690837417602,9.0933454187088,3.6380657806390104,37882.5569823305
2017-11-01,META,SELL,109,181.06993103027344,181.03371704406737,19732.675157803344,9.866337578901671,3.9473244964610217,57605.36580255494
2017-11-01,NFLX,SELL,53,19.799999237060547,19.796039237213137,1049.1900795722963,0.5245950397861481,0.20987999191274298,58654.03128708745
2017-11-01,NVDA,SELL,345,5.112816333770752,5.111793770503998,1763.5688508238793,0.8817844254119396,0.3527843270301245,60416.718353485914
2017-11-01,TMO,SELL,98,189.60000610351562,189.56208610229493,18577.084438024904,9.288542219012452,3.716160119628398,78984.51424929181
2017-11-01,TXN,SELL,5,75.71345520019531,75.69831250915527,378.49156254577633,0.18924578127288816,0.07571345520020145,79362.81656605631
2017-11-01,ABBV,BUY,9,64.14448547363281,64.15731437072753,577.4158293365479,0.28870791466827395,0.11546007385248913,78785.11202880509
2017-11-01,ADBE,BUY,111,176.25,176.28525,19567.66275,9.783831375,3.9127499999989652,59207.66544743009
2017-11-01,AMZN,BUY,355,55.183998107910156,55.195034907531735,19594.237392173767,9.797118696086883,3.918063865660386,39603.630936560236
2017-11-01,CRM,BUY,195,100.21621704101562,100.23626028442382,19546.070755462646,9.773035377731322,3.908432464598235,20047.78714571986
2017-11-01,MA,BUY,2,141.69296264648438,141.72130123901366,283.4426024780273,0.14172130123901366,0.05667718505856101,19764.202821940595
2017-11-01,MSFT,BUY,259,75.64056396484375,75.65569207763671,19594.82424810791,9.797412124053954,3.9181812133779346,159.58116170862922
2017-12-01,ABBV,SELL,10,66.83683013916016,66.82346277313232,668.2346277313231,0.33411731386566157,0.1336736602783617,827.4816721260867
2017-12-01,ADBE,SELL,1,179.52000427246094,179.48410027160645,179.48410027160645,0.08974205013580322,0.03590400085448664,1006.8760303475573
2017-12-01,AMZN,SELL,355,58.11750030517578,58.10587680511475,20627.586265815735,10.313793132907868,4.1263425216672545,21624.148503030385
2017-12-01,CAT,SELL,5,118.0992660522461,118.07564619903565,590.3782309951782,0.29518911549758914,0.11809926605224064,22214.231544910064
2017-12-01,CRM,SELL,195,102.06424713134766,102.04383428192139,19898.54768497467,9.949273842487337,3.9805056381216275,42102.829956042246
2017-12-01,MA,SELL,138,142.4542694091797,142.42577855529785,19654.757440631103,9.827378720315552,3.931737835693127,61747.760017953035
2017-12-01,MSFT,SELL,259,77.00750732421875,76.99210582275391,19940.955408093265,9.970477704046631,3.9889888793926644,81678.74494834225
2017-12-01,NFLX,SELL,989,18.68199920654297,18.67826280670166,18472.801915827942,9.23640095791397,3.6952994430540755,100142.31046321228
2017-12-01,TXN,SELL,258,76.36568450927734,76.35041137237549,19698.406134072877,9.849203067036438,3.940469320678318,119830.86739421813
2017-12-01,BAC,BUY,858,23.03462028503418,23.039227209091187,19767.65694540024,9.883828472700118,3.952740840912597,100053.3266203452
2017-12-01,HD,BUY,135,146.46990966796875,146.49920364990234,19777.392492736817,9.88869624636841,3.954687561034831,80266.045431362
2017-12-01,JPM,BUY,238,83.01274108886719,83.02934363708496,19760.98378562622,9.88049189281311,3.9514064758306517,60495.18115384296
2017-12-01,NVDA,BUY,220,4.881292343139648,4.882268601608276,1074.0990923538207,0.5370495461769104,0.2147768630980451,59420.545011942966
2017-12-01,QCOM,BUY,375,52.653568267822266,52.66409898147583,19749.03711805344,9.87451855902672,3.9490176200871474,39661.6333753305
2017-12-01,UNH,BUY,100,196.87278747558594,196.91216203308105,19691.216203308104,9.845608101654053,3.937455749510832,19960.57156392074
2017-12-01,WMT,BUY,699,28.288917541503906,28.294575325012207,19777.908152183532,9.888954076091766,3.9547906723025044,172.7744576611185
2018-01-02,ADBE,SELL,110,177.6999969482422,177.66445694885255,19543.09026437378,9.771545132186889,3.9093999328605378,19706.093176902712
2018-01-02,BAC,SELL,32,24.510149002075195,24.50524697227478,784.1679031127929,0.39208395155639647,0.156864953613308,20489.86899606395
2018-01-02,CAT,SELL,13,131.05075073242188,131.0245405822754,1703.3190275695802,0.85165951378479,0.3407319519042744,22192.336364119743
2018-01-02,HD,SELL,3,152.64801025390625,152.61748065185546,457.8524419555664,0.2289262209777832,0.09158880615237308,22649.95987985433
2018-01-02,JPM,SELL,238,85.51602172851562,85.49891852416992,20348.74260875244,10.17437130437622,4.0705626342770245,42988.5281173024
2018-01-02,NVDA,SELL,4052,4.922529697418213,4.921545191478729,19942.10111587181,9.971050557935904,3.989218066789004,62920.65818261627
2018-01-02,QCOM,SELL,375,52.42041015625,52.40992607421875,19653.722277832032,9.826861138916016,3.9315307617178163,82564.55359930938
2018-01-02,UNH,SELL,100,191.99386596679688,191.9554671936035,19195.54671936035,9.597773359680176,3.8398773193364377,101750.50254531005
2018-01-02,ABBV,BUY,1,68.2870864868164,68.30074390411377,68.30074390411377,0.03415037195205689,0.013657417297366692,101682.16765103399
2018-01-02,ACN,BUY,151,133.94760131835938,133.97439083862304,20230.13301663208,10.11506650831604,4.045217559813011,81441.9195678936
2018-01-02,COP,BUY,485,41.7639274597168,41.77228024520874,20259.55591892624,10.12977795946312,4.051100963592766,61172.23387100789
2018-01-02,LOW,BUY,260,77.84143829345703,77.85700658111573,20242.821711090088,10.121410855545044,4.047754791260729,40919.29074906226
2018-01-02,MSFT,BUY,258,78.55204010009766,78.56775050811767,20270.47963109436,10.13523981554718,4.053285269163297,20638.675878152353
2018-01-02,TXN,BUY,244,82.95866394042969,82.97525567321777,20245.962384265138,10.122981192132569,4.048382800293041,382.590512695082
2018-01-02,WMT,BUY,4,28.80023765563965,28.805997703170775,115.2239908126831,0.05761199540634154,0.023040190124504534,267.3089098869925
2018-02-01,ABBV,SELL,26,81.307861328125,81.29159975585938,2113.581593652344,1.0567907968261718,0.4228008789061164,2379.83371274251
2018-02-01,ACN,SELL,151,139.7116241455078,139.68368182067871,21092.235954922486,10.546117977461241,4.219291049193828,23461.523549687536
2018-02-01,BAC,SELL,826,26.641464233398438,26.636135940551757,22001.44828689575,11.000724143447876,4.4011698913582435,45451.97111243984
2018-02-01,COP,SELL,485,44.80636978149414,44.797408507537845,21726.743126155856,10.863371563077928,4.346217868803173,67167.85086703261
2018-02-01,LOW,SELL,12,88.5797348022461,88.56201885528564,1062.7442262634277,0.5313721131317138,0.21259136352540509,68230.0637211829
2018-02-01,MSFT,SELL,258,86.14676666259766,86.12953730926513,22221.420625790404,11.110710312895202,4.445173159791324,90440.37363666041
2018-02-01,TXN,SELL,244,86.98143768310547,86.96404139556886,21219.2261005188,10.609613050259401,4.244694158933555,111648.99012412896
2018-02-01,ADBE,BUY,110,199.3800048828125,199.41988088378906,21936.186897216798,10.9680934486084,4.386360107421865,89701.83513346355
2018-02-01,AMZN,BUY,316,69.5,69.51389999999999,21966.392399999997,10.983196199999998,4.392399999997622,67724.45953726355
2018-02-01,CAT,BUY,7,136.0186309814453,136.0458347076416,952.3208429534913,0.4761604214767456,0.19042608337403522,66771.66253388858
2018-02-01,CSCO,BUY,673,32.60201644897461,32.6085368522644,21945.54530157394,10.97277265078697,4.3882314140293275,44815.14445966385
2018-02-01,HD,BUY,3,162.2843780517578,162.31683492736815,486.9505047821044,0.24347525239105222,0.09737062683100817,44327.95047962935
2018-02-01,NFLX,BUY,828,26.506999969482422,26.51230136947632,21952.185533926393,10.976092766963196,4.389559194946628,22364.78885293599
2018-02-01,NVDA,BUY,3699,5.9386420249938965,5.939829753398895,21971.43025782251,10.985715128911254,4.39340737008896,382.3728799845703
2018-02-01,WMT,BUY,9,30.824630737304688,30.830795663452147,277.47716097106934,0.13873858048553467,0.05548433532713304,104.75698043301543
2018-03-01,ABBV,SELL,2,79.5606689453125,79.54475681152344,159.08951362304688,0.07954475681152344,0.031824267578116405,263.76694929925077
2018-03-01,ADBE,SELL,7,206.02999877929688,205.98879277954103,1441.9215494567873,0.7209607747283936,0.28844199829092076,1704.9675379813098
2018-03-01,AMZN,SELL,31,74.67250061035156,74.6575661102295,2314.384549417114,1.1571922747085572,0.4629695037840662,4018.1948951237155
2018-03-01,CSCO,SELL,51,34.24385452270508,34.23700575180054,1746.0872933418275,0.8730436466709137,0.3492873161315373,5763.409144818872
2018-03-01,HD,SELL,135,145.8367156982422,145.80754835510254,19684.019027938844,9.842009513969423,3.9375913238524163,25437.586163243745
2018-03-01,LOW,SELL,248,75.01899719238281,75.00399339294434,18600.990361450196,9.300495180725099,3.720942260741708,44029.27602951322
2018-03-01,NFLX,SELL,94,29.038999557495117,29.03319175758362,2729.12002521286,1.3645600126064301,0.5459331916807955,46757.03149471347
2018-03-01,WMT,SELL,712,26.02216148376465,26.016957051467895,18524.07342064514,9.26203671032257,3.7055557952888023,65271.842878648284
2018-03-01,BAC,BUY,823,25.90216064453125,25.907341076660156,21321.74170609131,10.660870853045656,4.263495642089783,43939.44030170393
2018-03-01,CAT,BUY,8,125.94970703125,125.97489697265625,1007.79917578125,0.5038995878906251,0.2015195312500282,42931.13722633479
2018-03-01,JPM,BUY,236,90.32527923583984,90.343344291687,21321.029252838132,10.660514626419067,4.263353179929709,21599.447458870236
2018-03-01,MA,BUY,128,165.36375427246094,165.39682702331544,21170.793858984376,10.585396929492187,4.233312109376129,418.0682029563686
2018-03-01,NVDA,BUY,17,5.737502098083496,5.7386495985031125,97.55704317455292,0.048778521587276455,0.01950750713347915,320.4623812602284
2018-04-02,ABBV,SELL,268,63.919700622558594,63.90691668243409,17127.053670892336,8.563526835446167,3.426095953367849,17438.95252531712
2018-04-02,ADBE,SELL,9,212.27999877929688,212.23754277954103,1910.1378850158692,0.9550689425079346,0.3821039978026022,19348.13534139048
2018-04-02,BAC,SELL,823,24.11665916442871,24.111835832595826,19844.040890226366,9.922020445113183,3.969602098464147,39182.254211171734
2018-04-02,CAT,SELL,169,120.63433837890625,120.61021151123047,20383.12574539795,10.191562872698974,4.077440637206067,59555.18839369698
2018-04-02,JPM,SELL,236,85.88189697265625,85.86472059326172,20264.074060009767,10.132037030004883,4.0536255371084735,79809.13041667675
2018-04-02,MA,SELL,6,163.56228637695312,163.52957391967774,981.1774435180664,0.49058872175903323,0.1962747436522818,80789.81727147306
2018-04-02,NFLX,SELL,17,28.02899932861328,28.023393528747558,476.39768998870846,0.23819884499435426,0.09529859771729221,81265.97676261677
2018-04-02,NVDA,SELL,34,5.461758136749268,5.460665785121918,185.66263669414522,0.09283131834707262,0.03713995532987724,81451.54656799257
2018-04-02,AMZN,BUY,8,68.59950256347656,68.61322246398926,548.9057797119141,0.274452889855957,0.10975920410157869,80902.3663353908
2018-04-02,COP,BUY,456,44.09114456176758,44.09996279067993,20109.58303255005,10.054791516275026,4.021112384033302,60782.72851132448
2018-04-02,CRM,BUY,177,113.33917236328125,113.3618401977539,20065.04571500244,10.03252285750122,4.0122067016602045,40707.65027346453
2018-04-02,CSCO,BUY,5,32.06257247924805,32.068984993743896,160.34492496871948,0.08017246248435975,0.03206257247924782,40547.22517603333
2018-04-02,MSFT,BUY,247,81.28085327148438,81.29710944213868,20080.386032208255,10.040193016104126,4.015274151612502,20456.798950808974
2018-04-02,NKE,BUY,351,57.154056549072266,57.16548736038208,20065.08606349411,10.032543031747053,4.012214769744965,381.68034428311876
2018-05-01,AMZN,SELL,18,79.11299896240234,79.09717636260987,1423.7491745269776,0.7118745872634888,0.28480679626449046,1804.7176442228329
2018-05-01,COP,SELL,20,49.87485122680664,49.86487625656128,997.2975251312256,0.49864876256561286,0.19949940490718632,2801.5165205914927
2018-05-01,CSCO,SELL,11,35.33090591430664,35.32383973312378,388.5622370643616,0.1942811185321808,0.07772799301142896,3189.8844765373224
2018-05-01,MSFT,SELL,247,87.23090362548828,87.21345744476318,21541.723988856505,10.770861994428254,4.309206639100211,24720.8376033994
2018-05-01,NFLX,SELL,22,31.329999923706055,31.323733923721313,689.1221463218689,0.34456107316093443,0.1378519996643064,25409.615188648106
2018-05-01,NVDA,SELL,3682,5.6122307777404785,5.611108331584931,20660.100876895714,10.330050438447858,4.132846744726576,46059.386015105374
2018-05-01,ADBE,BUY,3,224.0800018310547,224.1248178314209,672.3744534942628,0.33618722674713136,0.13444800109863309,45386.675374384366
2018-05-01,COST,BUY,123,175.7975311279297,175.83269063415526,21627.420948001098,10.813710474000548,4.3246192657449,23748.440715909266
2018-05-01,CRM,BUY,3,121.016357421875,121.04056069335937,363.12168208007813,0.18156084104003908,0.07260981445310222,23385.137472988146
2018-05-01,MA,BUY,4,172.05174255371094,172.08615290222167,688.3446116088867,0.34417230580444336,0.1376413940429302,22696.448689073455
2018-05-01,NKE,BUY,7,60.701683044433594,60.71382338104248,424.9967636672974,0.2124983818336487,0.08498235626220918,22271.239427024324
2018-05-01,V,BUY,181,120.12249755859375,120.14652205810546,21746.520492517087,10.873260246258543,4.348434411619678,513.8456742609778
2018-06-01,ADBE,SELL,6,251.30999755859375,251.25973555908203,1507.5584133544921,0.7537792066772461,0.3015719970703117,2020.6503084087926
2018-06-01,COST,SELL,123,176.8303985595703,176.7950324798584,21745.788995022584,10.872894497511291,4.350027804564462,23755.566408933864
2018-06-01,CRM,SELL,1,128.30035400390625,128.27469393310548,128.27469393310548,0.06413734696655274,0.025660070800768153,23883.776965520003
2018-06-01,CSCO,SELL,616,34.40879821777344,34.40191645812988,21191.580538208007,10.595790269104004,4.239163940429933,45064.76171345891
2018-06-01,MA,SELL,3,186.48403930664062,186.44674249877932,559.340227496338,0.279670113748169,0.11189042358392953,45623.8222708415
2018-06-01,NFLX,SELL,56,35.99300003051758,35.98580143051147,2015.2048801086426,1.0076024400543213,0.4031216003419331,47638.019548510085
2018-06-01,NKE,SELL,4,65.03659057617188,65.02358325805665,260.0943330322266,0.13004716651611328,0.05202927246091349,47897.983834375795
2018-06-01,V,SELL,181,123.46708679199219,123.4423933746338,22343.073200808718,11.171536600404359,4.469508541869018,70229.8854985841
2018-06-01,AMD,BUY,1599,14.399999618530273,14.40287961845398,23030.204509907915,11.515102254953957,4.605119878006818,47188.16588642124
2018-06-01,AMZN,BUY,5,82.0770034790039,82.09341887969971,410.46709439849855,0.20523354719924927,0.08207700347902858,46777.49355847554
2018-06-01,COP,BUY,6,52.04702377319336,52.057433177948,312.344599067688,0.156172299533844,0.06245642852783817,46464.99278710831
2018-06-01,LOW,BUY,280,82.13034057617188,82.14676664428711,23001.09466040039,11.500547330200195,4.599299072266376,23452.39757937772
2018-06-01,NVDA,BUY,3616,6.369273662567139,6.370547517299652,23035.89982255554,11.51794991127777,4.606258712768863,404.97980691090197
2018-07-02,AMD,SELL,40,15.15999984741211,15.156967847442628,606.2787138977051,0.3031393569488525,0.12127999877925788,1010.9553814516582
2018-07-02,AMZN,SELL,5,85.68900299072266,85.6718651901245,428.3593259506225,0.21417966297531124,0.08568900299074755,1439.1005277393056
2018-07-02,CRM,SELL,8,138.04177856445312,138.01417020874024,1104.113361669922,0.552056680834961,0.22086684570308535,2542.6618327283923
2018-07-02,LOW,SELL,280,81.30758666992188,81.29132515258789,22761.57104272461,11.380785521362304,4.55322485351644,25292.852089931635
2018-07-02,NFLX,SELL,46,39.81800079345703,39.81003719329834,1831.2617108917239,0.915630855445862,0.3663256072997001,27123.198169967913
2018-07-02,NKE,SELL,17,70.03321075439453,70.01920411224366,1190.3264699081421,0.5951632349540711,0.238112916564873,28312.9294766411
2018-07-02,NVDA,SELL,3616,5.9890265464782715,5.987828741168976,21651.98872806702,10.82599436403351,4.331263998411231,49954.09221034408
2018-07-02,ADBE,BUY,6,243.25999450683594,243.3086465057373,1459.8518790344237,0.729925939517212,0.29191199340817775,48493.51040537014
2018-07-02,COP,BUY,10,52.27566909790039,52.28612423171997,522.8612423171996,0.26143062115859983,0.1045513381957619,47970.38773243179
2018-07-02,MA,BUY,2,188.6793975830078,188.7171334625244,377.4342669250488,0.18871713346252442,0.07547175903317793,47592.76474837327
2018-07-02,META,BUY,120,195.64198303222656,195.681111428833,23481.73337145996,11.74086668572998,4.695407592771517,24099.290510227584
2018-07-02,TSLA,BUY,1058,22.33799934387207,22.342466943740845,23638.330026477815,11.819165013238907,4.726720661164052,449.1413187365288
2018-08-01,ADBE,SELL,3,248.00999450683594,247.96039250793459,743.8811775238038,0.3719405887619019,0.1488059967040556,1192.6505556715706
2018-08-01,AMD,SELL,287,18.479999542236328,18.47630354232788,5302.699116648101,2.6513495583240507,1.0607519737245887,6492.698322761347
2018-08-01,AMZN,SELL,14,89.8584976196289,89.84052592010498,1257.7673628814698,0.6288836814407349,0.2516037933349651,7749.836801961376
2018-08-01,COP,SELL,25,54.954532623291016,54.94354171676636,1373.588542919159,0.6867942714595794,0.2747726631163516,9122.738550609076
2018-08-01,MA,SELL,125,192.2906494140625,192.2521912841797,24031.52391052246,12.01576195526123,4.807266235349772,33142.24669917628
2018-08-01,META,SELL,120,170.15576171875,170.12173056640626,20414.60766796875,10.207303833984376,4.083738281249225,53546.647063311044
2018-08-01,NFLX,SELL,593,33.8380012512207,33.83123365097046,20061.921555025485,10.030960777512743,4.013186948393724,73598.53765755902
2018-08-01,NKE,SELL,337,69.30919647216797,69.29533463287353,23352.52777127838,11.67626388563919,4.6714398422246575,96939.38916495176
2018-08-01,TSLA,SELL,1058,20.055999755859375,20.051988555908203,21215.00389215088,10.60750194607544,4.243849548340265,118143.78555515656
2018-08-01,CRM,BUY,2,135.33856201171875,135.36562972412108,270.73125944824216,0.13536562972412108,0.05413542480465594,117872.9189300786
2018-08-01,LLY,BUY,265,88.42765045166016,88.44533598175049,23438.01403516388,11.71900701758194,4.686665473938163,94423.18588789713
2018-08-01,MRK,BUY,480,48.90152359008789,48.911303894805904,23477.425869506835,11.738712934753417,4.694546264646533,70934.02130545554
2018-08-01,MSFT,BUY,239,98.01142883300781,98.03103111877441,23429.416437387084,11.714708218693543,4.684946298216246,47492.89015984976
2018-08-01,QCOM,BUY,445,52.726280212402344,52.73682546844482,23467.887333457944,11.73394366672897,4.692638938902078,24013.26888272509
2018-08-01,TMO,BUY,102,228.9208984375,228.9666826171875,23354.601626953125,11.677300813476561,4.669986328125162,646.9899549584879
2018-09-04,ADBE,SELL,94,266.67999267578125,266.6266566772461,25062.905727661135,12.531452863830566,5.01358386230379,25697.364229755793
2018-09-04,AMD,SELL,341,28.059999465942383,28.054387466049196,9566.546125922776,4.7832730629613875,1.913691963576749,35259.12708261561
2018-09-04,AMZN,SELL,5,101.97550201416016,101.95510691375732,509.7755345687866,0.2548877672843933,0.10197550201418437,35768.64772941711
2018-09-04,MSFT,SELL,239,103.4154052734375,103.39472219238282,24711.338603979493,12.355669301989748,4.943256372069655,60467.63066409461
2018-09-04,QCOM,SELL,445,57.8614387512207,57.84986646347046,25743.190576244357,12.871595288122178,5.1496680488570945,86197.94964505084
2018-09-04,TMO,SELL,102,231.01527404785156,230.969070993042,23558.845241290284,11.779422620645143,4.712711590574372,109745.01546372048
2018-09-04,AAPL,BUY,484,53.9473762512207,53.958165726470945,26115.752211611936,13.057876105805969,5.222106021117014,83616.20537600273
2018-09-04,COP,BUY,40,55.94939041137695,55.96058028945923,2238.4232115783693,1.1192116057891845,0.4475951232910802,81376.66295281857
2018-09-04,COST,BUY,123,211.03623962402344,211.07844687194824,25962.648965249635,12.981324482624817,5.19149149475129,55401.03266308631
2018-09-04,LLY,BUY,12,94.24949645996094,94.26834635925293,1131.2201563110352,0.5656100781555177,0.22619879150391853,54269.24689669712
2018-09-04,LOW,BUY,276,94.663818359375,94.68275112304687,26132.439309960937,13.066219654980468,5.225442773436157,28123.741367081202
2018-09-04,MRK,BUY,35,50.738407135009766,50.748554816436766,1776.1994185752867,0.8880997092876434,0.3551688499450023,26346.653848796628
2018-09-04,NKE,BUY,366,71.32575988769531,71.34002503967285,26110.449164520265,13.055224582260132,5.221045623779588,223.1494596941011
2018-10-01,AMD,SELL,65,31.420000076293945,31.413716076278686,2041.8915449581145,1.0209457724790574,0.40846000099188373,2264.0200588797366
2018-10-01,COP,SELL,22,61.13797378540039,61.12574619064331,1344.766416194153,0.6723832080970765,0.2690070846557262,3608.1140918657925
2018-10-01,COST,SELL,123,211.00927734375,210.96707548828127,25948.950285058596,12.974475142529299,5.190828222654119,29544.08990178186
2018-10-01,MRK,SELL,9,53.77603530883789,53.76528010177613,483.88752091598514,0.2419437604579926,0.09679686355586625,30027.735478937386
2018-10-01,NKE,SELL,366,75.68058776855469,75.66545165100098,27693.55530426636,13.84677765213318,5.539819024657504,57707.44400555162
2018-10-01,AAPL,BUY,22,53.68750762939453,53.69824513092041,1181.361392880249,0.5906806964401244,0.23622503356938296,56525.49193197493
2018-10-01,ABT,BUY,424,64.1201400756836,64.13296410369873,27192.37677996826,13.596188389984132,5.437387878415848,29319.518963616687
2018-10-01,AMZN,BUY,15,100.21800231933594,100.2380459197998,1503.570688796997,0.7517853443984985,0.30065400695796995,27815.196489475293
2018-10-01,LLY,BUY,3,96.93409729003906,96.95348410949707,290.8604523284912,0.14543022616424559,0.05816045837401873,27524.190606920638
2018-10-01,LOW,BUY,1,98.2289047241211,98.24855050506592,98.24855050506592,0.04912427525253296,0.019645780944827607,27425.89293214032
2018-10-01,QCOM,BUY,453,60.027706146240234,60.039711687469485,27197.989394423676,13.598994697211838,5.438510176850308,214.30454301943246
2018-11-01,AAPL,SELL,45,52.496883392333984,52.48638401565552,2361.887280704498,1.180943640352249,0.4724719505310304,2575.0108800835783
2018-11-01,ABT,SELL,424,60.93524932861328,60.92306227874756,25831.378406188964,12.915689203094482,5.167309143066575,28393.473597069446
2018-11-01,AMZN,SELL,271,83.27649688720703,83.2598415878296,22563.41707030182,11.28170853515091,4.513586131284384,50945.608958836114
2018-11-01,COP,SELL,445,53.47201919555664,53.46132479171753,23790.289532314302,11.89514476615715,4.759009708404207,74724.00334638426
2018-11-01,CRM,SELL,173,137.2161102294922,137.1886670074463,23733.63939228821,11.866819696144105,4.747677413938817,98445.77591897632
2018-11-01,LLY,SELL,31,97.16834259033203,97.14890892181397,3011.616176576233,1.5058080882881166,0.6024437240599099,101455.88628746427
2018-11-01,LOW,SELL,277,84.31969451904297,84.30283058013916,23351.884070698547,11.675942035349273,4.671311076355522,124796.09441612747
2018-11-01,MRK,SELL,65,54.97138977050781,54.960395492553715,3572.4257070159915,1.786212853507996,0.7146280670163208,128366.73391028996
2018-11-01,QCOM,SELL,453,52.677215576171875,52.666680133056644,23858.00610027466,11.929003050137329,4.772555731199503,152212.81100751448
2018-11-01,AMD,BUY,333,20.219999313354492,20.224043313217162,6734.606423301315,3.3673032116506576,1.3466519542691877,145474.83728100153
2018-11-01,JNJ,BUY,213,113.68579864501953,113.70853580474854,24219.918126411438,12.10995906320572,4.843015022277953,121242.80919552688
2018-11-01,KO,BUY,643,37.68809509277344,37.695632711791994,24238.29183368225,12.119145916841125,4.846689028931856,96992.39821592778
2018-11-01,MCD,BUY,166,145.90501403808594,145.93419504089354,24225.07637678833,12.112538188394165,4.844046466062309,72755.20930095106
2018-11-01,PG,BUY,330,73.40525817871094,73.41993923034669,24228.579946014404,12.114289973007201,4.844747039796715,48514.51506496365
2018-11-01,TSLA,BUY,1056,22.95199966430664,22.956590064239503,24242.159107836917,12.12107955391846,4.847462329102541,24260.234877572813
2018-11-01,WMT,BUY,810,29.915687561035156,29.921670698547363,24236.553265823364,12.118276632911682,4.846341384887332,11.563335116537928
2018-12-03,AAPL,SELL,461,43.81389236450195,43.805129586029054,20194.164739159394,10.097082369579697,4.039640876006629,20195.630991906353
2018-12-03,AMD,SELL,135,23.709999084472656,23.705257084655763,3200.209706428528,1.600104853214264,0.6401699752806067,23394.240593481667
2018-12-03,JNJ,SELL,1,118.78885650634766,118.7650987350464,118.7650987350464,0.0593825493675232,0.023757771301262665,23512.946309667346
2018-12-03,KO,SELL,5,39.53769302368164,39.52978548507691,197.64892742538453,0.09882446371269227,0.03953769302366794,23710.496412629018
2018-12-03,LLY,SELL,14,107.3092041015625,107.28774226074219,1502.0283916503906,0.7510141958251952,0.30046577148431197,25211.773790083582
2018-12-03,MCD,SELL,4,155.61074829101562,155.57962614135744,622.3185045654297,0.3111592522827149,0.12448859863275175,25833.78113539673
2018-12-03,MRK,SELL,18,59.55735778808594,59.54544631652832,1071.8180336975097,0.5359090168487548,0.21440648803711326,26905.06326007739
2018-12-03,WMT,SELL,810,29.37138557434082,29.365511297225954,23786.064150753024,11.893032075376512,4.758164463041901,50679.234378755034
2018-12-03,ABT,BUY,391,64.51405334472656,64.52695615539551,25230.039856759646,12.615019928379823,5.044998971558471,25436.57950206701
2018-12-03,PEP,BUY,269,93.64527130126953,93.66400035552978,25195.61609563751,12.597808047818756,5.03811559600679,228.36559838167886
2019-01-02,ABT,SELL,7,60.37063217163086,60.35855804519653,422.5099063163757,0.21125495315818785,0.08451888504029625,650.6642497448963
2019-01-02,AMD,SELL,1064,18.829999923706055,18.826233923721315,20031.11289483948,10.015556447419739,4.0070239837632755,20671.761588136957
2019-01-02,JNJ,SELL,212,103.79096984863281,103.77021165466309,21999.284870788575,10.999642435394287,4.400737121581983,42660.04681649014
2019-01-02,KO,SELL,17,37.34159851074219,37.33413019104004,634.6802132476806,0.3173401066238403,0.12696143493652556,43294.4096896312
2019-01-02,LLY,SELL,12,104.01348876953125,103.99268607177734,1247.912232861328,0.6239561164306641,0.249632373046893,44541.697966376094
2019-01-02,MCD,SELL,5,147.79541015625,147.76585107421874,738.8292553710937,0.36941462768554684,0.14779541015627728,45280.1578071195
2019-01-02,MRK,SELL,18,57.22669219970703,57.21524686126709,1029.8744435028077,0.5149372217514039,0.20601609191894,46309.51731340056
2019-01-02,PEP,SELL,269,86.69367218017578,86.67633344573974,23315.93369690399,11.657966848451995,4.664119563294179,69613.7930434561
2019-01-02,PG,SELL,20,74.78993225097656,74.77497426452636,1495.4994852905272,0.7477497426452636,0.2991597290039749,71108.54477900398
2019-01-02,ABBV,BUY,360,64.33153533935547,64.34440164642334,23163.9845927124,11.5819922963562,4.631870544432104,47932.97819399522
2019-01-02,AVGO,BUY,1109,20.926294326782227,20.930479585647582,23211.90186048317,11.605950930241583,4.641452081679226,24709.47038258181
2019-01-02,TSLA,BUY,66,20.674667358398438,20.678802291870117,1364.8009512634278,0.6824004756317139,0.27290560913082373,23343.987030842753
2019-01-02,WMT,BUY,831,27.913774490356445,27.919357245254517,23200.985870806504,11.60049293540325,4.639269320297487,131.40066710084648
2019-02-01,ABBV,SELL,360,58.749359130859375,58.737609259033206,21145.539333251952,10.572769666625975,4.229953857420696,21266.367230686174
2019-02-01,ABT,SELL,384,63.14640426635742,63.133774985504154,24243.369594433596,12.121684797216798,4.849643847654988,45497.61514032255
2019-02-01,AVGO,SELL,34,22.024154663085938,22.01974983215332,748.6714942932128,0.37433574714660645,0.14976425170900853,46245.91229886862
2019-02-01,KO,SELL,621,38.74996566772461,38.742215674591066,24058.915933921053,12.029457966960527,4.812745735930733,70292.79877482272
2019-02-01,LLY,SELL,7,109.45500183105469,109.43311083068848,766.0317758148193,0.38301588790740965,0.15323700256347195,71058.44753474963
2019-02-01,MCD,SELL,157,148.3494415283203,148.31977164001466,23286.2041474823,11.64310207374115,4.658172463986716,94333.0085801582
2019-02-01,MRK,SELL,405,57.87775802612305,57.86618247451782,23435.803902179716,11.717901951089859,4.6880984001165515,117757.09458038682
2019-02-01,PG,SELL,16,80.49335479736328,80.47725612640382,1287.636098022461,0.6438180490112305,0.25757873535144427,119044.08686036027
2019-02-01,TSLA,SELL,1122,20.81399917602539,20.809836376190187,23348.63641408539,11.674318207042697,4.670661415098216,142381.0489562386
2019-02-01,WMT,SELL,831,28.069284439086914,28.063670582199098,23320.91025380745,11.660455126903726,4.665115073775201,165690.29875491915
2019-02-01,AMD,BUY,966,24.510000228881836,24.51490222892761,23681.395553144073,11.840697776572037,4.735332044218126,141997.0625039985
2019-02-01,CRM,BUY,154,153.21922302246094,153.24986686706544,23600.47949752808,11.800239748764039,4.719152069092672,118384.78276672165
2019-02-01,CSCO,BUY,620,38.14713668823242,38.15476611557007,23655.95499165344,11.82797749582672,4.730244949341511,94716.99979757238
2019-02-01,MA,BUY,115,204.89419555664062,204.93517439575194,23567.545055511473,11.783772527755735,4.712566497801589,71137.67096953315
2019-02-01,META,BUY,144,164.26747131347656,164.30032480773926,23659.246772314455,11.829623386157227,4.73090317382821,47466.59457383254
2019-02-01,NFLX,BUY,696,33.98500061035156,33.99179761047363,23658.29113688965,11.829145568444824,4.730712084960771,23796.474291374445
2019-02-01,NKE,BUY,323,73.2540054321289,73.26865623321532,23665.77596332855,11.832887981664275,4.73220875091306,118.86544006422992
2019-03-01,AMD,SELL,966,23.68000030517578,23.675264305114748,22870.305318740848,11.435152659370424,4.574976058958121,22977.735606145707
2019-03-01,CRM,SELL,3,161.73196411132812,161.69961771850586,485.0988531555176,0.24254942657775877,0.09703917846678678,23462.591909874645
2019-03-01,CSCO,SELL,28,41.42679214477539,41.418506786346434,1159.7181900177002,0.5798590950088501,0.23199003601078516,24621.730240797337
2019-03-01,LLY,SELL,7,117.2852554321289,117.26179838104248,820.8325886672974,0.4104162943336487,0.1641993576049714,25442.1524131703
2019-03-01,MA,SELL,3,217.8145294189453,217.77096651306152,653.3128995391846,0.3266564497695923,0.13068871765136691,26095.138656259714
2019-03-01,META,SELL,144,160.8673553466797,160.83518187561035,23160.26619008789,11.580133095043944,4.632979833985246,49243.82471325256
2019-03-01,NFLX,SELL,10,35.731998443603516,35.724852043914794,357.2485204391479,0.17862426021957395,0.07146399688721772,49600.89460943149
2019-03-01,NKE,SELL,323,78.53327178955078,78.51756513519287,25361.173538667295,12.680586769333647,5.073249357606031,74949.38756132945
2019-03-01,ABT,BUY,357,68.5831527709961,68.5968694015503,24489.082376353454,12.244541188176727,4.896837107849251,50448.060643787816
2019-03-01,AVGO,BUY,15,22.514480590820312,22.518983486938478,337.7847523040772,0.16889237615203861,0.06754344177247518,50110.106999107586
2019-03-01,GE,BUY,496,49.45175552368164,49.46164587478638,24532.976353894042,12.266488176947021,4.90561414794945,25564.864157036594
2019-03-01,MRK,BUY,397,61.81452178955078,61.82688469390869,24545.27322348175,12.272636611740875,4.908073030089163,1007.3182969431036
2019-03-01,PG,BUY,7,81.2944107055664,81.31066958770752,569.1746871139527,0.28458734355697635,0.11381217498781382,437.859022485594
2019-04-01,ABT,SELL,357,69.51688385009766,69.50298047332764,24812.564028977966,12.406282014488983,4.963505506896055,25238.01676944907
2019-04-01,AVGO,SELL,94,25.467288970947266,25.462195513153077,2393.446378236389,1.1967231891181946,0.4787850326537466,27630.26642449634
2019-04-01,CRM,SELL,151,158.43893432617188,158.40724653930664,23919.4942274353,11.95974711371765,4.784855816650349,51537.80090481792
2019-04-01,CSCO,SELL,20,44.30353927612305,44.29467856826783,885.8935713653566,0.44294678568267826,0.1772141571044017,52423.251529397596
2019-04-01,GE,SELL,496,48.6846809387207,48.67494400253296,24142.772225256347,12.071386112628172,4.829520349120344,76553.95236854132
2019-04-01,MA,SELL,2,229.12457275390625,229.0787478393555,458.157495678711,0.2290787478393555,0.0916498291015273,77011.88078547218
2019-04-01,NFLX,SELL,686,36.69599914550781,36.688659945678715,25168.4207227356,12.584210361367798,5.034691082760716,102167.71729784641
2019-04-01,PG,SELL,5,85.58868408203125,85.57156634521485,427.8578317260742,0.21392891586303714,0.08558868408201192,102595.36120065663
2019-04-01,ACN,BUY,162,156.2910919189453,156.3223501373291,25324.220722247315,12.66211036112366,5.0638313781728925,77258.47836804818
2019-04-01,AMD,BUY,962,26.360000610351562,26.36527261047363,25363.392251275633,12.681696125637815,5.071664117430558,51882.40442064691
2019-04-01,COST,BUY,114,220.70462036132812,220.74876128540038,25165.358786535642,12.58267939326782,5.032065344236742,26704.462954718
2019-04-01,LLY,BUY,6,117.4764404296875,117.49993571777344,704.9996143066406,0.3524998071533203,0.14097172851563755,25999.110840604208
2019-04-01,MRK,BUY,2,63.491615295410156,63.50431361846924,127.00862723693848,0.06350431361846924,0.02539664611816761,25872.03870905365
2019-04-01,TMO,BUY,93,270.8768310546875,270.9310064208984,25196.583597143555,12.598291798571777,5.038309057616232,662.8568201115231
2019-05-01,ACN,SELL,162,162.04542541503906,162.01301632995606,26246.10864545288,13.12305432272644,5.250271783446522,26895.84241124168
2019-05-01,AMD,SELL,14,26.809999465942383,26.804637466049194,375.2649245246887,0.18763246226234434,0.07506799850465029,27270.919703304105
2019-05-01,AVGO,SELL,39,26.559141159057617,26.553829330825806,1035.5993439022063,0.5177996719511031,0.20716130104062813,28306.00124753436
2019-05-01,COST,SELL,114,218.3546905517578,218.31101961364746,24887.45623595581,12.443728117977907,4.978486944580197,53181.013755372194
2019-05-01,CSCO,SELL,8,45.07060241699219,45.06158829650879,360.4927063720703,0.18024635318603513,0.07211296386719823,53541.32621539108
2019-05-01,LLY,SELL,215,107.58126831054688,107.55975205688476,23125.346692230225,11.562673346115114,4.62599453735443,76655.11023427518
2019-05-01,MA,SELL,4,238.75479125976562,238.70704030151367,954.8281612060547,0.47741408060302737,0.19100383300781232,77609.46098140064
2019-05-01,MRK,SELL,399,60.000701904296875,59.98870176391602,23935.49200380249,11.967746001901245,4.78805601196148,101532.98523920123
2019-05-01,PG,SELL,296,87.26573181152344,87.24827866516114,25825.490484887698,12.91274524244385,5.166131323240734,127345.56297884649
2019-05-01,TMO,SELL,93,271.1711120605469,271.11687783813477,25213.869638946533,12.606934819473267,5.0437826843258335,152546.82568297355
2019-05-01,DIS,BUY,194,130.6325225830078,130.65864908752442,25347.777922979738,12.673888961489869,5.068541876222582,127186.37387103232
2019-05-01,HON,BUY,175,144.95404052734375,144.98303133544923,25372.030483703613,12.686015241851806,5.073391418458328,101801.65737208686
2019-05-01,META,BUY,132,191.34963989257812,191.38790982055664,25263.20409631348,12.63160204815674,5.051630493164453,76525.82167372522
2019-05-01,MSFT,BUY,212,119.40400695800781,119.42788775939941,25318.712204992677,12.65935610249634,5.06272989501889,51194.450112630046
2019-05-01,QCOM,BUY,348,73.0278091430664,73.04241470489502,25418.76031730347,12.709380158651735,5.082735516358696,25762.980415167924
2019-05-01,TXN,BUY,269,94.47166442871094,94.49055876159667,25417.960306869507,12.708980153434753,5.082575546263058,332.3111281449819
2019-06-03,AMD,SELL,106,27.579999923706055,27.574483923721314,2922.8952959144594,1.4614476479572296,0.5846959983825641,3253.744976411484
2019-06-03,AVGO,SELL,957,21.08574104309082,21.081523894882203,20175.018367402266,10.087509183701133,4.035810835646963,23418.67583463005
2019-06-03,CSCO,SELL,564,41.9891242980957,41.98072647323608,23677.12973090515,11.838564865452575,4.736373220826266,47083.96700066975
2019-06-03,DIS,SELL,11,126.88733673095703,126.86195926361084,1395.4815518997193,0.6977407759498596,0.2791521408080797,48478.75081179352
2019-06-03,HON,SELL,175,141.85060119628906,141.8222310760498,24818.890438308714,12.409445219154357,4.964771041870364,73285.23180488308
2019-06-03,MA,SELL,7,232.5255889892578,232.47908387145998,1627.3535871002198,0.8136767935501099,0.325535824584847,74911.77171518975
2019-06-03,MSFT,SELL,6,112.31107330322266,112.28861108856202,673.7316665313722,0.3368658332656861,0.13477328796381016,75585.16651588786
2019-06-03,TXN,SELL,269,86.00176239013672,85.98456203765869,23129.84718813019,11.564923594065094,4.626894816589527,98703.44878042399
2019-06-03,ACN,BUY,148,156.54885864257812,156.58016841430663,23173.86492531738,11.58693246265869,4.6338462158182665,75517.99692264396
2019-06-03,LIN,BUY,137,169.22486877441406,169.25871374816893,23188.443783499144,11.594221891749571,4.636761404416802,52317.95891725307
2019-06-03,META,BUY,10,162.7210235595703,162.75356776428222,1627.5356776428223,0.8137678388214111,0.32544204711911107,50689.60947177142
2019-06-03,PEP,BUY,225,103.15172576904297,103.17235611419677,23213.780125694273,11.606890062847137,4.641827659606079,27464.2224560143
2019-06-03,QCOM,BUY,64,56.36256408691406,56.37383659973145,3607.9255423828126,1.8039627711914066,0.7214408203126368,23854.492950860295
2019-06-03,V,BUY,154,150.6387481689453,150.6688759185791,23203.00689146118,11.60150344573059,4.639673443601737,639.8845559533838
2019-07-01,ACN,SELL,148,167.01467895507812,166.98127601928712,24713.228850854495,12.356614425427248,4.943634497068388,25340.756792382454
2019-07-01,AMD,SELL,19,31.200000762939453,31.193760762786866,592.6814544929505,0.2963407272464752,0.11856000289915869,25933.141906148157
2019-07-01,META,SELL,8,191.31991577148438,191.2816517883301,1530.2532143066408,0.7651266071533204,0.30611186523424294,27462.629993847644
2019-07-01,MSFT,SELL,4,127.15592193603516,127.13049075164795,508.5219630065918,0.2542609815032959,0.10172473754880684,27970.897695872733
2019-07-01,PEP,SELL,225,106.23516082763672,106.2139137954712,23898.13060398102,11.949065301990508,4.7805822372417595,51857.07923455176
2019-07-01,QCOM,SELL,24,66.14405822753906,66.13082941589356,1587.1399059814453,0.7935699529907226,0.3174914794921051,53443.42557058021
2019-07-01,V,SELL,154,165.20870971679688,165.17566797485352,25437.052868127445,12.718526434063723,5.088428259275929,78867.7599122736
2019-07-01,COST,BUY,107,238.8459014892578,238.89367066955566,25561.622761642455,12.780811380821227,5.111302291869777,53293.35633925033
2019-07-01,DIS,BUY,6,135.68045043945312,135.707586529541,814.245519177246,0.407122759588623,0.1628165405272739,52478.7036973135
2019-07-01,GE,BUY,500,51.28874969482422,51.299007444763184,25649.503722381593,12.824751861190796,5.128874969482666,26816.375223070714
2019-07-01,LIN,BUY,3,183.4293670654297,183.46605293884278,550.3981588165284,0.2751990794082642,0.11005762023927446,26265.70186517478
2019-07-01,MA,BUY,1,256.0507507324219,256.10196088256833,256.10196088256833,0.12805098044128418,0.05121015014645991,26009.47185331177
2019-07-01,NFLX,BUY,685,37.459999084472656,37.46749108428955,25665.23139273834,12.832615696369169,5.1320198745712275,331.4078448770597
2019-08-01,COST,SELL,7,248.8329315185547,248.78316493225097,1741.4821545257569,0.8707410772628784,0.3483661041260291,2072.019258325554
2019-08-01,DIS,SELL,7,136.71343994140625,136.68609725341798,956.8026807739259,0.47840134038696297,0.19139881591786434,3028.3435377590927
2019-08-01,GE,SELL,500,48.63505554199219,48.62532853088379,24312.664265441897,12.156332132720948,4.8635055541979,27328.851471068272
2019-08-01,LIN,SELL,140,172.06211853027344,172.0277061065674,24083.878854919436,12.041939427459717,4.817739318846179,51400.68838656024
2019-08-01,MA,SELL,6,263.4632568359375,263.4105641845703,1580.4633851074218,0.7902316925537108,0.31615590820308626,52980.361539975114
2019-08-01,META,SELL,134,191.05224609375,191.01403564453125,25595.880776367187,12.797940388183592,5.120200195312805,78563.44437595412
2019-08-01,MSFT,SELL,202,129.3864288330078,129.36055154724122,26130.831412542724,13.065415706271363,5.22721172485268,104681.21037279058
2019-08-01,NFLX,SELL,685,31.950000762939453,31.943610762786864,21881.373372509002,10.940686686254502,4.3771501045232775,126551.64305861332
2019-08-01,QCOM,SELL,388,60.751502990722656,60.73935269012451,23566.868843768312,11.783434421884156,4.7143166320798,150106.72846795974
2019-08-01,AAPL,BUY,500,49.8139533996582,49.82391619033813,24911.958095169066,12.455979047584533,4.981395339964223,125182.31439374309
2019-08-01,ABT,BUY,329,75.7093505859375,75.72449245605469,24913.358018041992,12.456679009020997,4.981675268555705,100256.49969669207
2019-08-01,AMD,BUY,11,29.860000610351562,29.865972610473634,328.52569871520996,0.164262849357605,0.06569200134278219,99927.8097351275
2019-08-01,PG,BUY,255,97.7080078125,97.7275494140625,24920.525100585935,12.460262550292967,4.983108398436045,74994.82437199127
2019-08-01,TXN,BUY,245,101.55171203613281,101.57202237854004,24885.14548274231,12.442572741371157,4.976033889770903,50097.23631650759
2019-08-01,UPS,BUY,288,86.50834655761719,86.52564822692871,24919.38668935547,12.459693344677735,4.9828807617182065,25165.38993380744
2019-08-01,V,BUY,146,170.17625427246094,170.21028952331542,24850.702270404054,12.425351135202026,4.969146624755069,302.26231226818345
2019-09-03,ABT,SELL,329,73.93268585205078,73.91789931488037,24318.98887459564,12.159494437297822,4.864770729064418,24609.091692426526
2019-09-03,AMD,SELL,21,30.899999618530273,30.893819618606567,648.770211990738,0.32438510599536896,0.12977999839782584,25257.537519311267
2019-09-03,COST,SELL,6,265.2597961425781,265.2067441833496,1591.2404651000975,0.7956202325500488,0.3183117553711554,26847.982364178813
2019-09-03,DIS,SELL,182,131.37405395507812,131.3477791442871,23905.29580426025,11.952647902130126,4.782015563966127,50741.325520536935
2019-09-03,MA,SELL,1,269.18115234375,269.12731611328127,269.12731611328127,0.13456365805664064,0.05383623046873254,51010.31827299216
2019-09-03,PG,SELL,8,101.58349609375,101.56317939453125,812.50543515625,0.406252717578125,0.16253359375002674,51822.417455430834
2019-09-03,TXN,SELL,245,100.1450424194336,100.1250134109497,24530.628285682677,12.265314142841337,4.907107078552642,76340.78042697067
2019-09-03,UPS,SELL,288,87.50468444824219,87.48718351135254,25196.308851269532,12.598154425634768,5.040269824218285,101524.49112381457
2019-09-03,V,SELL,146,170.45028686523438,170.41619680786133,24880.764733947755,12.440382366973878,4.977148376465209,126392.81547539536
2019-09-03,AAPL,BUY,9,49.34828567504883,49.358155332183834,444.22339798965453,0.22211169899482724,0.08882691421505484,125948.3699657067
2019-09-03,AMGN,BUY,150,167.30014038085938,167.33360040893555,25100.040061340333,12.550020030670167,5.0190042114266475,100835.7798843357
2019-09-03,HD,BUY,133,188.71658325195312,188.75432656860352,25104.325433624268,12.552162716812134,5.019861114502135,75718.90228799463
2019-09-03,KO,BUY,561,44.732120513916016,44.7410669380188,25099.738552228544,12.549869276114272,5.018943921660274,50606.61386648997
2019-09-03,LOW,BUY,257,97.63285827636719,97.65238484802246,25096.662905941772,12.548331452970887,5.018328915406144,25497.402629095228
2019-09-03,QCOM,BUY,392,64.09624481201172,64.10906406097412,25130.753111901857,12.565376555950929,5.0251455932613,354.0841406374202
2019-10-01,AAPL,SELL,46,53.88008499145508,53.869308974456786,2477.988212825012,1.238994106412506,0.4956967819214526,2830.8333593560196
2019-10-01,AMD,SELL,813,28.760000228881836,28.75424822883606,23377.203810043717,11.688601905021859,4.676376037214467,26196.348567494715
2019-10-01,AMGN,SELL,150,157.2631072998047,157.23165467834474,23584.74820175171,11.792374100875854,4.717893218992231,49769.30439514555
2019-10-01,HD,SELL,6,195.80906677246094,195.76990495910644,1174.6194297546385,0.5873097148773193,0.23497088012697986,50943.33651518531
2019-10-01,KO,SELL,561,44.529544830322266,44.5206389213562,24976.07843488083,12.488039217440415,4.996214929961731,75906.92691084869
2019-10-01,LOW,SELL,257,96.17511749267578,96.15588246917724,24712.061794578553,12.356030897289276,4.943401039124353,100606.63267452996
2019-10-01,MA,SELL,93,260.36883544921875,260.3167616821289,24209.45883643799,12.104729418218994,4.842860339354843,124803.98678154973
2019-10-01,PG,SELL,6,103.66773986816406,103.64700632019043,621.8820379211426,0.31094101896057125,0.12440128784180615,125425.55787845192
2019-10-01,QCOM,SELL,7,64.9061508178711,64.89316958770752,454.25218711395263,0.22712609355697633,0.09086861114502653,125879.58293947231
2019-10-01,COST,BUY,2,257.8848571777344,257.93643414916994,515.8728682983399,0.25793643414916995,0.10315394287113122,125363.45213473983
2019-10-01,JPM,BUY,260,95.78984069824219,95.80899866638184,24910.339653259278,12.45516982662964,4.981071716309486,100440.65731165392
2019-10-01,NKE,BUY,299,83.59333038330078,83.61004904937744,24999.404665763854,12.499702332881927,4.998881156920163,75428.75294355719
2019-10-01,TXN,BUY,236,105.77996063232422,105.80111662445069,24969.06352337036,12.484531761685181,4.992814141846111,50447.20488842514
2019-10-01,UPS,BUY,289,86.37107849121094,86.38835270690917,24966.233932296753,12.483116966148376,4.992248336790382,25468.48783916224
2019-10-01,WMT,BUY,698,35.79682922363281,35.80398858947754,24991.184035455324,12.495592017727663,4.997237359620442,464.8082116891892
2019-11-01,AAPL,SELL,42,61.372291564941406,61.36001710662842,2577.1207184783934,1.2885603592391965,0.5155272491454639,3040.6403698083436
2019-11-01,JPM,SELL,18,106.7936782836914,106.77231954803467,1921.9017518646242,0.9609508759323122,0.38445724182119534,4961.581170797035
2019-11-01,NKE,SELL,299,80.78515625,80.76899921875,24149.93076640625,12.074965383203125,4.830952343750965,29099.436971820083
2019-11-01,QCOM,SELL,385,71.8809585571289,71.86658236541749,27668.634210685734,13.834317105342867,5.534833808896877,56754.236865400475
2019-11-01,TXN,SELL,236,97.8333511352539,97.81378446502686,23084.05313374634,11.54202656687317,4.617734173583813,79826.74797257993
2019-11-01,UPS,SELL,289,89.1305160522461,89.11268994903564,25753.5673952713,12.87678369763565,5.1517438278209085,105567.4385841536
2019-11-01,WMT,SELL,698,35.72695541381836,35.719810022735594,24932.427395869443,12.466213697934721,4.9874829757704475,130487.3997663251
2019-11-01,ABBV,BUY,415,62.26943588256836,62.28188976974487,25846.984254444124,12.923492127222062,5.168363178252697,104627.49201975376
2019-11-01,AMD,BUY,741,34.88999938964844,34.89697738952637,25858.66024563904,12.92933012281952,5.170697909547954,78755.9024439919
2019-11-01,AMGN,BUY,145,177.4185333251953,177.45401703186036,25730.832469619752,12.865416234809876,5.1451374664318905,53012.20455813734
2019-11-01,HD,BUY,1,201.1135711669922,201.15379388122557,201.15379388122557,0.10057689694061278,0.040222714233379975,52810.95018735917
2019-11-01,NVDA,BUY,5143,5.032371997833252,5.033378472232818,25886.665482693385,12.943332741346692,5.1762978369686445,26911.34137192444
2019-11-01,PG,BUY,7,104.3468017578125,104.36767111816405,730.5736978271484,0.3652868489135742,0.14608552246087925,26180.40238724838
2019-11-01,TSLA,BUY,1239,20.887332916259766,20.891510382843016,25884.581364342495,12.942290682171247,5.1758810966474655,282.8787322237149
2019-12-02,AAPL,SELL,1,63.56334686279297,63.550634193420414,63.550634193420414,0.03177531709671021,0.01271266937255433,346.3975911000386
2019-12-02,ABBV,SELL,12,66.2912368774414,66.27797863006592,795.335743560791,0.3976678717803955,0.15909896850587302,1141.3356667890491
2019-12-02,AMD,SELL,52,38.72999954223633,38.722253542327884,2013.55718420105,1.006778592100525,0.4027919952390846,3153.8860723979988
2019-12-02,AMGN,SELL,6,191.3233642578125,191.28509958496093,1147.7105975097656,0.5738552987548828,0.22958803710940856,4301.022814609009
2019-12-02,COST,SELL,96,270.69696044921875,270.6428210571289,25981.710821484376,12.990855410742189,5.197381640624371,30269.74278068264
2019-12-02,HD,SELL,128,184.4034881591797,184.36660746154786,23598.925755078126,11.799462877539062,4.720729296874197,53856.86907288323
2019-12-02,NVDA,SELL,6,5.20164155960083,5.20060123128891,31.203607387733456,0.015601803693866727,0.006241969871522812,53888.05707846727
2019-12-02,PG,SELL,248,103.3780517578125,103.35737614746094,25632.629284570314,12.816314642285157,5.127551367186925,79507.8700483953
2019-12-02,TSLA,SELL,43,22.32466697692871,22.320202043533325,959.7686878719329,0.47988434393596646,0.19199213600161258,80467.15885192329
2019-12-02,BAC,BUY,941,28.387577056884766,28.393254572296144,26718.05255253067,13.359026276265334,5.342542002106654,53735.74727311636
2019-12-02,GE,BUY,495,53.90416717529297,53.914948008728025,26687.89926432037,13.343949632160186,5.336512550352985,27034.504059163828
2019-12-02,JPM,BUY,1,109.86044311523438,109.88241520385742,109.88241520385742,0.05494120760192871,0.021972088623044783,26924.56670275237
2019-12-02,MS,BUY,668,39.96131134033203,39.9693036026001,26699.494806536866,13.349747403268434,5.338831195069673,211.72214881223408
2020-01-02,AAPL,SELL,8,72.27156066894531,72.25710635681152,578.0568508544922,0.28902842542724605,0.11563449707034579,789.489971241299
2020-01-02,AMD,SELL,82,49.099998474121094,49.090178474426274,4025.3946349029543,2.0126973174514773,0.8052399749752084,4812.871908826802
2020-01-02,GE,SELL,495,57.67559051513672,57.66405539703369,28543.70742153168,14.27185371076584,5.709883460998029,33342.307476647715
2020-01-02,MS,SELL,668,42.371368408203125,42.36289413452148,28298.41328186035,14.149206640930174,5.660814819337077,61626.571551867135
2020-01-02,NVDA,SELL,135,5.963804244995117,5.962611484146119,804.952550359726,0.402476275179863,0.16102271461480466,62431.12162595168
2020-01-02,TSLA,SELL,157,28.68400001525879,28.678263215255736,4502.487324795151,2.2512436623975756,0.9006776004793018,66931.35770708443
2020-01-02,ABBV,BUY,34,68.21073913574219,68.22438128356933,2319.628963641357,1.1598144818206786,0.4638330261228134,64610.56892896126
2020-01-02,AMGN,BUY,12,196.74807739257812,196.78742700805662,2361.4491240966795,1.1807245620483398,0.4721953857419976,62247.93908030253
2020-01-02,BAC,BUY,39,30.42945671081543,30.435542602157593,1186.9861614841461,0.5934930807420731,0.237349762344369,61060.35942573764
2020-01-02,JPM,BUY,10,117.89918518066406,117.92276501770019,1179.2276501770018,0.5896138250885009,0.23579837036123763,59880.542161735546
2020-01-02,LLY,BUY,243,122.40670776367188,122.4311891052246,29750.778952569577,14.87538947628479,5.948965997313138,30114.887819689684
2020-01-02,UNH,BUY,113,261.7021789550781,261.7545193908691,29578.260691168212,14.789130345584105,5.914469244382474,521.8379981758881
2020-02-03,ABBV,SELL,437,63.53531265258789,63.522605590057374,27759.378642855074,13.879689321427536,5.5529863258357395,28267.336951709534
2020-02-03,AMGN,SELL,151,177.7206268310547,177.68508270568847,26830.44748855896,13.415223744279478,5.367162930298463,55084.36921652421
2020-02-03,BAC,SELL,980,28.14980125427246,28.144171294021607,27581.287868141175,13.790643934070587,5.517361045836751,82651.86644073132
2020-02-03,JPM,SELL,253,112.16361236572266,112.14117964324952,28371.718449742126,14.185859224871063,5.675478785704698,111009.39903124857
2020-02-03,LLY,SELL,3,130.54490661621094,130.5187976348877,391.5563929046631,0.19577819645233152,0.07832694396969941,111400.75964595679
2020-02-03,TSLA,SELL,435,52.0,51.9896,22615.476000000002,11.307738,4.523999999998729,134004.9279079568
2020-02-03,UNH,SELL,113,245.1680145263672,245.11898092346192,27698.444844351197,13.849222422175599,5.540797128295338,161689.5235298858
2020-02-03,AAPL,BUY,11,74.27114868164062,74.28600291137695,817.1460320251465,0.40857301601257323,0.16339652709962138,160871.96892484464
2020-02-03,ADBE,BUY,87,358.0,358.0716,31152.229199999998,15.576114599999999,6.229199999999082,129704.16361024464
2020-02-03,AMD,BUY,47,48.02000045776367,48.02960445785522,2257.3914095191953,1.1286957047595978,0.4513880043028209,127445.64350502068
2020-02-03,CRM,BUY,172,182.26670837402344,182.30316171569825,31356.1438151001,15.67807190755005,6.269974768068096,96073.82161801303
2020-02-03,GE,BUY,530,59.27098083496094,59.28283503112793,31419.902566497803,15.709951283248902,6.282723968506474,64638.20910023197
2020-02-03,MS,BUY,728,43.1083984375,43.1170201171875,31389.1906453125,15.69459532265625,6.276582812500521,33233.323859596814
2020-02-03,MSFT,BUY,190,164.5267791748047,164.55968453063966,31266.340060821534,15.633170030410769,6.25201760864428,1951.350628744869
2020-02-03,NVDA,BUY,256,5.974244117736816,5.975438966560364,1529.7123754394531,0.7648561877197266,0.3058812988281261,420.8733971176962
2020-03-02,ADBE,SELL,2,360.2799987792969,360.20794277954104,720.4158855590821,0.36020794277954105,0.1441119995116651,1140.9290747339987
2020-03-02,AMD,SELL,9,47.459999084472656,47.45050708465576,427.0545637619019,0.21352728188095094,0.08542799835205273,1567.7701112140196
2020-03-02,CRM,SELL,172,173.75396728515625,173.71921649169923,29879.705236572267,14.939852618286134,5.9771364746077325,31432.535495168002
2020-03-02,MS,SELL,728,38.09272384643555,38.08510530166626,27725.95665961304,13.862978329806518,5.546300592040552,59144.629176451235
2020-03-02,MSFT,SELL,3,163.47189331054688,163.43919893188476,490.31759679565425,0.24515879839782712,0.098083135986343,59634.701614448495
2020-03-02,NVDA,SELL,801,6.875746250152588,6.874371100902557,5506.371251822949,2.753185625911474,1.101494549274399,65138.31968064553
2020-03-02,AAPL,BUY,2,72.07162475585938,72.08603908081055,144.1720781616211,0.07208603908081056,0.028828649902351344,64994.07551644483
2020-03-02,ABBV,BUY,447,68.46836853027344,68.4820622039795,30611.481805178835,15.305740902589418,6.121072146607929,34367.2879703634
2020-03-02,GE,BUY,35,54.19475555419922,54.20559450531006,1897.195807685852,0.9485979038429261,0.37936328887944626,32469.14356477371
2020-03-02,LLY,BUY,7,123.62747955322266,123.6522050491333,865.5654353439331,0.4327827176719666,0.1730784713745095,31603.145346712103
2020-03-02,NFLX,BUY,804,38.10499954223633,38.112620542144775,30642.5469158844,15.3212734579422,6.1272839263913,945.277157369761
2020-03-02,TSLA,BUY,14,49.574668884277344,49.5845838180542,694.1841734527588,0.3470920867263794,0.1388090728759721,250.7458918302757
2020-04-01,AAPL,SELL,425,58.10639953613281,58.09477825622559,24690.280758895875,12.345140379447939,4.939043960570366,24928.6815103467
2020-04-01,ABBV,SELL,447,56.679988861083984,56.66865286331177,25330.887829900363,12.665443914950183,5.0671910041796835,50246.903896332115
2020-04-01,GE,SELL,565,34.06867218017578,34.061858445739745,19244.950021842957,9.622475010921478,3.8497599563606855,69482.23144316414
2020-04-01,ADBE,BUY,21,301.2099914550781,301.27023345336914,6326.674902520752,3.163337451260376,1.2650819641114026,63152.39320319213
2020-04-01,AMD,BUY,92,43.65999984741211,43.66873184738159,4017.5233299591064,2.008761664979553,0.8033439971925418,59132.86111156804
2020-04-01,AMZN,BUY,337,95.38500213623047,95.40407913665771,32151.17466905365,16.075587334526826,6.428949143981612,26965.610855179864
2020-04-01,LLY,BUY,6,126.95919036865234,126.98458220672607,761.9074932403564,0.3809537466201782,0.15235102844238213,26203.32240819289
2020-04-01,MSFT,BUY,36,143.90711975097656,143.93590117492676,5181.692442297363,2.590846221148682,1.0361312622069363,21019.039119674377
2020-04-01,NFLX,BUY,80,36.40800094604492,36.41528254623413,2913.2226036987304,1.4566113018493652,0.5825280151367451,18104.359904673798
2020-04-01,NVDA,BUY,869,6.045970439910889,6.047179633998871,5254.999101945019,2.627499550972509,1.050789662456678,12846.733303177807
2020-04-01,TSLA,BUY,385,32.104000091552734,32.110420891571046,12362.512043254852,6.1812560216274255,2.472008007049915,478.0400039013275
2020-05-01,ADBE,SELL,17,343.8399963378906,343.7712283386231,5844.110881756592,2.922055440878296,1.1690559875483473,6319.228830217041
2020-05-01,AMD,SELL,123,49.880001068115234,49.870025067901615,6134.013083351899,3.0670065416759495,1.2270480262751775,12450.174907027264
2020-05-01,AMZN,SELL,70,114.302001953125,114.27914155273437,7999.539908691406,3.9997699543457026,1.6002280273438885,20445.715045764322
2020-05-01,LLY,SELL,39,142.97569274902344,142.94709761047363,5574.936806808471,2.787468403404236,1.1152104034423473,26017.86438416939
2020-05-01,MSFT,SELL,38,165.15589904785156,165.122867868042,6274.6689789855955,3.137334489492798,1.2551848327636321,32289.39602866549
2020-05-01,NFLX,SELL,147,41.527000427246094,41.518695027160646,6103.248168992615,3.0516240844963076,1.2208938125607744,38389.59257357361
2020-05-01,NVDA,SELL,972,7.03369140625,7.03228466796875,6835.380697265626,3.4176903486328127,1.3673496093747168,45221.5555804906
2020-05-01,TSLA,SELL,348,46.75466537475586,46.74531444168091,16267.369425704957,8.13368471285248,3.2541247100820385,61480.791321482706
2020-05-01,AMGN,BUY,160,190.61837768554688,190.65650136108397,30505.040217773436,15.252520108886717,6.099788085934961,30960.498583600383
2020-05-01,UNH,BUY,119,255.65609741210938,255.7072286315918,30429.160207159424,15.21458010357971,6.084615118407299,516.1237963373787
2020-06-01,ADBE,SELL,3,389.67999267578125,389.6020566772461,1168.8061700317382,0.5844030850158691,0.23380799560550258,1684.3455632841012
2020-06-01,AMGN,SELL,160,188.5270538330078,188.48934842224122,30158.295747558594,15.079147873779297,6.032865722654606,31827.562162968912
2020-06-01,MSFT,SELL,185,173.45220947265625,173.41751903076172,32082.24102069092,16.041120510345458,6.417731750487263,63893.76206314949
2020-06-01,NVDA,SELL,527,8.76164436340332,8.75989203453064,4616.4631021976475,2.3082315510988236,0.9234773159023355,68507.91693379603
2020-06-01,TSLA,SELL,95,59.87333297729492,59.861358310699465,5686.8290395164495,2.843414519758225,1.1375933265683713,74191.90255879273
2020-06-01,UNH,SELL,119,274.90374755859375,274.84876680908206,32707.003250280766,16.353501625140385,6.542709191890538,106882.55230744835
2020-06-01,AAPL,BUY,430,77.83891296386719,77.85448074645996,33477.42672097778,16.73871336048889,6.694146514890349,73388.38687311008
2020-06-01,AMD,BUY,11,53.630001068115234,53.64072706832886,590.0479977516175,0.2950239988758087,0.11798600234985201,72798.04385135959
2020-06-01,AMZN,BUY,4,123.552001953125,123.57671235351562,494.30684941406247,0.24715342470703122,0.09884160156246935,72303.48984852081
2020-06-01,LLY,BUY,21,142.54539489746094,142.57390397644042,2994.0519835052487,1.4970259917526243,0.5986906585691258,69307.94083902381
2020-06-01,LOW,BUY,290,115.30512237548828,115.32818339996338,33445.17318598938,16.722586592994688,6.68769709777834,35846.04506644144
2020-06-01,META,BUY,145,229.8911895751953,229.93716781311034,33340.889332900995,16.670444666450496,6.666844497678284,2488.4852888739915
2020-06-01,NFLX,BUY,50,42.59199905395508,42.60051745376587,2130.0258726882935,1.0650129363441467,0.4259199905394695,357.3944032493537
2020-07-01,AAPL,SELL,11,88.05943298339844,88.04182109680175,968.4600320648193,0.4842300160324096,0.19373075256351058,1325.3702052981407
2020-07-01,ADBE,SELL,3,439.80999755859375,439.72203555908203,1319.166106677246,0.659583053338623,0.2638859985351587,2643.876728922048
2020-07-01,AMD,SELL,625,52.58000183105469,52.56948583068848,32855.9286441803,16.427964322090148,6.572500228880784,35483.37740878026
2020-07-01,AMZN,SELL,15,143.93499755859375,143.90621055908204,2158.5931583862307,1.0792965791931155,0.4318049926756373,37640.89127058729
2020-07-01,LLY,SELL,235,152.6904754638672,152.65993736877442,35875.08528166199,17.937542640830994,7.17645234679992,73498.03900960844
2020-07-01,META,SELL,145,235.48208618164062,235.4349897644043,34138.07351583862,17.06903675791931,6.828980499268198,107619.04348868915
2020-07-01,NFLX,SELL,27,48.56399917602539,48.554286376190184,1310.9657321571349,0.6554828660785674,0.26224559555057425,108929.3537379802
2020-07-01,TSLA,SELL,66,74.64199829101562,74.62706989135742,4925.3866128295895,2.4626933064147947,0.9852743774413852,113852.27765750338
2020-07-01,HD,BUY,172,214.30630493164062,214.34916619262694,36868.05658513183,18.434028292565916,7.372136889645958,76965.78704407898
2020-07-01,LOW,BUY,15,120.93125915527344,120.95544540710449,1814.3316811065674,0.9071658405532836,0.36279377746581076,75150.54819713187
2020-07-01,MSFT,BUY,190,194.20040893554688,194.23924901733398,36905.45731329345,18.452728656646727,7.379615539549036,38226.63815518177
2020-07-01,NVDA,BUY,66,9.486058235168457,9.48795544681549,626.2050594898224,0.3131025297449112,0.12521596870422513,37600.1199931622
2020-07-01,QCOM,BUY,467,79.037841796875,79.05364936523438,36918.054253564456,18.459027126782228,7.382134423829484,663.6067124709662
2020-08-03,AAPL,SELL,25,105.38544464111328,105.36436755218506,2634.1091888046267,1.3170545944023133,0.5269272232055755,3296.3988466811907
2020-08-03,ADBE,SELL,83,447.9700012207031,447.880407220459,37174.073799298094,18.587036899649046,7.4363020202619055,40451.88560907964
2020-08-03,HD,SELL,172,229.8773193359375,229.8313438720703,39530.99114599609,19.765495572998045,7.907779785157345,79963.11125950274
2020-08-03,MSFT,SELL,190,205.43312072753906,205.39203410339357,39024.48647964478,19.51224323982239,7.80645858764359,118968.0854959077
2020-08-03,NFLX,SELL,760,49.86199951171875,49.852027111816405,37887.540604980466,18.943770302490233,7.579023925782451,156836.68233058567
2020-08-03,NVDA,SELL,98,10.95948314666748,10.957291250038148,1073.8145425037385,0.5369072712518692,0.21480586967457427,157909.95996581815
2020-08-03,QCOM,SELL,36,96.47757720947266,96.45828169403076,3472.4981409851075,1.7362490704925537,0.6946385559082842,161380.72185773277
2020-08-03,TSLA,SELL,74,99.0,98.9802,7324.534799999999,3.6622673999999997,1.4652000000002658,168701.5943903328
2020-08-03,AMD,BUY,535,77.66999816894531,77.6855321685791,41561.75971018982,20.780879855094913,8.31068980407693,127119.05380028786
2020-08-03,AMZN,BUY,11,155.59449768066406,155.6256165802002,1711.8817823822021,0.8559408911911011,0.3423078948973739,125406.31607701446
2020-08-03,LIN,BUY,184,224.83963012695312,224.8845980529785,41378.766041748044,20.689383020874022,8.2740983886697,84006.86065224555
2020-08-03,LOW,BUY,4,134.49806213378906,134.5249617462158,538.0998469848632,0.2690499234924316,0.10759844970698396,83468.49175533719
2020-08-03,TMO,BUY,100,412.3971862792969,412.47966571655274,41247.96657165528,20.623983285827638,8.247943725586993,42199.90120039609
2020-08-03,UPS,BUY,381,109.05540466308594,109.07721574401855,41558.41919847106,20.779209599235532,8.310021835323553,620.702792325792
2020-09-01,AAPL,SELL,15,130.03892517089844,130.01291738586426,1950.1937607879638,0.9750968803939819,0.3901167755127233,2569.921456233362
2020-09-01,LIN,SELL,184,236.4630584716797,236.41576585998536,43500.5009182373,21.750250459118654,8.701840551756959,46048.672124011544
2020-09-01,LOW,SELL,309,150.0001983642578,149.97019832458497,46340.791282296756,23.170395641148378,9.270012258908224,92366.29301066714
2020-09-01,NVDA,SELL,211,13.76138687133789,13.758634593963624,2903.0718993263245,1.4515359496631624,0.5807305259702851,95267.9133740438
2020-09-01,TMO,SELL,100,426.80352783203125,426.71816712646483,42671.81671264648,21.33590835632324,8.536070556641562,137918.39417833395
2020-09-01,TSLA,SELL,109,158.35000610351562,158.31833610229492,17256.698635150147,8.628349317575074,3.452030133056695,155166.46446416652
2020-09-01,ADBE,BUY,93,527.9500122070312,528.0556022094727,49109.17100548096,24.55458550274048,9.819870227053116,106032.73887318283
2020-09-01,AMZN,BUY,14,174.95599365234375,174.99098485107422,2449.873787915039,1.2249368939575196,0.4898767822265313,103581.64014837383
2020-09-01,CRM,BUY,178,276.4670104980469,276.5223039001465,49220.970094226075,24.610485047113038,9.842225573730161,54336.05956910064
2020-09-01,META,BUY,168,292.8681945800781,292.92676821899414,49211.69706079102,24.60584853039551,9.840371337890701,5099.756659779225
2020-09-01,QCOM,BUY,28,107.41153717041016,107.43301947784424,3008.1245453796387,1.5040622726898194,0.6015046081543574,2090.1280521268964
2020-09-01,UPS,BUY,11,125.5511474609375,125.57625769042968,1381.3388345947264,0.6906694172973632,0.276212524414035,708.0985481148725
2020-10-01,ADBE,SELL,93,499.510009765625,499.4101077636719,46445.140022021485,23.222570011010742,9.290886181640701,47130.016000125346
2020-10-01,AMZN,SELL,281,161.06300354003906,161.03079093933107,45249.65225395203,22.624826126976014,9.051740798946042,92357.0434279504
2020-10-01,META,SELL,168,264.3089904785156,264.2561286804199,44395.029618310546,22.197514809155273,8.880782080078461,136729.87553145178
2020-10-01,NVDA,SELL,163,13.555776596069336,13.553065440750123,2209.14966684227,1.104574833421135,0.4419183170317478,138937.92062346064
2020-10-01,QCOM,SELL,21,105.78302764892578,105.761871043396,2220.999291911316,1.110499645955658,0.44428871612542764,141157.809415726
2020-10-01,TSLA,SELL,1,149.3866729736328,149.3567956390381,149.3567956390381,0.07467839781951904,0.02987733459471542,141307.0915329672
2020-10-01,UPS,SELL,34,129.41073608398438,129.38485393676757,4399.085033850098,2.1995425169250487,0.8799930053713751,145703.97702430037
2020-10-01,AAPL,BUY,30,113.18560791015625,113.20824503173827,3396.2473509521483,1.6981236754760742,0.6791136474606674,142306.03154967274
2020-10-01,AMD,BUY,11,84.86000061035156,84.87697261047363,933.6466987152099,0.466823349357605,0.18669200134273467,141371.91802760816
2020-10-01,AVGO,BUY,1415,32.75870132446289,32.76525306472778,46362.83308658981,23.181416543294905,9.270712474818446,94985.90352447506
2020-10-01,CRM,BUY,8,249.1397705078125,249.18959846191404,1993.5167876953124,0.9967583938476562,0.3986236328123596,92991.3899783859
2020-10-01,LOW,BUY,309,149.624267578125,149.6541924316406,46243.145461376946,23.12157273068847,9.246779736323361,46725.12294427826
2020-10-01,NKE,BUY,400,115.88121795654297,115.90439420013428,46361.75768005371,23.180878840026857,9.270497436523328,340.184385384513
2020-11-02,AAPL,SELL,409,105.41311645507812,105.39203383178712,43105.34183720093,21.552670918600466,8.622792926022257,43423.973551666844
2020-11-02,AMD,SELL,546,74.69999694824219,74.68505694885253,40778.04109407348,20.38902054703674,8.15723966675094,84181.6256251933
2020-11-02,AVGO,SELL,1415,31.216747283935547,31.210503934478762,44162.86306728745,22.081431533643727,8.83433948135055,128322.4072609471
2020-11-02,LOW,SELL,6,143.90567016601562,143.87688903198242,863.2613341918945,0.43163066709594733,0.17268680419925886,129185.2369644719
2020-11-02,NKE,SELL,11,111.99224090576172,111.96984245758057,1231.6682670333862,0.6158341335166931,0.24638292999264877,130416.28939737177
2020-11-02,QCOM,SELL,41,109.72156524658203,109.69962093353271,4497.684458274841,2.2488422291374204,0.8997168350220193,134911.72501341748
2020-11-02,UPS,SELL,4,123.1582260131836,123.13359436798096,492.53437747192385,0.24626718873596193,0.09852658081052823,135404.01312370066
2020-11-02,CAT,BUY,295,147.56053161621094,147.59004372253418,43539.06289814758,21.769531449073792,8.706071365355399,91843.180694104
2020-11-02,CRM,BUY,5,228.49688720703125,228.54258658447264,1142.7129329223633,0.5713564664611817,0.2284968872069726,90699.89640471517
2020-11-02,GE,BUY,1195,36.506351470947266,36.51365274124145,43633.81502578354,21.81690751289177,8.725018001551383,47044.26447141874
2020-11-02,NVDA,BUY,64,12.526487350463867,12.52899264793396,801.8555294677734,0.4009277647338867,0.16033903808590821,46242.008014186235
2020-11-02,TMO,BUY,92,473.1170959472656,473.21171936645504,43535.478181713865,21.76773909085693,8.705354565426433,2684.7620933815124
2020-11-02,TSLA,BUY,17,133.50332641601562,133.5300270812988,2270.0104603820796,1.1350052301910398,0.45391130981417405,413.61662776924186
2020-12-01,CRM,SELL,191,237.24554443359375,237.19809532470703,45304.83620701904,22.652418103509522,9.062779797364271,45695.80041668477
2020-12-01,GE,SELL,195,49.27385711669922,49.26400234527588,9606.480457328797,4.803240228664398,1.9216804275516708,55297.4776337849
2020-12-01,LOW,SELL,303,137.77151489257812,137.74396058959962,41736.420058648684,20.86821002932434,8.34895380248588,97013.02948240426
2020-12-01,NVDA,SELL,3485,13.332246780395508,13.329580331039429,46453.58745367241,23.226793726836203,9.29257600593556,143443.39014234985
2020-12-01,QCOM,SELL,29,133.87498474121094,133.8482097442627,3881.5980825836186,1.9407990412918095,0.7764749114987808,147323.04742589217
2020-12-01,TMO,SELL,92,463.81329345703125,463.72053079833984,42662.28883344727,21.33114441672363,8.534164599609994,189964.0051149227
2020-12-01,TSLA,SELL,75,194.9199981689453,194.88101416931153,14616.076062698365,7.308038031349183,2.9237999725339137,204572.77313958973
2020-12-01,AMD,BUY,532,92.62999725341797,92.64852325286866,49289.01437052613,24.644507185263066,9.855831707765958,155259.11426187833
2020-12-01,AVGO,BUY,1371,35.95547103881836,35.96266213302612,49304.80978437881,24.652404892189406,9.858990158841983,105929.65207260734
2020-12-01,CAT,BUY,19,156.5892791748047,156.62059703063966,2975.7913435821533,1.4878956717910767,0.5950392608644393,102952.3728333534
2020-12-01,HON,BUY,271,181.60531616210938,181.64163722534178,49224.883688067624,24.61244184403381,9.843008135982274,53702.87670344174
2020-12-01,MS,BUY,928,53.072452545166016,53.08306703567505,49261.08620910645,24.630543104553222,9.850247192384131,4417.159951230737
2020-12-01,NKE,BUY,8,123.93360137939453,123.9583880996704,991.6671047973632,0.4958335523986816,0.1982937622069585,3424.9970128809746
2020-12-01,UPS,BUY,23,130.44058227539062,130.4666703918457,3000.733419012451,1.5003667095062256,0.6000266784666337,422.76322715901733
2021-01-04,AVGO,SELL,1371,38.11271286010742,38.1050903175354,52242.078825341036,26.12103941267052,10.450505866242764,52638.72101308739
2021-01-04,CAT,SELL,1,164.62396240234375,164.5910376098633,164.5910376098633,0.08229551880493165,0.032924792480457654,52803.22975517844
2021-01-04,MS,SELL,28,57.30784225463867,57.296380686187746,1604.298659213257,0.8021493296066284,0.32092391662592945,54406.72626506209
2021-01-04,NKE,SELL,397,128.45562744140625,128.42993631591798,50986.68471741944,25.49334235870972,10.199376818841301,105367.91764012282
2021-01-04,TSLA,SELL,40,243.2566680908203,243.20801675720216,9728.320670288087,4.864160335144043,1.9460533447261241,115091.37415007576
2021-01-04,UPS,SELL,377,127.20988464355469,127.18444266662598,47948.534885318,23.974267442659,9.5916253021214,163015.93476795108
2021-01-04,AMD,BUY,27,92.30000305175781,92.31846305236816,2492.5985024139404,1.2462992512069702,0.49842001647935774,160522.08996628594
2021-01-04,DIS,BUY,299,172.27197265625,172.30642705078125,51519.62168818359,25.7598108440918,10.301863964844443,108976.70846725826
2021-01-04,GE,BUY,14,50.87406921386719,50.88424402770996,712.3794163879395,0.3561897081939697,0.14244739379883242,108263.97286116212
2021-01-04,GS,BUY,221,233.06094360351562,233.10755579223633,51516.76983008423,25.758384915042114,10.301293707274908,56721.444646162854
2021-01-04,HON,BUY,10,183.1465606689453,183.1831899810791,1831.831899810791,0.9159159499053954,0.36629312133783287,54888.69683040216
2021-01-04,JPM,BUY,473,109.00053405761719,109.02233416442871,51567.564059774784,25.783782029887394,10.31145052185164,3295.348988597485
2021-01-04,QCOM,BUY,22,131.9994354248047,132.02583531188964,2904.568376861572,1.4522841884307858,0.5807975158688805,389.32832754748233
2021-02-01,AMD,SELL,559,87.66000366210938,87.64247166137696,48992.14165870972,24.49607082935486,9.800388409420549,49356.97391542784
2021-02-01,CAT,SELL,313,167.83493041992188,167.8013634338379,52521.82675479126,26.26091337739563,10.506466644282199,101852.53975684171
2021-02-01,GE,SELL,6,52.18601608276367,52.17557887954712,313.0534732772827,0.15652673663864133,0.06262321929932568,102165.43670338235
2021-02-01,GS,SELL,4,241.6182403564453,241.56991670837402,966.2796668334961,0.48313983341674804,0.1932945922851559,103131.23323038244
2021-02-01,HON,SELL,281,172.23440551757812,172.1999586364746,48388.188376849364,24.194094188424682,9.679573590089092,151495.22751304338
2021-02-01,JPM,SELL,8,113.0562973022461,113.03368604278565,904.2694883422852,0.4521347441711426,0.1808900756835783,152399.0448666415
2021-02-01,QCOM,SELL,24,143.62608337402344,143.59735815734862,3446.336595776367,1.7231682978881835,0.6894052001955515,155843.65829411996
2021-02-01,TSLA,SELL,24,279.9366760253906,279.88068869018554,6717.136528564453,3.358568264282227,1.343696044922126,162557.43625442014
2021-02-01,AVGO,BUY,1258,41.83417510986328,41.842541944885255,52637.917766665654,26.31895888333283,10.525478457643146,109893.19952887116
2021-02-01,DIS,BUY,18,165.76620483398438,165.79935807495116,2984.388445349121,1.4921942226745606,0.5967583374020933,106907.31888929936
2021-02-01,LLY,BUY,274,191.8486785888672,191.88704832458495,52577.05124093628,26.288525620468143,10.513307586667679,54303.97912274262
2021-02-01,MS,BUY,22,57.04612731933594,57.0575365447998,1255.2658039855955,0.6276329019927979,0.2510029602050281,53048.08568585503
2021-02-01,XOM,BUY,1462,35.9915657043457,35.99876401748657,52630.19299356537,26.315096496782683,10.523933811949902,391.5775957928781
2021-03-01,AVGO,SELL,1258,43.8813362121582,43.87255994491577,55191.68041070404,27.59584020535202,11.040544190979276,55555.662166291564
2021-03-01,DIS,SELL,12,189.04541015625,189.00760107421874,2268.091212890625,1.1340456064453124,0.45370898437511187,57822.61933357574
2021-03-01,GE,SELL,103,63.701927185058594,63.68918679962158,6559.986240361023,3.2799931201805115,1.3122597000123335,64379.325580816585
2021-03-01,GS,SELL,20,291.29620361328125,291.2379443725586,5824.758887451172,2.912379443725586,1.1651848144526866,70201.17208882404
2021-03-01,JPM,SELL,26,131.26815795898438,131.24190432739258,3412.289512512207,1.7061447562561036,0.6825944213867956,73611.75545658
2021-03-01,MS,SELL,58,66.73226165771484,66.7189152053833,3869.697081912231,1.9348485409561156,0.7740942352297111,77479.51768995127
2021-03-01,QCOM,SELL,366,123.9906005859375,123.96580246582032,45371.48370249024,22.685741851245115,9.076111962888803,122828.31565059026
2021-03-01,TSLA,SELL,188,239.47666931152344,239.42877397766114,45012.60950780029,22.506304753900146,9.00432276611241,167818.41885363666
2021-03-01,XOM,SELL,208,45.95718002319336,45.947988587188725,9557.181626135254,4.778590813067627,1.91181868896399,177370.82188895883
2021-03-01,BAC,BUY,1838,31.377037048339844,31.38331245574951,57682.5282936676,28.841264146833804,11.534198818968619,119659.45233114439
2021-03-01,CAT,BUY,288,199.67193603515625,199.7118704223633,57517.01868164063,28.758509340820314,11.50110351562762,62113.675140162944
2021-03-01,COP,BUY,1329,43.38904571533203,43.3977235244751,57675.5745640274,28.8377872820137,11.53280835113462,4409.262788853528
2021-03-01,LLY,BUY,20,195.8079376220703,195.84709920959472,3916.9419841918943,1.958470992095947,0.7832317504880848,490.36233366953775
2021-04-01,BAC,SELL,166,34.792781829833984,34.78582327346802,5774.446663395691,2.8872233316978453,1.1551203567503165,6261.921773733531
2021-04-01,CAT,SELL,13,211.46546936035156,211.4231762664795,2748.5012914642334,1.3742506457321169,0.5498102203369797,9009.048814552032
2021-04-01,COP,SELL,23,44.55191421508789,44.54300383224487,1024.489088141632,0.512244544070816,0.2049388053894532,10033.025658149594
2021-04-01,DIS,SELL,305,183.2183380126953,183.18169434509278,55870.416775253296,27.93520838762665,11.17631861877257,65875.50722501526
2021-04-01,GE,SELL,4,64.57553100585938,64.5626158996582,258.2504635986328,0.1291252317993164,0.05166042480470878,66133.6285633821
2021-04-01,JPM,SELL,5,134.0679473876953,134.04113379821777,670.2056689910888,0.3351028344955444,0.134067947387706,66803.49912953869
2021-04-01,LLY,SELL,294,175.67422485351562,175.6390900085449,51637.8924625122,25.8189462312561,10.329644421389673,118415.57264581963
2021-04-01,XOM,SELL,10,46.76387405395508,46.754521279144285,467.54521279144285,0.23377260639572142,0.09352774810793107,118882.88408600468
2021-04-01,CSCO,BUY,1305,44.56588363647461,44.57479681320191,58170.10984122849,29.085054920614244,11.631695629123122,60683.68918985557
2021-04-01,CVX,BUY,689,84.35767364501953,84.37454517974854,58134.06162884674,29.067030814423372,11.624487428285164,2520.5605301944015
2021-04-01,GS,BUY,4,289.2830810546875,289.3409376708984,1157.3637506835937,0.5786818753417968,0.23142646484370744,1362.618097635466
2021-04-01,MS,BUY,18,65.93982696533203,65.95301493072509,1187.1542687530516,0.5935771343765258,0.23738337707504797,174.87025174803784
2021-05-03,BAC,SELL,21,35.735504150390625,35.72835704956055,750.2954980407716,0.3751477490203858,0.15008911743156972,924.7906020397891
2021-05-03,CAT,SELL,275,208.25033569335938,208.2086856262207,57257.38854721069,28.628694273605348,11.453768463135816,58153.550454976874
2021-05-03,CSCO,SELL,1305,44.185943603515625,44.17710641479492,57651.12387130737,28.825561935653685,11.532531280519507,115775.84876434859
2021-05-03,GS,SELL,11,309.166748046875,309.10491469726566,3400.154061669922,1.7000770308349609,0.6801668457027858,119174.30274898767
2021-05-03,MS,SELL,37,69.80951690673828,69.79555500335694,2582.4355351242066,1.2912177675621033,0.5165904251096975,121755.44706634432
2021-05-03,XOM,SELL,13,47.929100036621094,47.91951421661377,622.953684815979,0.3114768424079895,0.12461566009520908,122378.08927431788
2021-05-03,COP,BUY,51,43.49625778198242,43.504957033538815,2218.7528087104797,1.1093764043552399,0.4436618293760688,120158.22708920305
2021-05-03,CVX,BUY,12,84.18218994140625,84.19902637939452,1010.3883165527343,0.5051941582763672,0.20203725585929533,119147.33357849203
2021-05-03,GE,BUY,1,65.40218353271484,65.41526396942139,65.41526396942139,0.032707631984710696,0.013080436706545129,119081.88560689063
2021-05-03,GOOGL,BUY,508,116.12428283691406,116.14750769348144,59002.93390828857,29.501466954144288,11.798227136229741,60049.45023164792
2021-05-03,JPM,BUY,4,134.55047607421875,134.5773861694336,538.3095446777344,0.2691547723388672,0.10764038085937955,59510.871532197845
2021-05-03,UPS,BUY,355,165.84152221679688,165.87469052124024,58885.51513504029,29.442757567520143,11.774748077394435,595.913639590035
2021-06-01,COP,SELL,1357,48.430965423583984,48.421279230499266,65707.6759157875,32.85383795789375,13.14416401596273,66270.73571741965
2021-06-01,CVX,SELL,701,86.11699676513672,86.09977336578369,60355.941129414365,30.17797056470718,12.073602946472917,126596.49887626931
2021-06-01,GOOGL,SELL,508,118.01255798339844,117.98895547180176,59938.3893796753,29.969194689837646,11.990075891112554,186504.91906125477
2021-06-01,GS,SELL,6,338.8080139160156,338.7402523132324,2032.4415138793945,1.0162207569396973,0.40656961669924385,188536.34435437722
2021-06-01,JPM,SELL,9,145.68406677246094,145.65492995910645,1310.8943696319582,0.6554471848159791,0.26223132019035233,189846.58327682436
2021-06-01,MS,SELL,42,77.97907257080078,77.96347675628662,3274.4660237640383,1.637233011882019,0.6550242095945862,193119.41206757652
2021-06-01,BAC,BUY,4,37.814788818359375,37.82235177612304,151.28940710449217,0.07564470355224609,0.03025183105467022,192968.04701576848
2021-06-01,CAT,BUY,282,221.5665740966797,221.61088741149902,62494.270250042726,31.247135125021362,12.496354779052183,130442.52963060074
2021-06-01,GE,BUY,8,68.8060302734375,68.81979147949218,550.5583318359375,0.27527916591796875,0.11008964843745161,129891.69601959888
2021-06-01,ORCL,BUY,844,74.1100845336914,74.12490655059814,62561.42112870483,31.280710564352415,12.50978226928379,67298.9941803297
2021-06-01,UNH,BUY,168,371.19866943359375,371.27290916748046,62373.84874013672,31.186924370068358,12.472275292967879,4893.958515822909
2021-06-01,UPS,BUY,18,167.49192810058594,167.52542648620604,3015.4576767517087,1.5077288383758543,0.6029709411619137,1876.9931102328246
2021-06-01,XOM,BUY,21,49.98313522338867,49.99313185043335,1049.8557688591004,0.5249278844295503,0.2099291679382489,826.6124134892946
2021-07-01,BAC,SELL,1655,36.75300216674805,36.7456515663147,60814.05334225082,30.407026671125415,12.165243717191139,61610.25872906899
2021-07-01,CAT,SELL,282,197.79080200195312,197.75124384155274,55765.850763317874,27.882925381658936,11.15540123290981,117348.22656700521
2021-07-01,GE,SELL,910,65.59796142578125,65.5848418334961,59682.20606848145,29.841103034240724,11.938828979486829,177000.59153245244
2021-07-01,JPM,SELL,429,137.81422424316406,137.78666139831543,59110.47773987732,29.555238869938663,11.82446044006295,236081.51403345983
2021-07-01,MS,SELL,18,77.90284729003906,77.88726672058105,1401.9708009704589,0.7009854004852295,0.28045025024417214,237482.7838490298
2021-07-01,ORCL,SELL,844,74.0821533203125,74.06733688964844,62512.832334863284,31.256416167431638,12.505067480462628,299964.35976772563
2021-07-01,UNH,SELL,168,370.8818664550781,370.80769008178714,62295.69193374024,31.147845966870122,12.461630712884926,362228.903855499
2021-07-01,UPS,SELL,373,165.08119201660156,165.04817577819824,61562.969565267944,30.78148478263397,12.315056924438409,423761.0919359843
2021-07-01,XOM,SELL,83,52.29793930053711,52.287479712677005,4339.860816152192,2.169930408076096,0.8681457923886811,428098.78282172844
2021-07-01,ADBE,BUY,104,584.72998046875,584.8469264648437,60824.08035234374,30.412040176171875,12.16238359374529,367244.29042920854
2021-07-01,COP,BUY,1170,52.26255416870117,52.27300667953491,61159.417815055844,30.57970890752792,12.229437675472283,306054.29290524515
2021-07-01,GOOGL,BUY,504,121.36830139160156,121.39257505187987,61181.857826147454,30.590928913073725,12.233924780268808,244841.84415018462
2021-07-01,LLY,BUY,277,220.16311645507812,220.20714907836913,60997.38029470825,30.49869014735413,12.197036651607675,183813.96516532902
2021-07-01,META,BUY,174,351.3049621582031,351.3752231506348,61139.288828210454,30.569644414105227,12.225412683108175,122644.10669270446
2021-07-01,MSFT,BUY,235,260.1638488769531,260.2158816467285,61150.7321869812,30.575366093490597,12.22770089721763,61462.799139629766
2021-07-01,NVDA,BUY,3037,20.142332077026367,20.146360543441773,61184.496970432665,30.592248485216334,12.234452503587335,247.70992071188084
2021-08-02,ADBE,SELL,5,618.75,618.62625,3093.1312500000004,1.5465656250000002,0.6187499999998636,3339.2946050868813
2021-08-02,COP,SELL,1170,46.38087463378906,46.37159845886231,54254.7701968689,27.12738509843445,10.853124664301959,57566.93741685734
2021-08-02,GOOGL,SELL,42,133.66921997070312,133.64248612670897,5612.984417321777,2.8064922086608886,1.1228214477543474,63177.11534197046
2021-08-02,GS,SELL,184,335.0429992675781,334.9759906677246,61635.58228286132,30.81779114143066,12.329582373048197,124781.87983369036
2021-08-02,LLY,SELL,15,234.8990936279297,234.8521138092041,3522.7817071380614,1.7613908535690308,0.7046972808838348,128302.90014997486
2021-08-02,MS,SELL,33,82.06497192382812,82.04855892944336,2707.602444671631,1.3538012223358156,0.5416288146972619,131009.14879342414
2021-08-02,MSFT,SELL,235,272.8271789550781,272.7726135192871,64101.56417703247,32.050782088516236,12.822877410886235,195078.6621883681
2021-08-02,XOM,SELL,1169,47.60220718383789,47.59268674240112,55635.85080186691,27.817925400933454,11.12939603958413,250686.6950648341
2021-08-02,ACN,BUY,212,290.96319580078125,291.0213884399414,61696.534349267575,30.84826717463379,12.336839501952682,188959.31244839187
2021-08-02,AMD,BUY,568,108.62999725341797,108.65172325286865,61714.178807629396,30.8570894038147,12.340367687986486,127214.27655135866
2021-08-02,META,BUY,3,348.88623046875,348.95600771484374,1046.8680231445312,0.5234340115722657,0.20933173828120744,126166.88509420256
2021-08-02,NKE,BUY,397,155.35179138183594,155.3828617401123,61686.996110824584,30.843498055412294,12.334932235717503,64449.04548532256
2021-08-02,NVDA,BUY,100,19.68192481994629,19.685861204910278,1968.5861204910277,0.9842930602455139,0.393638496398907,62479.47507177129
2021-08-02,ORCL,BUY,754,81.8900375366211,81.90641554412842,61757.43732027283,30.878718660136418,12.34901766052505,691.1590328383245
2021-09-01,ACN,SELL,2,311.04931640625,310.9871065429688,621.9742130859375,0.3109871065429688,0.1244197265624507,1312.822258817719
2021-09-01,ADBE,SELL,1,665.8900146484375,665.7568366455079,665.7568366455079,0.33287841832275394,0.13317800292963966,1978.2462170449044
2021-09-01,GOOGL,SELL,8,143.93917846679688,143.91039063110352,1151.2831250488282,0.5756415625244141,0.23030268554680333,3128.953700531208
2021-09-01,META,SELL,5,378.7242126464844,378.6484678039551,1893.2423390197755,0.9466211695098878,0.37872421264637524,5021.249418381474
2021-09-01,MS,SELL,752,88.95556640625,88.93777529296875,66881.2070203125,33.44060351015625,13.3789171874987,71869.01583518382
2021-09-01,NKE,SELL,397,151.74447631835938,151.7141274230957,60230.508586968994,30.115254293484497,12.048511419677482,132069.40916785932
2021-09-01,NVDA,SELL,215,22.36759376525879,22.363120246505737,4808.070852998733,2.4040354264993664,0.9618065319061841,136875.07598543155
2021-09-01,ORCL,SELL,754,84.08686828613281,84.0700509124756,63388.8183880066,31.694409194003303,12.68029973754281,200232.19996424415
2021-09-01,AMD,BUY,26,109.98999786376953,110.01199586334228,2860.311892446899,1.4301559462234494,0.5719479888914236,197370.45791585103
2021-09-01,COST,BUY,151,432.63153076171875,432.7180570678711,65340.42661724854,32.67021330862427,13.065472229002808,131997.36108529387
2021-09-01,CRM,BUY,247,263.7568664550781,263.80961782836914,65160.97560360718,32.58048780180359,13.029589202881084,66803.8049938849
2021-09-01,LLY,BUY,3,245.97830200195312,246.0274976623535,738.0824929870605,0.36904124649353026,0.1475869812011581,66065.35345965135
2021-09-01,MSFT,BUY,225,289.67449951171875,289.7324344116211,65189.79774261475,32.59489887130737,13.035352478031825,842.9608181652948
2021-10-01,ACN,SELL,210,299.0455322265625,298.9857231201172,62787.00185522461,31.39350092761231,12.559912353513027,63598.569172462296
2021-10-01,ADBE,SELL,98,577.469970703125,577.3544767089844,56580.738717480475,28.290369358740236,11.318411425778095,120151.01752058402
2021-10-01,COST,SELL,7,424.87005615234375,424.78508214111326,2973.4955749877927,1.4867477874938964,0.5948180786134003,123123.02634778433
2021-10-01,CRM,SELL,21,270.5788269042969,270.524711138916,5681.018933917237,2.8405094669586184,1.1364310729979934,128801.2047722346
2021-10-01,GOOGL,SELL,2,135.34286499023438,135.31579641723633,270.63159283447266,0.13531579641723634,0.054137145996094205,129071.70104927265
2021-10-01,LLY,SELL,265,219.4022979736328,219.35841751403808,58129.98064122009,29.064990320610047,11.628321792603913,187172.61670017213
2021-10-01,META,SELL,172,340.0240783691406,339.9560735534668,58472.44465119629,29.236222325598145,11.696828295896466,245615.82512904282
2021-10-01,MSFT,SELL,225,277.45721435546875,277.4017229125977,62415.387655334474,31.20769382766724,12.485574645991449,308000.00509054965
2021-10-01,AMD,BUY,4,102.44999694824219,102.47048694763184,409.88194779052736,0.2049409738952637,0.08195999755861294,307589.91820178524
2021-10-01,COP,BUY,1044,58.70891189575195,58.7206536781311,61304.36243996887,30.652181219984435,12.258420803829495,246254.90358059638
2021-10-01,NFLX,BUY,999,61.314998626708984,61.32726162643432,61265.93436480789,30.63296718240394,12.250736725611617,184958.3362486061
2021-10-01,NVDA,BUY,42,20.674148559570312,20.678283389282225,868.4879023498535,0.43424395117492676,0.17366284790031017,184089.41410230508
2021-10-01,ORCL,BUY,730,83.89055633544922,83.9073344467163,61252.3541461029,30.626177073051448,12.248021224973229,122806.43377912912
2021-10-01,TMO,BUY,108,565.0288696289062,565.141875402832,61035.32254350586,30.517661271752928,12.204623583987086,61740.5935743515
2021-10-01,TSLA,BUY,237,258.40667724609375,258.45835858154294,61254.63098382568,30.62731549191284,12.24847650145773,455.3352750339109
2021-11-01,AMD,SELL,30,125.2300033569336,125.20495735626221,3756.1487206878664,1.8780743603439332,0.7513800201414256,4209.6059213614335
2021-11-01,COST,SELL,144,466.8858337402344,466.79245657348633,67218.11374658204,33.609056873291024,13.446312011717964,71394.11061107018
2021-11-01,GOOGL,SELL,452,142.2357635498047,142.20731639709473,64277.70701148682,32.13885350574341,12.858113024901172,135639.67876905127
2021-11-01,NVDA,SELL,199,25.742509841918945,25.737361339950564,5121.734906650162,2.560867453325081,1.0245518917079544,140758.8528082481
2021-11-01,ORCL,SELL,730,88.53504180908203,88.51733480072022,64617.65440452576,32.30882720226288,12.926116104121661,205344.1983855716
2021-11-01,TSLA,SELL,61,402.86334228515625,402.7827696166992,24569.748946618653,12.284874473309326,4.9149327758784125,229901.66245771694
2021-11-01,BAC,BUY,1672,42.552799224853516,42.56130978469849,71162.50996001587,35.58125498000794,14.229656060792365,158703.57124272105
2021-11-01,COP,BUY,88,62.84458541870117,62.85715433578491,5531.429581549072,2.765714790774536,1.1060647033691566,153169.37594638122
2021-11-01,CRM,BUY,13,297.6111755371094,297.6706977722168,3869.719071038818,1.9348595355194091,0.7737890563963106,149297.72201580688
2021-11-01,MRK,BUY,938,75.8274154663086,75.84258094940185,71140.34093053894,35.57017046526947,14.225223141473862,78121.81091480267
2021-11-01,MSFT,BUY,225,316.1053771972656,316.1685982727051,71137.93461135865,35.56896730567933,14.224741973877997,6948.307336138343
2021-11-01,NFLX,BUY,46,68.11699676513672,68.13062016448974,3134.0085275665283,1.5670042637832642,0.6266763702390392,3812.7318043080313
2021-11-01,TMO,BUY,5,626.5712280273438,626.6965422729492,3133.4827113647457,1.5667413556823728,0.6265712280270463,677.6823515876031
2021-12-01,AMD,SELL,104,149.11000061035156,149.0801786102295,15504.338575463868,7.752169287731934,3.101488012694972,16174.268757763737
2021-12-01,BAC,SELL,1672,38.98672866821289,38.97893132247925,65172.773171185305,32.586386585592656,13.037162066650524,81314.45554236344
2021-12-01,COP,SELL,1132,58.3033332824707,58.29167261581421,65986.17340110168,32.99308670055084,13.199874655153735,147267.63585676457
2021-12-01,CRM,SELL,239,247.22293090820312,247.1734863220215,59074.463230963134,29.537231615481566,11.81725609741099,206312.5618561122
2021-12-01,MRK,SELL,938,64.25994110107422,64.247089112854,60263.76958785705,30.131884793928528,12.055164950566194,266546.19955917535
2021-12-01,MSFT,SELL,7,317.36639404296875,317.30292076416015,2221.120445349121,1.1105602226745606,0.44431295166020845,268766.2094443018
2021-12-01,NFLX,SELL,1045,61.777000427246094,61.76464502716065,64544.054053382875,32.27202702669144,12.911393089291998,333277.991470658
2021-12-01,NVDA,SELL,555,31.336008071899414,31.329740870285036,17388.006183008194,8.694003091504097,3.4782968959797245,350657.3036505747
2021-12-01,TMO,SELL,1,617.7415161132812,617.6179678100586,617.6179678100586,0.30880898390502937,0.12354830322260568,351274.61280940083
2021-12-01,AAPL,BUY,430,160.9464874267578,160.97867672424317,69220.83099142456,34.61041549571228,13.841397918704672,282019.17140248057
2021-12-01,COST,BUY,137,502.9272155761719,503.0278010192871,68914.80873964234,34.45740436982117,13.780205706785353,213069.9052584684
2021-12-01,HD,BUY,194,356.8301086425781,356.90147466430665,69238.88608487548,34.619443042437744,13.845008215333337,143796.39973055047
2021-12-01,LOW,BUY,309,223.50106811523438,223.5457683288574,69075.64241361694,34.53782120680847,13.81236600951658,74686.21949572673
2021-12-01,QCOM,BUY,435,158.9923553466797,159.024153817749,69175.50691072083,34.587753455360414,13.832334915155258,5476.124831550551
2021-12-01,TSLA,BUY,13,365.0,365.073,4745.949,2.3729744999999998,0.9489999999997281,727.8028570505512
2022-01-03,AAPL,SELL,430,177.786376953125,177.75081967773437,76432.85246142578,38.216426230712884,15.28962841797096,77122.43889224561
2022-01-03,COST,SELL,4,537.9244995117188,537.8169146118164,2151.2676584472656,1.0756338292236327,0.43033959960939683,79272.63091686365
2022-01-03,HD,SELL,194,364.1553955078125,364.08256442871095,70632.01749916993,35.31600874958497,14.129229345700196,149869.332407284
2022-01-03,MSFT,SELL,218,321.8564758300781,321.79210453491214,70150.67878861085,35.07533939430542,14.032942346184427,219984.93585650055
2022-01-03,QCOM,SELL,8,168.57008361816406,168.53636960144044,1348.2909568115235,0.6741454784057618,0.2697121337889712,221332.55266783366
2022-01-03,TMO,SELL,112,636.515625,636.388321875,71275.49205,35.637746025,14.257950000002893,292572.40697180864
2022-01-03,TSLA,SELL,9,399.9266662597656,399.84668092651367,3598.620128338623,1.7993100641693116,0.719867999267592,296169.2277900831
2022-01-03,ABBV,BUY,631,114.08202362060547,114.1048400253296,72000.15405598297,36.00007702799149,14.397151380922907,224133.07365707215
2022-01-03,ACN,BUY,191,375.964599609375,376.03979252929685,71823.6003730957,35.91180018654785,14.361847705072705,152273.5614837899
2022-01-03,AMD,BUY,15,150.24000549316406,150.2700534942627,2254.0508024139403,1.12702540120697,0.4507200164795222,150018.38365597476
2022-01-03,AVGO,BUY,1175,61.21920394897461,61.2314477897644,71946.95115297317,35.973475576486585,14.386512928006923,78035.45902742511
2022-01-03,NVDA,BUY,187,30.02614402770996,30.032149256515503,5616.011910968399,2.8080059554841994,1.1229777866362909,72416.63911050123
2022-01-03,UNH,BUY,155,463.2125244140625,463.3051669189453,71812.30087243652,35.906150436218255,14.35958825683457,568.432087628491
2022-02-01,ABBV,SELL,84,116.61068725585938,116.5873651184082,9793.338669946288,4.896669334973144,1.95905954589864,10356.874088239805
2022-02-01,ACN,SELL,191,327.1479187011719,327.08248911743163,62472.75542142944,31.23637771071472,12.49705049438586,72798.39313195852
2022-02-01,AMD,SELL,479,116.77999877929688,116.75664277954102,55926.43189140015,27.963215945700075,11.187523883052208,128696.86180741296
2022-02-01,AVGO,SELL,1175,54.703372955322266,54.692432280731204,64263.607929859165,32.13180396492959,12.855292644497673,192928.3379333072
2022-02-01,COST,SELL,133,482.58575439453125,482.4892372436523,64171.06855340576,32.08553427670288,12.83678106689689,257067.32095243625
2022-02-01,LOW,SELL,309,217.84934997558594,217.80578010559083,67301.98605262756,33.65099302631378,13.463089828489103,324335.6560120375
2022-02-01,NVDA,SELL,2397,24.56041145324707,24.555499370956422,58859.53199218254,29.429765996091273,11.774261250683498,383165.7582382239
2022-02-01,QCOM,SELL,29,160.3502655029297,160.31819544982912,4649.227668045044,2.324613834022522,0.9300315399164845,387812.6612924349
2022-02-01,TSLA,SELL,180,310.4166564941406,310.3545731628418,55863.82316931152,27.93191158465576,11.174999633788048,443648.5525501618
2022-02-01,UNH,SELL,155,431.97698974609375,431.89059434814453,66943.0421239624,33.4715210619812,13.391286682128793,510558.1231530622
2022-02-01,AAPL,BUY,374,170.5581512451172,170.5922628753662,63801.50631538696,31.90075315769348,12.757749713131602,446724.71608451754
2022-02-01,BAC,BUY,1522,41.94446563720703,41.95285453033447,63852.24459516906,31.926122297584534,12.767895339961754,382840.5453670509
2022-02-01,COP,BUY,825,77.33952331542969,77.35499122009277,63817.86775657654,31.908933878288266,12.761021347043666,318990.7686765961
2022-02-01,CVX,BUY,572,111.5815658569336,111.60388217010498,63837.42060130005,31.91871030065003,12.764931134033645,255121.42936499542
2022-02-01,KO,BUY,1203,53.035831451416016,53.0464386177063,63814.86565710068,31.907432828550338,12.760421047212745,191274.6562750662
2022-02-01,MA,BUY,167,381.6147155761719,381.6910385192871,63742.403432720945,31.871201716360474,12.745931500238612,127500.38164062888
2022-02-01,PG,BUY,449,142.11817932128906,142.1466029571533,63823.824727761836,31.91191236388092,12.762212503045163,63644.645000503166
2022-02-01,XOM,BUY,925,68.74639129638672,68.76014057464599,63603.13003154754,31.801565015773765,12.718082389823593,9.71340393985156
2022-03-01,ABBV,SELL,46,125.709716796875,125.68457485351563,5781.490443261719,2.8907452216308593,1.156529394531134,5788.313101979939
2022-03-01,BAC,SELL,1522,37.95016860961914,37.942578575897215,57748.60459251556,28.87430229625778,11.552031324770212,63508.043392199244
2022-03-01,COP,SELL,60,82.3307876586914,82.31432150115967,4938.85929006958,2.4694296450347903,0.9879694519042914,68444.43325262378
2022-03-01,CVX,SELL,69,125.24217987060547,125.21713143463136,8639.982068989564,4.319991034494782,1.7283420822138424,77080.09533057886
2022-03-01,KO,SELL,42,54.27064514160156,54.259791012573245,2278.9112225280765,1.1394556112640384,0.45587341918931656,79357.86709749568
2022-03-01,MA,SELL,167,335.3023986816406,335.2353382019043,55984.30147971802,27.99215073985901,11.1991001159642,135314.17642647383
2022-03-01,PG,SELL,449,136.39749145507812,136.3702119567871,61230.22516859741,30.615112584298704,12.2484947326692,196513.78648248693
2022-03-01,AAPL,BUY,20,159.61599731445312,159.647920513916,3192.95841027832,1.5964792051391599,0.638463989257616,193319.23159300347
2022-03-01,AVGO,BUY,1197,52.617584228515625,52.628107745361326,62995.844971197504,31.497922485598753,12.596649664304586,130291.88869932036
2022-03-01,QCOM,BUY,27,148.18345642089844,148.2130931121826,4001.75351402893,2.0008767570144648,0.8001906646725274,126288.13430853441
2022-03-01,UNH,BUY,143,439.2071838378906,439.2950252746582,62819.18861427612,31.40959430713806,12.56132545776336,63437.536099951154
2022-03-01,UPS,BUY,383,164.2773895263672,164.31024500427245,62930.823836636344,31.46541191831817,12.583648037713857,475.2468513964923
2022-04-01,AAPL,SELL,394,170.4820098876953,170.44791348571778,67156.4779133728,33.5782389566864,13.433982379149029,67598.1465258126
2022-04-01,ABBV,SELL,25,138.46878051757812,138.44108676147462,3461.0271690368654,1.7305135845184325,0.6923439025875666,71057.44318126494
2022-04-01,AVGO,SELL,1197,58.25660705566406,58.24495573425293,69719.21201390076,34.85960600695038,13.946631729121826,140741.79558915875
2022-04-01,CVX,SELL,23,137.37156677246094,137.34409245910643,3158.914126559448,1.579457063279724,0.6319092071535692,143899.1302586549
2022-04-01,KO,SELL,1161,55.480289459228516,55.46919340133667,64399.73353895187,32.19986676947593,12.882523212435501,208266.6639308373
2022-04-01,QCOM,SELL,425,133.6205291748047,133.59380506896974,56777.36715431214,28.388683577156065,11.357744979851248,265015.64240157226
2022-04-01,UNH,SELL,4,474.1195373535156,474.0247134460449,1896.0988537841797,0.9480494268920898,0.3792956298827903,266910.79320592957
2022-04-01,UPS,SELL,383,165.12442016601562,165.09139528198241,63230.00439299927,31.615002196499635,12.648530584719566,330109.18259673234
2022-04-01,XOM,SELL,3,71.47776794433594,71.46347239074707,214.3904171722412,0.10719520858612058,0.042886660766598084,330323.465818696
2022-04-01,CAT,BUY,323,203.7574920654297,203.79824356384276,65826.83267112121,32.91341633556061,13.162733987422513,264463.71973123925
2022-04-01,COP,BUY,5,85.65982055664062,85.67695252075195,428.3847626037598,0.21419238130187987,0.08565982055664279,264035.1207762542
2022-04-01,COST,BUY,120,547.1624755859375,547.2719080810547,65672.62896972656,32.83631448486328,13.131899414061081,198329.65549204277
2022-04-01,LLY,BUY,234,281.76275634765625,281.8191088989258,65945.67148234863,32.972835741174315,13.186496997069185,132351.01117395295
2022-04-01,NVDA,BUY,2477,26.632417678833008,26.637744162368772,65981.69229018745,32.99084614509373,13.19369971808862,66336.3280376204
2022-04-01,TSLA,BUY,182,361.5299987792969,361.6023047790527,65811.61946978759,32.90580973489379,13.159691955560447,491.8027580979251
2022-05-02,CAT,SELL,323,197.56143188476562,197.52191959838868,63799.58003027954,31.899790015139768,12.762468499753965,64259.48299836233
2022-05-02,COP,SELL,20,81.69110107421875,81.6747628540039,1633.495257080078,0.816747628540039,0.3267644042969664,65892.16150781387
2022-05-02,COST,SELL,120,503.6615295410156,503.56079723510743,60427.29566821289,30.213647834106446,12.087876708983458,126289.24352819266
2022-05-02,CVX,SELL,21,133.6323699951172,133.60564352111817,2805.7185139434814,1.4028592569717406,0.561255953979412,129093.55918287917
2022-05-02,LLY,SELL,14,278.7685852050781,278.7128314880371,3901.9796408325196,1.9509898204162597,0.780552038574001,132993.58783389127
2022-05-02,NVDA,SELL,2477,19.47480583190918,19.4709108707428,48229.44622682991,24.114723113414954,9.647818809125724,181198.91933760777
2022-05-02,TSLA,SELL,182,300.9800109863281,300.9198149841309,54767.40632711182,27.38370316355591,10.955672399898503,235938.94196155603
2022-05-02,UNH,SELL,7,463.5380859375,463.4453783203125,3244.1176482421874,1.6220588241210936,0.6489533203125006,239181.4375509741
2022-05-02,XOM,SELL,97,74.30693817138672,74.29207678375245,7206.331448023988,3.6031657240119936,1.4415546005241282,246384.16583327408
2022-05-02,ABBV,BUY,7,126.9326400756836,126.95802660369873,888.7061862258911,0.4443530931129455,0.17770569610593157,245495.01529395508
2022-05-02,JNJ,BUY,387,158.1567840576172,158.1884154144287,61218.91676538391,30.609458382691955,12.241335086056807,184245.4890701885
2022-05-02,KO,BUY,1095,55.98329162597656,55.99448828430176,61313.96467131043,30.656982335655215,12.260340866090722,122900.8674165424
2022-05-02,MRK,BUY,795,77.06066131591797,77.07607344818115,61275.478391304016,30.63773919565201,12.252645149227703,61594.75128604274
2022-05-02,PG,BUY,432,141.69869995117188,141.7270396911621,61226.08114658203,30.613040573291016,12.242767675779305,338.05709888741694
2022-06-01,COP,SELL,102,99.0221176147461,99.00231319122315,10098.23594550476,5.049117972752381,2.0200511993400596,10431.243926419425
2022-06-01,CVX,SELL,28,148.7067108154297,148.6769694732666,4162.955145251465,2.0814775726257326,0.8327575805661809,14592.117594098265
2022-06-01,KO,SELL,1095,55.65678405761719,55.64565270080566,60931.9897073822,30.4659948536911,12.18883570861987,75493.64130662677
2022-06-01,LLY,SELL,7,300.49578857421875,300.4356894165039,2103.0498259155274,1.0515249129577637,0.4206941040038146,77595.63960762935
2022-06-01,PG,SELL,432,130.30055236816406,130.27449225769044,56278.58065532227,28.139290327661136,11.257967724604896,133846.08097262395
2022-06-01,UNH,SELL,132,455.58355712890625,455.49244041748045,60125.00213510742,30.06250106755371,12.02740590820531,193941.02060666383
2022-06-01,XOM,SELL,70,84.99781799316406,84.98081842956543,5948.65729006958,2.97432864503479,1.189969451904176,199886.7035680884
2022-06-01,ABBV,BUY,29,125.3446044921875,125.36967341308593,3635.720528979492,1.817860264489746,0.7269987060545873,196249.1651788444
2022-06-01,AMGN,BUY,287,223.674072265625,223.7188070800781,64207.297631982416,32.10364881599121,12.838891748041902,132009.76389804602
2022-06-01,CAT,BUY,316,202.6851806640625,202.7257177001953,64061.32679326172,32.03066339663086,12.809703417966034,67916.40644138766
2022-06-01,IBM,BUY,537,119.52565002441406,119.54955515441894,64198.11111792297,32.09905555896148,12.83705481261903,3686.1962679057324
2022-06-01,JNJ,BUY,18,158.34442138671875,158.3760902709961,2850.7696248779293,1.4253848124389645,0.5700399169920729,834.001258215364
2022-06-01,MRK,BUY,6,80.1290054321289,80.14503123321533,480.87018739929204,0.24043509369964605,0.09615480651856956,352.89063572237234
2022-07-01,ABBV,SELL,2,132.0229949951172,131.99659039611817,263.99318079223633,0.13199659039611816,0.05280919799804451,616.7518199242126
2022-07-01,CAT,SELL,316,166.09243774414062,166.0592192565918,52474.71328508301,26.237356642541506,10.497042065427877,53065.227748364676
2022-07-01,COP,SELL,648,78.43576049804688,78.42007334594727,50816.207528173836,25.408103764086917,10.165274560542116,103856.02717277443
2022-07-01,CVX,SELL,431,123.56522369384766,123.5405106491089,53245.96008976593,26.622980044882965,10.651322282405758,157075.36428249546
2022-07-01,AMGN,BUY,23,216.7278594970703,216.77120506896972,4985.737716586304,2.4928688582931517,0.9969481536863896,152087.13369705086
2022-07-01,IBM,BUY,19,120.97439575195312,120.99859063110351,2298.9732219909665,1.1494866109954833,0.4597027038573316,149787.0109884489
2022-07-01,JNJ,BUY,16,159.95718383789062,159.9891752746582,2559.8268043945313,1.2799134021972658,0.5118629882813366,147225.90427065216
2022-07-01,KO,BUY,1177,57.2232780456543,57.23472270126343,67365.26861938706,33.68263430969353,13.470359651948748,79826.9530169554
2022-07-01,LLY,BUY,1,313.66204833984375,313.7247807495117,313.7247807495117,0.15686239037475583,0.06273240966794447,79513.07137381552
2022-07-01,MRK,BUY,21,81.91938018798828,81.93576406402588,1720.6510453445435,0.8603255226722718,0.34406139678947056,77791.5600029483
2022-07-01,UNH,BUY,140,480.27520751953125,480.37126256103517,67251.97675854493,33.625988379272464,13.447705810548314,10505.957256024107
2022-07-01,XOM,BUY,130,76.05844116210938,76.0736528503418,9889.574870544435,4.944787435272217,1.9775194702154408,611.4375980444001
2022-08-01,ABBV,SELL,510,121.49171447753906,121.46741613464356,61948.38222866821,30.974191114334104,12.392154876707906,62528.84563559828
2022-08-01,AMGN,SELL,310,216.8072509765625,216.7638895263672,67196.80575317383,33.59840287658692,13.442049560544831,129692.05298589553
2022-08-01,IBM,SELL,556,113.19061279296875,113.16797467041016,62921.39391674805,31.460696958374022,12.58679614257585,192581.98620568519
2022-08-01,JNJ,SELL,421,154.95852661132812,154.92753490600586,65224.492195428465,32.612246097714234,13.047507940673484,257773.86615501594
2022-08-01,KO,SELL,1177,57.34770965576172,57.33624011383057,67484.75461397858,33.74237730698929,13.499650852962134,325224.8783916875
2022-08-01,LLY,SELL,23,313.1211242675781,313.05850004272463,7200.345500982667,3.6001727504913332,1.4403571716303532,332421.6237199197
2022-08-01,MRK,SELL,822,78.47134399414062,78.4556497253418,64490.54407423096,32.24527203711548,12.900688952634027,396879.92252211354
2022-08-01,UNH,SELL,20,496.9649963378906,496.86560333862303,9937.312066772462,4.968656033386231,1.9878599853518608,406812.26593285264
2022-08-01,XOM,SELL,155,82.07884216308594,82.06242639465333,12719.676091171266,6.359838045585633,2.544444107054318,419525.5821859783
2022-08-01,AAPL,BUY,378,158.19520568847656,158.22684472961424,59809.74730779418,29.90487365389709,11.959557550043087,359685.93000453024
2022-08-01,AMD,BUY,619,96.77999877929688,96.79935477905273,59918.80060823364,29.95940030411682,11.981363848876995,299737.16999599244
2022-08-01,COST,BUY,114,521.5663452148438,521.6706584838867,59470.45506716308,29.73522753358154,11.891712670891138,240236.9797012958
2022-08-01,CVX,BUY,442,135.37265014648438,135.39972467651367,59846.67830701904,29.923339153509524,11.966942272948756,180360.37805512323
2022-08-01,TMO,BUY,102,582.534423828125,582.6509307128906,59430.394932714844,29.715197466357424,11.883702246092525,120900.26792494203
2022-08-01,TSLA,BUY,201,297.27667236328125,297.3361276977539,59764.561667248534,29.882280833624268,11.950522229004491,61105.82397685987
2022-08-01,TXN,BUY,376,159.286376953125,159.31823422851562,59903.656069921875,29.95182803496094,11.978335546873495,1172.2160789030386
2022-09-01,AAPL,SELL,378,154.93299865722656,154.9020120574951,58552.96055773315,29.276480278866575,11.712934698487686,59695.900156357326
2022-09-01,AMD,SELL,619,82.33000183105469,82.31353583068848,50952.078679196165,25.47603933959808,10.192454226682642,110622.5027962139
2022-09-01,COST,SELL,2,504.7405700683594,504.6396219543457,1009.2792439086915,0.5046396219543456,0.20189622802729446,111631.27740050064
2022-09-01,CVX,SELL,442,132.37295532226562,132.34648073120118,58497.144483190925,29.248572241595465,11.701769250483437,170099.17331144997
2022-09-01,LLY,SELL,1,299.5870361328125,299.5271187255859,299.5271187255859,0.14976355936279295,0.059917407226578234,170398.55066661618
2022-09-01,TMO,SELL,102,544.1961059570312,544.0872667358399,55496.901207055664,27.748450603527832,11.101600561520172,225867.70342306833
2022-09-01,TSLA,SELL,201,277.1600036621094,277.10457166137695,55698.01890393677,27.849009451968385,11.141832147217144,281537.87331755314
2022-09-01,TXN,SELL,376,148.02586364746094,147.99625847473146,55646.59318649903,27.823296593249513,11.131544946282702,337156.6432074589
2022-09-01,UNH,SELL,3,486.4015808105469,486.3043004943848,1458.9129014831544,0.7294564507415772,0.29184094848625364,338614.8266524913
2022-09-01,XOM,SELL,39,82.34125518798828,82.32478693695069,3210.6666905410766,1.6053333452705383,0.6422617904661649,341823.88800968707
2022-09-01,COP,BUY,611,93.12074279785156,93.13936694641113,56908.1532042572,28.454076602128602,11.379354769895613,284887.28072882775
2022-09-01,GS,BUY,187,304.3321838378906,304.3930502746582,56921.50040136108,28.46075020068054,11.382023675537994,227937.319577266
2022-09-01,MCD,BUY,242,235.02149963378906,235.06850393371582,56886.577951959225,28.443288975979616,11.375040582274664,171022.2983363308
2022-09-01,MRK,BUY,737,77.2481460571289,77.26359568634032,56943.27002083282,28.47163501041641,11.386376728814668,114050.55668048757
2022-09-01,PEP,BUY,373,152.60264587402344,152.63316640319823,56932.17106839294,28.46608553419647,11.384157382198111,57089.919526560436
2022-09-01,WMT,BUY,1327,42.88425827026367,42.89283512191772,56918.79220678481,28.459396103392407,11.38148214492211,142.66792367223388
2022-10-03,COST,SELL,112,455.6754150390625,455.5842799560547,51025.439355078124,25.512719677539064,10.207129296876701,51142.59455907282
2022-10-03,GS,SELL,187,272.9864807128906,272.93188341674806,51038.26219893189,25.519131099465945,10.20969437865881,102155.33762690524
2022-10-03,MCD,SELL,242,215.65859985351562,215.61546813354494,52178.943288317874,26.089471644158937,10.437876232906547,154308.19144357895
2022-10-03,PEP,SELL,373,145.89295959472656,145.86378100280763,54407.19031404724,27.203595157023624,10.883614785762802,208688.17816246918
2022-10-03,UNH,SELL,117,480.02227783203125,479.92627337646485,56151.37398504639,28.075686992523195,11.232521301268946,264811.47646052303
2022-10-03,WMT,SELL,1327,42.262420654296875,42.25396817016602,56071.015761810304,28.035507880905154,11.216446441646468,320854.4567144524
2022-10-03,XOM,SELL,691,80.63072967529297,80.61460352935791,55704.69103878632,27.852345519393158,11.14316684112731,376531.2954077193
2022-10-03,COP,BUY,1296,96.60320281982422,96.62252346038818,125222.79040466309,62.61139520233155,25.039550170894017,251245.8936078539
2022-10-03,LLY,BUY,401,311.6236267089844,311.68595143432617,124986.06652516479,62.493033262582394,24.99221486206011,126197.33404942654
2022-10-03,MRK,BUY,1612,78.22831726074219,78.24396292419434,126129.26823380127,63.06463411690063,25.22080948486189,5.001181508370792
2022-11-01,COP,SELL,1350,112.2484130859375,112.22596340332032,151505.05059448243,75.75252529724122,30.307071533191277,151434.29925069353
2022-11-01,LLY,SELL,408,341.6956787109375,341.6273395751953,139383.95454667968,69.69197727333984,27.882367382808752,290748.5618200998
2022-11-01,MRK,SELL,1648,89.13826751708984,89.12043986358643,146870.48489519043,73.43524244759521,29.37997297363154,437545.61147284263
2022-11-01,AMGN,BUY,258,241.98057556152344,242.02897167663573,62443.47469257202,31.221737346286005,12.486197698972603,375070.91504292435
2022-11-01,CAT,BUY,303,206.34075927734375,206.3820274291992,62533.75431104736,31.266877155523684,12.504250012205006,312505.89385472145
2022-11-01,CVX,BUY,403,155.07913208007812,155.11014790649415,62509.38960631714,31.25469480315857,12.499378045657522,249965.24955360114
2022-11-01,JPM,BUY,532,117.35246276855469,117.3759332611084,62443.99649490967,31.221998247454835,12.486302038575332,187490.03106044402
2022-11-01,NFLX,BUY,2180,28.674999237060547,28.68073423690796,62524.00063645935,31.262000318229674,12.50229966735887,124934.76842366644
2022-11-01,ORCL,BUY,849,73.58963775634766,73.60435568389893,62490.09797563019,31.245048987815093,12.495520491031712,62413.42539904843
2022-11-01,XOM,BUY,635,98.1656494140625,98.1852825439453,62347.65441540527,31.17382720770263,12.467037475581577,34.59715643545496
2022-12-01,AMGN,SELL,2,256.0777282714844,256.02651272583006,512.0530254516601,0.25602651272583005,0.10243109130863104,546.3941553743892
2022-12-01,CAT,SELL,8,222.57415771484375,222.5296428833008,1780.2371430664064,0.8901185715332033,0.35611865234363904,2325.7411798692624
2022-12-01,COP,SELL,557,108.5152587890625,108.49355573730469,60430.910545678715,30.215455272839357,12.088599829100701,62726.43627027514
2022-12-01,CVX,SELL,403,156.51028442382812,156.47898236694337,63061.02989387818,31.530514946939086,12.614728924556204,125755.93564920637
2022-12-01,JPM,SELL,5,124.76082611083984,124.73587394561768,623.6793697280884,0.3118396848640442,0.1247608261108013,126379.30317924959
2022-12-01,LLY,SELL,1,359.8988952636719,359.8269154846191,359.8269154846191,0.17991345774230957,0.07197977905275366,126738.95018127646
2022-12-01,MRK,SELL,31,98.10929107666016,98.08966921844483,3040.7797457717897,1.5203898728858949,0.6082776046752514,129778.20953717537
2022-12-01,NFLX,SELL,106,31.69499969482422,31.688660694885254,3358.998033657837,1.6794990168289183,0.6719339935302813,133135.52807181637
2022-12-01,ORCL,SELL,849,80.27007293701172,80.25401892242432,68135.66206513825,34.067831032569124,13.629858384699745,201237.12230592204
2022-12-01,XOM,SELL,635,97.97439575195312,97.95480087280274,62201.29855422974,31.10064927711487,12.442748260497325,263407.32021087466
2022-12-01,ABBV,BUY,464,141.46710205078125,141.49539547119142,65653.86349863281,32.8269317493164,13.128147070316572,197720.62978049254
2022-12-01,GS,BUY,186,352.5389709472656,352.60947874145506,65585.36304591064,32.79268152295531,13.114449719235608,132102.47405305895
2022-12-01,HON,BUY,330,198.7602996826172,198.8000517425537,65604.01707504272,32.80200853752136,13.118179779050934,66465.65496947871
2022-12-01,WMT,BUY,1344,48.90807342529297,48.91785503997803,65745.59717373046,32.87279858686524,13.14649013672124,687.1849971613847
2023-01-03,ABBV,SELL,464,142.12356567382812,142.09514096069336,65932.14540576172,32.96607270288086,13.189066894532516,66586.36433022023
2023-01-03,AMGN,SELL,256,234.3243865966797,234.27752171936035,59975.04556015625,29.987522780078127,11.997408593750151,126531.42236759639
2023-01-03,CAT,SELL,13,225.5866241455078,225.5415068206787,2932.039588668823,1.4660197943344115,0.5865252227783913,129461.99593647088
2023-01-03,GS,SELL,186,318.01165771484375,317.9480553833008,59138.33830129395,29.569169150646974,11.830033666986537,188570.7650686142
2023-01-03,HON,SELL,6,195.93515014648438,195.89596311645508,1175.3757786987305,0.5876878893493653,0.2351221801757788,189745.55315942358
2023-01-03,JPM,SELL,527,123.73519897460938,123.71045193481446,65195.40816964722,32.59770408482361,13.041689971921372,254908.36362498597
2023-01-03,LLY,SELL,182,354.7093200683594,354.6383782043457,64544.18483319092,32.272092416595456,12.91141925048646,319420.2763657603
2023-01-03,MRK,SELL,34,99.96454620361328,99.94455329437255,3398.114812008667,1.6990574060043335,0.6797589141847311,322816.69212036295
2023-01-03,WMT,SELL,1344,45.96516418457031,45.9559711517334,61764.825227929694,30.88241261396485,12.355436132809245,384550.6349356787
2023-01-03,AVGO,BUY,1207,52.72470474243164,52.735249683380125,63651.44636783981,31.8257231839199,12.727743724821146,320867.36284465494
2023-01-03,CVX,BUY,426,149.22036743164062,149.25021150512694,63580.590101184076,31.79029505059204,12.713575305170764,257254.98244842028
2023-01-03,GE,BUY,1224,52.000919342041016,52.01131952590942,63661.85509971313,31.830927549856565,12.729825054928426,193561.2964211573
2023-01-03,NFLX,BUY,84,29.4950008392334,29.500899839401246,2478.075586509705,1.2390377932548524,0.4955160140991808,191081.98179685435
2023-01-03,NKE,BUY,574,110.87747192382812,110.8996474182129,63656.3976180542,31.8281988090271,12.728733776857126,127393.75597999113
2023-01-03,ORCL,BUY,796,79.89787292480469,79.91385249938965,63611.42658951416,31.805713294757076,12.719741369628707,63750.52367718221
2023-01-03,XOM,BUY,676,94.18098449707031,94.19982069396973,63679.07878912354,31.839539394561772,12.733269104004137,39.60534866411035
2023-02-01,AVGO,SELL,15,57.41817855834961,57.40669492263794,861.1004238395691,0.4305502119197846,0.17225453567505156,900.2752222917596
2023-02-01,CVX,SELL,426,146.9647674560547,146.9353745025635,62594.469538092046,31.29723476904602,12.521398187249815,63463.44752561476
2023-02-01,GE,SELL,163,64.52808380126953,64.51517818450928,10515.974044075012,5.257987022037506,2.103615531920738,73974.16358266774
2023-02-01,HON,SELL,324,189.0047149658203,188.96691402282715,61225.280143396,30.612640071698,12.247505529783211,135168.83108599205
2023-02-01,MRK,SELL,636,96.22286987304688,96.20362529907227,61185.50569020997,30.592752845104982,12.239549047847788,196323.7440233569
2023-02-01,NFLX,SELL,266,36.19900131225586,36.191761511993406,9627.008562190245,4.813504281095123,1.9257868698127254,205945.93908126606
2023-02-01,NKE,SELL,8,120.9147720336914,120.89058907928467,967.1247126342773,0.4835623563171386,0.19346363525392007,206912.580231544
2023-02-01,ORCL,SELL,3,86.2611312866211,86.24387906036377,258.7316371810913,0.12936581859054563,0.05175667877198009,207171.1825029065
2023-02-01,XOM,SELL,676,101.45832061767578,101.43802895355225,68572.10757260132,34.286053786300656,13.717164947508536,275709.00402172154
2023-02-01,CAT,BUY,7,236.77723693847656,236.82459238586426,1657.77214670105,0.8288860733505249,0.3314881317139111,274050.4029889472
2023-02-01,JPM,BUY,531,128.7727508544922,128.79850540466308,68392.0063698761,34.19600318493805,13.6756661407413,205624.20061588613
2023-02-01,META,BUY,451,151.78707885742188,151.81743627319335,68469.6637592102,34.2348318796051,13.691194512935823,137120.3020247963
2023-02-01,MS,BUY,778,87.98681640625,88.00441376953125,68467.43391269531,34.233716956347656,13.690748632815826,68618.63439514465
2023-02-01,NVDA,BUY,3277,20.896570205688477,20.900749519729615,68491.75617615395,34.24587808807698,13.695612112811133,92.63234090262267
2023-03-01,CAT,SELL,289,235.95176696777344,235.9045766143799,68176.4226415558,34.088211320777894,13.638012130734808,68234.96677113764
2023-03-01,GE,SELL,28,65.95471954345703,65.94152859954833,1846.3628007873533,0.9231814003936766,0.36934642944351026,70080.4063905246
2023-03-01,JPM,SELL,13,131.5033721923828,131.47707151794435,1709.2019297332765,0.8546009648666383,0.3419087676999766,71788.753719293
2023-03-01,META,SELL,55,171.91033935546875,171.87595728759766,9453.177650817872,4.726588825408936,1.8910137329100962,81237.20478128546
2023-03-01,NKE,SELL,566,110.7187271118164,110.69658336639405,62654.266185379034,31.327133092689515,12.533359909052791,143860.1438335718
2023-03-01,NVDA,SELL,267,22.64767837524414,22.643148839569093,6045.7207401649475,3.0228603700824737,1.209386025237606,149902.84171336668
2023-03-01,AVGO,BUY,13,56.54368209838867,56.55499083480835,735.2148808525086,0.36760744042625426,0.14701357345582267,149167.25922507374
2023-03-01,LIN,BUY,203,334.39727783203125,334.46415728759763,67896.22392938232,33.948111964691165,13.576529479975022,81237.08718372672
2023-03-01,MRK,BUY,710,95.92605590820312,95.94524111938476,68121.12119476318,34.06056059738159,13.621499938961534,13081.905428366154
2023-03-01,MS,BUY,13,86.19464111328125,86.2118800415039,1120.7544405395508,0.5603772202697754,0.22410606689449253,11960.590610606332
2023-03-01,NFLX,BUY,283,31.347999572753906,31.354269172668456,8873.258175865172,4.4366290879325865,1.7742967758175574,3082.8958056532265
2023-03-01,ORCL,BUY,31,82.70722198486328,82.72376342926025,2564.4366663070678,1.282218333153534,0.5127847763058782,517.1769210130051
2023-04-03,AVGO,SELL,14,61.642417907714844,61.6300894241333,862.8212519378662,0.43141062596893315,0.1725987701415761,1379.5667623249024
2023-04-03,GE,SELL,68,76.04298400878906,76.0277754119873,5169.888728015137,2.584944364007568,1.0341845825194014,6546.870545976031
2023-04-03,JPM,SELL,518,120.07354736328125,120.0495326538086,62185.657914672855,31.092828957336426,12.439619506833935,68701.43563169155
2023-04-03,LIN,SELL,203,343.369140625,343.300466796875,69689.99475976563,34.84499737988281,13.940787109372138,138356.5853940773
2023-04-03,META,SELL,49,211.2152099609375,211.17296691894532,10347.475379028321,5.1737376895141605,2.0699090576167976,148698.8870354161
2023-04-03,MRK,SELL,710,98.60362243652344,98.58390171203614,69994.57021554565,34.997285107772825,14.001714385982922,218658.45996585395
2023-04-03,MS,SELL,791,78.10297393798828,78.08735334320069,61767.09649447175,30.883548247235872,12.355890476985124,280394.67291207844
2023-04-03,NFLX,SELL,66,34.827999114990234,34.82103351516724,2298.1882120010378,1.1490941060005189,0.45972958831784183,282691.71202997345
2023-04-03,NVDA,SELL,378,27.907737731933594,27.90215618438721,10547.015037698366,5.273507518849183,2.109824972533346,293233.45356015296
2023-04-03,ORCL,SELL,8,89.96829223632812,89.95029857788086,719.6023886230469,0.3598011943115234,0.14394926757813664,293952.6961475817
2023-04-03,ADBE,BUY,193,380.0799865722656,380.1560025695801,73370.10849592896,36.68505424796447,14.671087481692894,220545.90259740475
2023-04-03,AMD,BUY,760,96.55999755859375,96.57930955810546,73400.27526416015,36.70013763208007,14.677119628902915,147108.92719561252
2023-04-03,CRM,BUY,380,193.14846801757812,193.18709771118165,73411.09713024902,36.70554856512451,14.679283569339532,73661.12451679837
2023-04-03,MSFT,BUY,262,279.4527282714844,279.50861881713865,73231.25813009033,36.61562906504516,14.643322961421063,393.2507576430071
2023-05-01,ADBE,SELL,193,374.1499938964844,374.07516389770507,72196.50663225708,36.09825331612854,14.44218976440635,72553.65913658396
2023-05-01,GE,SELL,28,79.38538360595703,79.36950652923584,2222.346182818603,1.1111730914093016,0.4445581481934937,74774.89414631116
2023-05-01,META,SELL,39,241.0630645751953,241.0148519622803,9399.579226528931,4.699789613264466,1.880291903685901,84169.77358322682
2023-05-01,MSFT,SELL,12,297.28643798828125,297.2269807006836,3566.7237684082033,1.783361884204102,0.7134874511716589,87734.71398975082
2023-05-01,NFLX,SELL,2109,32.4119987487793,32.40551634902954,68343.2339801033,34.171616990051646,13.67138107223741,156043.77635286405
2023-05-01,NVDA,SELL,52,28.85080337524414,28.845033214569092,1499.9417271575928,0.7499708635787964,0.30004835510251837,157542.96810915807
2023-05-01,ORCL,SELL,816,91.25890350341797,91.24065172271729,74452.3718057373,37.22618590286865,14.89345305175516,231958.11372899252
2023-05-01,AMD,BUY,70,89.69000244140625,89.70794044189454,6279.555830932618,3.139777915466309,1.2556600341800106,225675.41812014443
2023-05-01,AVGO,BUY,25,61.208744049072266,61.22098579788208,1530.524644947052,0.765262322473526,0.30604372024534143,224144.1282128749
2023-05-01,CRM,BUY,2,194.42633056640625,194.46521583251953,388.93043166503907,0.19446521583251955,0.07777053222656605,223755.00331599402
2023-05-01,LIN,BUY,208,356.9946594238281,357.06605835571287,74269.74013798828,37.13487006899414,14.850977832026729,149448.12830793674
2023-05-01,LLY,BUY,188,395.6554870605469,395.73461815795895,74398.10821369628,37.19905410684814,14.876646313469791,75012.82104013361
2023-05-01,NKE,BUY,621,119.78009796142578,119.80405398101806,74398.31752221221,37.199158761106105,14.876688166803604,577.3043591602909
2023-06-01,AMD,SELL,138,119.47000122070312,119.44610722045898,16483.56279642334,8.24178139821167,3.2973720336914596,17052.62537418542
2023-06-01,AVGO,SELL,125,75.79254150390625,75.77738299560546,9472.172874450684,4.7360864372253415,1.894813537598239,26520.062162198876
2023-06-01,LIN,SELL,208,342.099853515625,342.03143354492187,71142.53817734375,35.57126908867188,14.23135390625157,97627.02907045395
2023-06-01,LLY,SELL,188,426.67474365234375,426.5894087036133,80198.80883627929,40.09940441813965,16.04297036132698,177785.7385023151
2023-06-01,META,SELL,2,270.2369079589844,270.1828605773926,540.3657211547852,0.2701828605773926,0.10809476318354427,178325.8340406093
2023-06-01,NKE,SELL,621,97.03572845458984,97.01632130889892,60247.13553282623,30.123567766413117,12.051837474061287,238542.84600566913
2023-06-01,NVDA,SELL,496,39.688568115234375,39.68063040161133,19681.59267919922,9.84079633959961,3.93710595702953,258214.59788852875
2023-06-01,AMZN,BUY,673,122.7699966430664,122.79455064239502,82640.73258233185,41.320366291165925,16.5248415481594,175532.54493990573
2023-06-01,CRM,BUY,13,209.27935791015625,209.32121378173827,2721.1757791625973,1.3605878895812986,0.5441263305662005,172810.00857285355
2023-06-01,GE,BUY,70,82.12359619140625,82.14002091064452,5749.801463745117,2.8749007318725583,1.1497303466791209,167057.33220837655
2023-06-01,GOOGL,BUY,674,122.63258361816406,122.65711013488769,82670.8922309143,41.33544611545715,16.53087227172358,84345.1045313468
2023-06-01,MSFT,BUY,5,324.2821350097656,324.34699143676755,1621.7349571838377,0.8108674785919189,0.3242821350096392,82722.55870668437
2023-06-01,NFLX,BUY,2050,40.3129997253418,40.32106232528687,82658.17776683808,41.32908888341905,16.528329887394122,23.051850962874596
2023-07-03,AMZN,SELL,15,130.22000122070312,130.193957220459,1952.909358306885,0.9764546791534425,0.3906600036619068,1974.9847545906061
2023-07-03,AVGO,SELL,77,84.53889465332031,84.52198687438965,6508.192989328003,3.2540964946640014,1.3018989776606986,8479.923647423946
2023-07-03,CRM,SELL,395,208.0506134033203,208.00900328063966,82163.55629585267,41.081778147926336,16.435998458857455,90602.39816512869
2023-07-03,GOOGL,SELL,674,118.8461685180664,118.8223992843628,80086.29711766054,40.04314855883027,16.020463516228915,170648.6521342304
2023-07-03,META,SELL,4,283.5301513671875,283.4734453369141,1133.8937813476564,0.5669468906738282,0.22682412109361394,171781.97896868738
2023-07-03,MSFT,SELL,255,329.5571594238281,329.49124799194334,84020.26823794555,42.01013411897278,16.807415130620313,255760.23707251396
2023-07-03,NFLX,SELL,108,44.14400100708008,44.135172206878664,4766.5985983428955,2.3832992991714477,0.9535104217526964,260524.45237155768
2023-07-03,NVDA,SELL,59,42.330535888671875,42.32206978149414,2497.0021171081544,1.248501058554077,0.49950032348618123,263020.2059876073
2023-07-03,ADBE,BUY,176,485.2099914550781,485.3070334533691,85414.03788779296,42.70701894389648,17.079391699214284,177563.46108087045
2023-07-03,AMD,BUY,48,115.81999969482422,115.84316369476318,5560.4718573486325,2.7802359286743163,1.1118719970700113,172000.20898759313
2023-07-03,GE,BUY,2,84.95600128173828,84.97299248199462,169.94598496398925,0.08497299248199464,0.03398240051268431,171830.17802963665
2023-07-03,ORCL,BUY,760,112.6908187866211,112.71335695037841,85662.1512822876,42.8310756411438,17.129004455561585,86125.19567170792
2023-07-03,TSLA,BUY,306,279.82000732421875,279.87597132568357,85642.04722565917,42.82102361282959,17.124984448233477,440.32742243590474
2023-08-01,ADBE,SELL,14,549.0999755859375,548.9901555908203,7685.8621782714845,3.8429310891357424,1.5374799316402914,8122.346669618253
2023-08-01,AVGO,SELL,9,88.74057006835938,88.7228219543457,798.5053975891113,0.39925269879455566,0.15973302612303542,8920.45281450857
2023-08-01,GE,SELL,5,88.8975830078125,88.87980349121094,444.3990174560547,0.22219950872802738,0.08889758300782091,9364.629632455897
2023-08-01,META,SELL,23,319.9007568359375,319.83677668457034,7356.245863745118,3.6781229318725592,1.4715434814447121,16717.197373269144
2023-08-01,NVDA,SELL,102,46.41657257080078,46.407289256286624,4733.543504141236,2.3667717520706177,0.9468980804440008,21448.37410565831
2023-08-01,ORCL,SELL,760,113.81993865966797,113.79717467193603,86485.85275067139,43.24292637533569,17.30063067627043,107890.98392995437
2023-08-01,AMD,BUY,19,117.5999984741211,117.62351847381592,2234.8468510025023,1.117423425501251,0.44687999420170854,105655.01965552637
2023-08-01,AMZN,BUY,19,131.69000244140625,131.71634044189452,2502.6104683959957,1.251305234197998,0.5004220092770595,103151.15788189617
2023-08-01,GOOGL,BUY,684,130.3937530517578,130.41983180236815,89207.16495281982,44.60358247640991,17.83786541747145,13899.389346599943
2023-08-01,NFLX,BUY,93,43.86199951171875,43.87077191162109,4079.9817877807614,2.0399908938903804,0.815833190917715,9817.367567925292
2023-08-01,TSLA,BUY,35,261.07000732421875,261.1222213256836,9139.277746398926,4.569638873199463,1.827490051269649,673.5201826531666
2023-09-01,ADBE,SELL,6,563.2100219726562,563.0973799682617,3378.5842798095705,1.6892921399047853,0.6758520263670107,4050.415170322832
2023-09-01,AMD,SELL,759,109.44999694824219,109.42810694885254,83055.93317417908,41.52796658708954,16.614509536738936,87064.82037791482
2023-09-01,AMZN,SELL,38,138.1199951171875,138.09237111816407,5247.510102490234,2.623755051245117,1.0497119628904557,92309.70672535381
2023-09-01,GE,SELL,1004,89.69847106933594,89.68053137512207,90039.25350062257,45.01962675031128,18.01145299072067,182303.94059922607
2023-09-01,GOOGL,SELL,28,134.46766662597656,134.44077309265137,3764.3416465942382,1.8821708232971193,0.7530189331054089,186066.40007499701
2023-09-01,NFLX,SELL,28,43.987998962402344,43.979201362609864,1231.4176381530763,0.6157088190765381,0.24633279418944198,187297.20200433102
2023-09-01,NVDA,SELL,99,48.41468048095703,48.40499754486084,4792.094756941223,2.3960473784706116,0.9586106735228626,192086.90071389376
2023-09-01,AVGO,BUY,44,84.16077423095703,84.17760638580322,3703.8146809753416,1.851907340487671,0.7406148132321277,188381.23412557793
2023-09-01,LLY,BUY,161,545.7498168945312,545.8589668579101,87883.29366412353,43.941646832061764,17.57314410399556,100453.99881462235
2023-09-01,META,BUY,21,293.7999572753906,293.8587172668457,6171.033062603759,3.08551653130188,1.2339598205566062,94279.88023548729
2023-09-01,ORCL,BUY,756,116.73516845703125,116.75851549072266,88269.43771098633,44.13471885549317,17.650357470704535,5966.307805645469
2023-09-01,TSLA,BUY,19,245.00999450683594,245.0589965057373,4656.120933609009,2.3280604668045046,0.931037979125847,1307.8588115696557
2023-10-02,AMZN,SELL,639,129.4600067138672,129.4341147125244,82708.3993013031,41.35419965065155,16.544988858038067,83974.90391322211
2023-10-02,AVGO,SELL,1049,80.97553253173828,80.95933742523194,84926.3449590683,42.46317247953415,16.98866672515571,168858.7856998109
2023-10-02,GOOGL,SELL,25,132.99075317382812,132.96415502319337,3324.1038755798345,1.6620519377899174,0.6649537658688587,172181.22752345292
2023-10-02,LLY,SELL,2,527.3134765625,527.2080138671876,1054.4160277343751,0.5272080138671876,0.21092539062487958,173235.11634317343
2023-10-02,META,SELL,24,304.1491394042969,304.088309576416,7298.119429833984,3.6490597149169925,1.4599158691407865,180529.5867132925
2023-10-02,NFLX,SELL,2007,38.03300094604492,38.025394345855716,76316.96645213242,38.15848322606621,15.266446579736225,256808.39468219882
2023-10-02,ORCL,SELL,756,103.0084228515625,102.98782116699219,77858.7928022461,38.92939640112305,15.574873535153586,334628.2580880438
2023-10-02,TSLA,SELL,360,251.60000610351562,251.5496861022949,90557.88699682617,45.278943498413085,18.115200439456203,425140.86614137155
2023-10-02,ADBE,BUY,5,521.1300048828125,521.234230883789,2606.1711544189448,1.3030855772094725,0.5211300048824796,422533.3919013754
2023-10-02,AMGN,BUY,343,244.83895874023438,244.88792653198243,83996.55880046997,41.998279400234985,16.795952569582823,338494.8348215052
2023-10-02,CAT,BUY,322,260.506103515625,260.5582047363281,83899.74192509765,41.94987096254883,16.776593066396117,254553.143025445
2023-10-02,COP,BUY,783,107.18596649169922,107.20740368499756,83943.39708535309,41.97169854267655,16.78532235259999,170567.77424154922
2023-10-02,COST,BUY,152,549.04541015625,549.1552192382812,83471.59332421875,41.73579666210937,16.69098046874751,87054.44512066837
2023-10-02,NVDA,BUY,55,44.6986198425293,44.7075595664978,2458.915776157379,1.2294578880786895,0.4916848182676503,84594.29988662292
2023-10-02,XOM,BUY,801,104.77803802490234,104.79899363250732,83943.99389963836,41.97199694981918,16.78544169158502,608.3339900347346
2023-11-01,ADBE,SELL,12,544.5,544.3911,6532.693200000001,3.2663466000000003,1.3067999999993845,7137.760843434735
2023-11-01,AMGN,SELL,343,239.80996704101562,239.76200504760743,82238.36773132934,41.119183865664674,16.45096373901049,89335.00939089841
2023-11-01,CAT,SELL,322,223.4108123779297,223.36613021545412,71923.89392937622,35.96194696468811,14.38765631713261,161222.94137330994
2023-11-01,COP,SELL,21,106.79236602783203,106.77100755462646,2242.1911586471556,1.121095579323578,0.44852793731689644,163464.01143637777
2023-11-01,COST,SELL,152,535.1007690429688,534.9937488891602,81319.04983115236,40.65952491557618,16.267063378899365,244742.40174261454
2023-11-01,GOOGL,SELL,631,125.33859252929688,125.31352481079102,79072.83415560913,39.536417077804565,15.817730377192674,323775.6994811459
2023-11-01,LLY,SELL,10,543.1536865234375,543.0450557861328,5430.450557861328,2.715225278930664,1.0863073730467931,329203.43481372826
2023-11-01,META,SELL,13,309.13531494140625,309.07348787841795,4017.9553424194332,2.0089776712097165,0.8037518188478998,333219.3811784765
2023-11-01,XOM,SELL,801,95.72560119628906,95.7064560760498,76660.87131691589,38.330435658457944,15.335241311646072,409841.92205973394
2023-11-01,AMZN,BUY,594,137.0,137.0274,81394.2756,40.6971378,16.275600000000054,328406.94932193396
2023-11-01,AVGO,BUY,984,82.7202377319336,82.73678177947998,81412.99327100831,40.70649663550415,16.279342785647373,246953.24955429015
2023-11-01,IBM,BUY,614,132.55845642089844,132.58496811218262,81407.17042088012,40.70358521044006,16.278178448489427,165505.37554819958
2023-11-01,NFLX,BUY,1937,42.01900100708008,42.02740480728149,81407.08311170425,40.70354155585213,16.278160990138836,84057.58889493947
2023-11-01,NVDA,BUY,48,42.246192932128906,42.25464217071533,2028.2228241943358,1.014111412097168,0.4055634521482716,82028.35195933304
2023-11-01,UNH,BUY,162,502.2923583984375,502.3928168701172,81387.63633295898,40.69381816647949,16.2742724121116,600.021808207588
2023-12-01,ADBE,SELL,7,612.469970703125,612.3474767089843,4286.43233696289,2.143216168481445,0.8574579589845825,4884.310929001997
2023-12-01,AMZN,SELL,594,147.02999877929688,147.00059277954102,87318.35211104737,43.65917605552368,17.467163854976093,92159.00386399384
2023-12-01,AVGO,SELL,984,90.1937026977539,90.17566395721435,88732.85333389892,44.366426666949465,17.75012069091929,180847.49077122583
2023-12-01,COP,SELL,762,106.00611877441406,105.98491755065918,80760.5071736023,40.380253586801146,16.155332501223285,261567.61769124132
2023-12-01,IBM,SELL,24,148.03042602539062,148.00081994018555,3552.019678564453,1.7760098392822263,0.7105460449217844,265117.8613599665
2023-12-01,NFLX,SELL,61,46.57400131225586,46.56468651199341,2840.445877231598,1.420222938615799,0.5682028160095527,267956.88701425947
2023-12-01,NVDA,SELL,1927,46.677921295166016,46.66858571090698,89930.36466491775,44.96518233245887,17.98967086715878,357842.2864968448
2023-12-01,UNH,SELL,162,518.7581787109375,518.6544270751954,84022.01718618165,42.01100859309082,16.80776499022477,441822.2926744333
2023-12-01,AMD,BUY,719,121.38999938964844,121.41427738952636,87296.86544306946,43.64843272153473,17.45588191222744,354481.77879864234
2023-12-01,AMGN,BUY,346,252.453369140625,252.5038598144531,87366.33549580077,43.683167747900384,17.469773144525334,267071.76013509365
2023-12-01,CRM,BUY,341,255.57835388183594,255.6294695526123,87169.6491174408,43.5848245587204,17.4304437347418,179858.52619309412
2023-12-01,LLY,BUY,3,573.1876831054688,573.3023206420899,1719.9069619262696,0.8599534809631348,0.3439126098633096,178137.75927768688
2023-12-01,META,BUY,8,321.992431640625,322.0568301269531,2576.454641015625,1.2882273205078125,0.5151878906249294,175560.01640935076
2023-12-01,MSFT,BUY,238,366.681884765625,366.75522114257814,87287.7426319336,43.6438713159668,17.4540577148465,88228.6299061012
2023-12-01,QCOM,BUY,709,123.12989807128906,123.15452405090332,87316.55755209045,43.65827877604522,17.459819546508015,868.4140752347012
2024-01-02,ADBE,SELL,142,580.0700073242188,579.953993322754,82353.46705183106,41.17673352591553,16.47398820800231,83180.70439353984
2024-01-02,AMD,SELL,69,138.5800018310547,138.55228583068848,9560.107722317505,4.780053861158753,1.9124040252686143,92736.03206199619
2024-01-02,AMGN,SELL,19,275.56292724609375,275.50781466064456,5234.648478552246,2.6173242392761233,1.0471391235346914,97968.06321630915
2024-01-02,IBM,SELL,590,148.90635681152344,148.87657554016113,87837.17956869506,43.91858978434753,17.57095010376304,185761.32419521987
2024-01-02,LLY,SELL,152,581.1961059570312,581.0798667358398,88324.13974384766,44.162069871923826,17.668361621100303,274041.3018691956
2024-01-02,META,SELL,9,343.2754821777344,343.20682708129885,3088.8614437316896,1.5444307218658448,0.6178958679196853,277128.6188822054
2024-01-02,MSFT,SELL,238,363.117919921875,363.04529633789065,86404.78052841798,43.20239026420899,17.284412988275903,363490.19702035916
2024-01-02,NFLX,SELL,1876,46.849998474121094,46.84062847442627,87873.01901802368,43.93650950901184,17.57811942749356,451319.27952887386
2024-01-02,QCOM,SELL,32,133.15728759765625,133.13065614013672,4260.180996484375,2.1300904982421875,0.8522066406248996,455577.33043485996
2024-01-02,AVGO,BUY,853,105.74687194824219,105.76802132263184,90220.12218820496,45.11006109410248,18.040416354372425,365312.0981855609
2024-01-02,BAC,BUY,2822,31.962711334228516,31.96910387649536,90216.81113946991,45.108405569734956,18.039754277035783,275050.17864052125
2024-01-02,CAT,BUY,319,282.0799255371094,282.1363415222168,90001.49294558716,45.00074647279358,17.996699249271785,185003.6849484613
2024-01-02,COST,BUY,140,640.6864624023438,640.8145996948242,89714.0439572754,44.8570219786377,17.939220947264403,95244.78396920727
2024-01-02,CRM,BUY,17,251.774169921875,251.82452475585936,4281.016920849609,2.1405084604248046,0.8560321777340789,90961.62653989725
2024-01-02,GS,BUY,245,367.9671936035156,368.04078704223633,90169.9928253479,45.08499641267395,18.030392486573135,746.548718136677
2024-02-01,AMD,SELL,80,170.47999572753906,170.44589972839356,13635.671978271484,6.817835989135743,2.727679931640523,14375.402860419026
2024-02-01,AMGN,SELL,4,300.73876953125,300.6786217773438,1202.714487109375,0.6013572435546876,0.2405910156248865,15577.515990284846
2024-02-01,AVGO,SELL,21,116.91510009765625,116.89171707763673,2454.7260586303714,1.2273630293151856,0.49104342040998006,18031.0146858859
2024-02-01,BAC,SELL,2822,31.632705688476562,31.626379147338866,89249.64195379028,44.62482097689514,17.853499090578225,107236.0318186993
2024-02-01,CAT,SELL,319,297.8896179199219,297.8300399963379,95007.78275883179,47.5038913794159,19.005357623282805,202196.31068615167
2024-02-01,CRM,SELL,10,278.9736022949219,278.91780757446287,2789.1780757446286,1.3945890378723143,0.5579472045900502,204984.09417285843
2024-02-01,GS,SELL,245,363.750244140625,363.67749409179686,89100.98605249023,44.55049302624512,17.82376196289448,294040.52973232244
2024-02-01,META,SELL,14,391.3433837890625,391.26511511230467,5477.711611572266,2.738855805786133,1.095761474609617,299515.5024880889
2024-02-01,QCOM,SELL,677,133.99293518066406,133.96613659362794,90695.07447388611,45.347537236943054,18.142643423457173,390165.2294247381
2024-02-01,IBM,BUY,564,172.32568359375,172.36014873046875,97211.12388398437,48.605561941992185,19.43833710937554,292905.4999788117
2024-02-01,LLY,BUY,150,648.1582641601562,648.2878958129883,97243.18437194824,48.62159218597412,19.44474792480264,195613.6940146775
2024-02-01,NFLX,BUY,1715,56.750999450683594,56.76234965057373,97347.42965073395,48.67371482536697,19.465592811587378,98217.59064911817
2024-02-01,NVDA,BUY,1547,62.91516876220703,62.92775179595947,97349.2320283493,48.67461601417465,19.465953215027717,819.6840047546866
2024-03-01,AMD,SELL,29,202.63999938964844,202.5994713897705,5875.384670303345,2.9376923351516724,1.175311996459783,6692.13098272288
2024-03-01,AMGN,SELL,323,261.78564453125,261.73328740234376,84539.85183095704,42.26992591547852,16.911352636714696,91189.71288776444
2024-03-01,AVGO,SELL,28,136.31893920898438,136.29167542114257,3816.166911791992,1.908083455895996,0.7633860595705073,95003.97171610054
2024-03-01,IBM,SELL,564,175.10630798339844,175.07128672180175,98740.20571109619,49.37010285554809,19.751991540528934,193694.80732434118
2024-03-01,LLY,SELL,8,768.9324951171875,768.778708618164,6150.229668945312,3.0751148344726564,1.230291992187631,199841.961878452
2024-03-01,META,SELL,28,498.4556884765625,498.3559973388672,13953.967925488281,6.976983962744141,2.791351855468065,213788.95281997754
2024-03-01,NVDA,SELL,212,82.13300323486328,82.11657663421632,17408.71424645386,8.70435712322693,3.4824393371567908,231188.96270930817
2024-03-01,COST,BUY,8,739.0484619140625,739.1962716064453,5913.570172851562,2.956785086425781,1.1824775390623472,225272.43575137018
2024-03-01,CRM,BUY,4,311.4910583496094,311.5533565612793,1246.2134262451173,0.6231067131225586,0.24919284667976171,224025.59921841195
2024-03-01,GE,BUY,879,124.73604583740234,124.76099304656982,109664.91288793487,54.83245644396744,21.928596858213993,114305.85387403311
2024-03-01,NFLX,BUY,56,61.933998107910156,61.94638490753174,3468.997554821777,1.7344987774108886,0.6936607788085212,110835.12182043392
2024-03-01,QCOM,BUY,704,155.65090942382812,155.68203960571287,109600.15588242187,54.80007794121093,21.91564804686277,1180.165860070847
2024-04-01,COST,SELL,148,711.239501953125,711.0972540527343,105242.39359980468,52.621196799902336,21.052689257817292,106369.93826307563
2024-04-01,CRM,SELL,352,297.5077819824219,297.4482804260254,104701.79470996094,52.35089735498047,20.944547851557218,211019.38207568158
2024-04-01,GE,SELL,85,137.87400817871094,137.8464333770752,11716.946837051391,5.858473418525696,2.3438581390388435,222730.47043931443
2024-04-01,NVDA,SELL,121,90.20689392089844,90.18885254211426,10912.851157595825,5.456425578797913,2.183006832885269,233637.86517133148
2024-04-01,QCOM,SELL,36,163.8872833251953,163.85450586853028,5898.762211267091,2.9493811056335453,1.1799884399410985,239533.67800149292
2024-04-01,AMD,BUY,56,183.33999633789062,183.3766643371582,10269.093202880858,5.134546601440429,2.0534079589835983,229259.45025201063
2024-04-01,AVGO,BUY,25,132.11395263671875,132.14037542724608,3303.5093856811523,1.6517546928405762,0.6605697631833607,225954.28911163664
2024-04-01,CAT,BUY,311,352.1542663574219,352.22469721069336,109541.88083252564,54.770940416262825,21.903995367433083,116357.63733869474
2024-04-01,DIS,BUY,926,118.21503448486328,118.23867749176026,109489.01535737,54.744507678685,21.893424386599122,6813.877473646062
2024-04-01,LLY,BUY,4,747.7262573242188,747.8758025756836,2991.5032103027343,1.495751605151367,0.59818100585926,3820.8785117381763
2024-04-01,META,BUY,4,487.58953857421875,487.6870564819336,1950.7482259277344,0.9753741129638672,0.3900716308594383,1869.154911697478
2024-04-01,NFLX,BUY,12,61.430999755859375,61.443285955810545,737.3194314697265,0.3686597157348633,0.14743439941403835,1131.4668205120165
2024-05-01,AMD,SELL,597,144.27000427246094,144.24115027160644,86111.96671214905,43.05598335607452,17.22583851013303,87200.37754930499
2024-05-01,CAT,SELL,311,321.69329833984375,321.6289596801758,100026.60646053468,50.01330323026734,20.0093231567335,187176.9707066094
2024-05-01,GE,SELL,144,157.60853576660156,157.57701405944826,22691.090024560548,11.345545012280274,4.539125830075591,209856.71518615767
2024-05-01,LLY,SELL,12,763.653076171875,763.5003455566407,9162.004146679688,4.581002073339844,1.832767382811653,219014.13833076402
2024-05-01,META,SELL,224,435.8287353515625,435.7415696044922,97606.11159140625,48.80305579570313,19.525127343744316,316571.4468663746
2024-05-01,NFLX,SELL,1783,55.17100143432617,55.15996723403931,98350.22157829208,49.17511078914604,19.673979111480044,414872.49333387753
2024-05-01,QCOM,SELL,14,156.62440490722656,156.59308002624513,2192.303120367432,1.096151560183716,0.438548333740016,417063.7003026848
2024-05-01,AVGO,BUY,14,121.60559844970703,121.62991956939698,1702.8188739715577,0.8514094369857789,0.3404956756592128,415360.03001927625
2024-05-01,BAC,BUY,2923,35.08382034301758,35.09083710708618,102570.51686401291,51.28525843200646,20.51000137252452,312738.22789683135
2024-05-01,DIS,BUY,28,107.4664535522461,107.48794684295655,3009.6625116027835,1.5048312558013917,0.6018121398926723,309727.0605539728
2024-05-01,GOOGL,BUY,631,162.41978454589844,162.4522685028076,102507.3814252716,51.2536907126358,20.497376809689456,207168.42543798854
2024-05-01,GS,BUY,251,407.4604797363281,407.5419718322754,102293.03492990113,51.14651746495056,20.45451608276801,104824.24399062246
2024-05-01,JPM,BUY,560,183.1092071533203,183.14582899475099,102561.66423706056,51.28083211853028,20.50823120117684,2211.2989214433765
2024-05-01,NVDA,BUY,23,82.89752960205078,82.91410910797119,1907.0245094833372,0.9535122547416686,0.38132863616930024,303.3208997052975
2024-06-03,AVGO,SELL,843,129.33914184570312,129.31327401733398,109011.08999661254,54.50554499830627,21.80657931518823,109259.90535131954
2024-06-03,DIS,SELL,954,99.96673583984375,99.94674249267578,95349.1923380127,47.67459616900635,19.07365319824197,204561.42309316323
2024-06-03,JPM,SELL,560,192.6149139404297,192.5763909576416,107842.7789362793,53.921389468139644,21.572870361333116,312350.2806399744
2024-06-03,LLY,SELL,134,818.6370239257812,818.4732965209961,109675.42173381348,54.83771086690674,21.939472241211888,421970.86466292094
2024-06-03,NVDA,SELL,257,114.80134582519531,114.77838555603027,29498.04508789978,14.74902254394989,5.900789175415255,451454.16072827677
2024-06-03,QCOM,SELL,84,197.32315063476562,197.28368600463867,16571.829624389648,8.285914812194823,3.3150289306644254,468017.70443785423
2024-06-03,BAC,BUY,49,37.86583709716797,37.8734102645874,1855.7971029647827,0.9278985514823913,0.3710852035520773,466160.97943633795
2024-06-03,COST,BUY,139,805.374755859375,805.5358308105468,111969.48048266601,55.98474024133301,22.389418212883925,354135.5142134306
2024-06-03,GE,BUY,56,159.34548950195312,159.37735859985352,8925.132081591797,4.462566040795899,1.7846694824222595,345205.91956579796
2024-06-03,GOOGL,BUY,24,171.64796447753906,171.68229407043458,4120.3750576904295,2.0601875288452147,0.8239102294924123,341083.4843205787
2024-06-03,GS,BUY,6,436.8387145996094,436.9260823425293,2621.556494055176,1.310778247027588,0.52420645751954,338460.6170482765
2024-06-03,NFLX,BUY,1775,63.37900161743164,63.391677417755126,112520.22741651535,56.26011370825768,22.49954557418672,225884.12951805285
2024-06-03,TXN,BUY,617,182.13172912597656,182.16815547180175,112397.75192610169,56.198875963050845,22.475055374142983,113430.17871598812
2024-06-03,WMT,BUY,1742,64.61075592041016,64.62367807159424,112574.44720071717,56.28722360035859,22.51038736267668,799.4442916705884
2024-07-01,BAC,SELL,2972,38.2203254699707,38.21268140487671,113568.08913529359,56.784044567646795,22.71816145934278,114310.74938239653
2024-07-01,COST,SELL,1,835.28271484375,835.1156583007813,835.1156583007813,0.41755782915039064,0.16705654296868033,115145.44748286817
2024-07-01,GOOGL,SELL,20,181.58982849121094,181.5535105255127,3631.070210510254,1.8155351052551272,0.7263593139646218,118774.70215827317
2024-07-01,GS,SELL,257,445.17254638671875,445.0835118774414,114386.46255250245,57.193231276251225,22.881868884272762,233103.97147949936
2024-07-01,NFLX,SELL,63,67.36100006103516,67.34752786102295,4242.894255244446,2.121447127622223,0.8487486007687579,237344.7442876162
2024-07-01,NVDA,SELL,51,124.09546661376953,124.07064752044678,6327.603023542786,3.163801511771393,1.2657737594601315,243669.1835096472
2024-07-01,TXN,SELL,617,182.95912170410156,182.92252987976076,112863.20093581239,56.43160046790619,22.577155618275583,356475.9528449917
2024-07-01,WMT,SELL,1742,66.24027252197266,66.22702446746827,115367.47662232972,57.68373831116486,23.078110946643193,471785.74572901026
2024-07-01,AVGO,BUY,716,161.0511474609375,161.0833576904297,115335.68410634766,57.66784205317383,23.062524316410418,356392.3937806094
2024-07-01,GE,BUY,29,156.8881072998047,156.91948492126465,4550.665062716675,2.2753325313583375,0.9099510223390439,351839.4533853614
2024-07-01,LLY,BUY,128,900.4849243164062,900.6650213012695,115285.12272656249,57.64256136328124,23.052414062491152,236496.68809743563
2024-07-01,META,BUY,230,501.31475830078125,501.4150212524414,115325.45488806153,57.662727444030764,23.060478881839117,121113.57048193007
2024-07-01,ORCL,BUY,826,139.6182098388672,139.64613348083495,115347.70625516967,57.67385312758484,23.06492826536993,5708.1903736328095
2024-07-01,QCOM,BUY,29,191.68832397460938,191.72666163940428,5560.073187542725,2.7800365937713623,1.1117922790523664,145.33714949631394
2024-08-01,COST,SELL,138,808.0048828125,807.8432818359375,111482.37289335938,55.741186446679684,22.30093476561865,111571.96885640902
2024-08-01,GE,SELL,93,167.8104705810547,167.77690848693848,15603.252489285278,7.801626244642639,3.1212747528071816,127167.41971944965
2024-08-01,GOOGL,SELL,635,169.45338439941406,169.41949372253418,107581.3785138092,53.7906892569046,21.520579818722467,234695.00754400197
2024-08-01,LLY,SELL,128,819.7991943359375,819.6352344970703,104913.310015625,52.4566550078125,20.986859374999767,339555.86090461916
2024-08-01,META,SELL,230,494.4210205078125,494.322136303711,113694.09134985352,56.84704567492676,22.74336694335034,453193.10520879773
2024-08-01,NFLX,SELL,1712,62.48500061035156,62.472503610229495,106952.9261807129,53.476463090356454,21.39486420897947,560092.5549264203
2024-08-01,ORCL,SELL,25,134.5524444580078,134.52553396911622,3363.1383492279056,1.6815691746139527,0.6727622222896912,563454.0117064737
2024-08-01,QCOM,SELL,599,157.160888671875,157.12945649414064,94120.54443999025,47.06027221999513,18.827874462881255,657527.4958742439
2024-08-01,AAPL,BUY,498,216.2981414794922,216.34140110778807,107738.01775167846,53.86900887583923,21.543294891350968,549735.6091136896
2024-08-01,AVGO,BUY,31,144.3060760498047,144.33493726501464,4474.383055215454,2.237191527607727,0.8946976715086805,545258.9888669465
2024-08-01,GS,BUY,224,480.17877197265625,480.27480772705076,107581.55693085937,53.79077846542968,21.51200898436946,437623.64115762175
2024-08-01,NVDA,BUY,59,109.0302963256836,109.05210238494872,6434.074040711975,3.217037020355987,1.286557496642743,431186.3500798894
2024-08-01,TSLA,BUY,497,216.86000061035156,216.90337261047364,107800.9761874054,53.90048809370269,21.55588406067193,323331.47340439033
2024-08-01,TXN,BUY,589,182.94839477539062,182.9849844543457,107778.15584360961,53.88907792180481,21.551320904534748,215499.42848285893
2024-08-01,UNH,BUY,196,547.4924926757812,547.6019911743164,107329.990270166,53.664995135083004,21.46170571288303,108115.77321755784
2024-08-01,WMT,BUY,1573,68.50782012939453,68.52152169342041,107784.3536237503,53.892176811875146,21.552560212708485,277.5274169956683
2024-09-03,AAPL,SELL,2,220.9219512939453,220.87776690368653,441.75553380737307,0.22087776690368655,0.08836878051755548,719.0620730361377
2024-09-03,AVGO,SELL,16,149.96954345703125,149.93954954833984,2399.0327927734374,1.1995163963867188,0.4799025390625502,3116.8953494131883
2024-09-03,TSLA,SELL,497,210.60000610351562,210.55788610229493,104647.26939284058,52.323634696420285,20.933640606685543,107711.84110755734
2024-09-03,TXN,SELL,15,190.991943359375,190.95374497070313,2864.306174560547,1.4321530872802735,0.5729758300780929,110574.7151290306
2024-09-03,UNH,SELL,196,572.2589721679688,572.1445203735352,112140.3259932129,56.07016299660645,22.432551708972824,222658.97095924692
2024-09-03,WMT,SELL,130,75.96817016601562,75.95297653198243,9873.886949157715,4.936943474578857,1.9751724243154456,232527.92096493006
2024-09-03,GE,BUY,33,162.3338165283203,162.36628329162596,5358.087348623657,2.679043674311828,1.0714031890864248,227167.1545726321
2024-09-03,GS,BUY,8,470.7924499511719,470.8866084411621,3767.0928675292967,1.8835464337646484,0.7532679199216545,223398.17815866903
2024-09-03,KO,BUY,1589,68.98187255859375,68.99566893310546,109634.11793470458,54.81705896735229,21.922439099112495,113709.2431649971
2024-09-03,LLY,BUY,116,943.321044921875,943.5097091308594,109447.12625917968,54.72356312958985,21.88504824218944,4207.393342687821
2024-09-03,NVDA,BUY,29,107.8222885131836,107.84385297088623,3127.471736155701,1.5637358680778506,0.6253692733765064,1078.3578706640424
2024-09-03,ORCL,BUY,2,136.49961853027344,136.52691845397948,273.05383690795895,0.1365269184539795,0.054599847412077906,805.1675068376294
2024-10-01,AVGO,SELL,33,164.91921997070312,164.88623612670898,5441.245792181397,2.7206228960906986,1.0884668518067997,6243.692676122935
2024-10-01,GE,SELL,51,184.4441680908203,184.40727925720216,9404.771242117311,4.702385621058656,1.8813305145256436,15643.761532619188
2024-10-01,GS,SELL,232,473.4097595214844,473.31507756958007,109809.09799614258,54.90454899807129,21.966212841799006,125397.95497976369
2024-10-01,KO,SELL,1589,68.21810150146484,68.20445788116456,108376.88357317049,54.188441786585244,21.679712657154255,233720.6501111476
2024-10-01,LLY,SELL,116,872.2659301757812,872.0914769897461,101162.61133081054,50.58130566540527,20.236569580080868,334832.68013629277
2024-10-01,NVDA,SELL,1017,116.81746673583984,116.79410324249268,118779.60299761506,59.38980149880752,23.76067273406379,453552.89333240903
2024-10-01,ORCL,SELL,99,163.56472778320312,163.5320148376465,16189.669468927004,8.094834734463502,3.238581610105882,469734.4679666016
2024-10-01,TXN,SELL,574,190.77432250976562,190.73616764526366,109482.56022838135,54.74128011419068,21.90089222412621,579162.2869148687
2024-10-01,WMT,SELL,4,80.00431060791016,79.98830974578857,319.9532389831543,0.15997661949157713,0.06400344848634631,579482.0801772324
2024-10-01,AAPL,BUY,17,224.33340454101562,224.37827122192382,3814.430610772705,1.9072153053863528,0.7627335754393982,575665.7423511543
2024-10-01,HD,BUY,294,391.4366149902344,391.5149023132324,115105.38128009034,57.552690640045164,23.016472961426985,460502.8083804239
2024-10-01,IBM,BUY,553,207.9178009033203,207.95938446350098,115001.53960831604,57.500769804158026,22.995708779910018,345443.7680023037
2024-10-01,LOW,BUY,439,262.0816345214844,262.13405084838865,115076.84832244262,57.53842416122131,23.010767510978383,230309.3812556999
2024-10-01,META,BUY,200,573.1723022460938,573.286936706543,114657.3873413086,57.328693670654296,22.92689208984484,115594.66522072065
2024-10-01,TSLA,BUY,446,258.0199890136719,258.0715930114746,115099.93048311767,57.54996524155884,23.015383020010972,437.18477236141916
2024-11-01,AAPL,SELL,513,221.060791015625,221.01657885742188,113381.50495385742,56.69075247692871,22.68083715820231,113761.99897374191
2024-11-01,AVGO,SELL,23,166.3471221923828,166.31385276794433,3825.2186136627197,1.9126093068313599,0.7651967620851963,117585.3049780978
2024-11-01,GE,SELL,624,169.98960876464844,169.9556108428955,106052.3011659668,53.026150582983405,21.21470317382682,223584.57999348163
2024-11-01,HD,SELL,294,375.6853942871094,375.61025720825194,110429.41561922607,55.21470780961304,22.090301184086684,333958.78090489807
2024-11-01,IBM,SELL,553,197.39630126953125,197.35682200927735,109138.32257113038,54.56916128556519,21.832030920405856,443042.5343147429
2024-11-01,LOW,SELL,439,252.8642120361328,252.81363919372558,110985.18760604553,55.492593803022764,22.201477816775935,553972.2293269854
2024-11-01,META,SELL,1,563.9154663085938,563.8026832153321,563.8026832153321,0.281901341607666,0.11278309326166891,554535.7501088592
2024-11-01,ORCL,SELL,30,166.73728942871094,166.7039419708252,5001.118259124756,2.500559129562378,1.0004237365717472,559534.3678088543
2024-11-01,WMT,SELL,50,80.90999603271484,80.8938140335083,4044.6907016754153,2.0223453508377074,0.8090999603268756,563577.0361651789
2024-11-01,ABBV,BUY,585,192.13059997558594,192.16902609558105,112418.88026591491,56.209440132957454,22.479280197138394,451101.946459131
2024-11-01,CSCO,BUY,2108,53.327232360839844,53.33789780731201,112436.28857781371,56.21814428890685,22.482761163328377,338609.4397370284
2024-11-01,MS,BUY,1005,111.8241958618164,111.84656070098876,112405.7935044937,56.20289675224685,22.476663368216094,226147.44333578245
2024-11-01,NFLX,BUY,1486,75.61000061035156,75.62512261047362,112378.93219916381,56.1894660995819,22.471292181384456,113712.32167051906
2024-11-01,NVDA,BUY,831,135.1887664794922,135.2158042327881,112364.3333174469,56.182166658723446,22.46837298889315,1291.806186413436
2024-11-01,TSLA,BUY,5,248.97999572753906,249.02979172668458,1245.1489586334228,0.6225744793167114,0.24897999572758067,46.03465330069662
2024-12-02,ABBV,SELL,585,171.57244873046875,171.53813424072266,100349.80853082276,50.17490426541138,20.073976501465296,100345.66827985804
2024-12-02,AVGO,SELL,675,163.97381591796875,163.94102115478515,110660.18927947998,55.33009463973999,22.136465148931705,210950.5274646983
2024-12-02,CSCO,SELL,2108,57.10337448120117,57.091953806304936,120349.83862369081,60.17491931184541,24.074782681265475,331240.1911690773
2024-12-02,META,SELL,199,589.4387817382812,589.3208939819336,117274.8579024048,58.6374289512024,23.459663513175087,448456.4116425309
2024-12-02,MS,SELL,24,125.3943099975586,125.36923113555909,3008.8615472534184,1.5044307736267093,0.6018926879880837,451463.76875901065
2024-12-02,NFLX,SELL,115,89.77400207519531,89.75604727478027,10321.945436599732,5.160972718299866,2.064802047729657,461780.5532228921
2024-12-02,NVDA,SELL,831,138.41372680664062,138.3860440612793,114998.8026149231,57.499401307461554,23.004361395255245,576721.8564365078
2024-12-02,TSLA,SELL,107,357.0899963378906,357.01857833862306,38200.987882232665,19.100493941116333,7.641725921629643,614903.7438247993
2024-12-02,WMT,SELL,40,91.1972427368164,91.17900328826904,3647.1601315307616,1.823580065765381,0.7295779418944903,618549.0803762643
2024-12-02,CRM,BUY,376,326.8252258300781,326.89059087524413,122910.8621690918,61.4554310845459,24.577256982417566,495576.76277608797
2024-12-02,DIS,BUY,1075,114.49000549316406,114.51290349426269,123101.3712563324,61.5506856281662,24.615351181021694,372413.8408341274
2024-12-02,GS,BUY,210,584.014892578125,584.1316955566406,122667.65606689452,61.333828033447254,24.5286254882717,249684.85093919944
2024-12-02,HD,BUY,299,410.7270202636719,410.8091656677246,122831.94053464965,61.41597026732482,24.561475811760317,126791.49443428247
2024-12-02,IBM,BUY,566,217.2374725341797,217.28092002868652,122981.00073623657,61.49050036811828,24.59128189086914,3749.0031976777827
2024-12-02,ORCL,BUY,17,177.9073944091797,177.9429758880615,3025.0305900970457,1.5125152950485228,0.6048851409910014,722.4600922856885
2025-01-02,CRM,SELL,12,326.8522033691406,326.7868329284668,3921.441995141602,1.960720997570801,0.7844452880856352,4641.94136642972
2025-01-02,DIS,SELL,1075,108.77435302734375,108.75259815673829,116909.04301849366,58.45452150924683,23.3864859008726,121492.52986341412
2025-01-02,HD,SELL,299,373.6907653808594,373.6160272277832,111711.19214110718,55.855596070553595,22.34670776977441,233147.86640845076
2025-01-02,IBM,SELL,566,210.1200714111328,210.0780473968506,118904.17482661744,59.452087413308725,23.78559208373622,351992.5891476549
2025-01-02,NFLX,SELL,30,88.6729965209961,88.6552619216919,2659.6578576507573,1.3298289288253786,0.5320379791257324,354650.9171763768
2025-01-02,ORCL,SELL,691,162.82432556152344,162.79176069641113,112489.10664122009,56.244553320610045,22.50232179260348,467083.77926427627
2025-01-02,TSLA,SELL,31,379.2799987792969,379.20414277954103,11755.328426165772,5.877664213082886,2.351535992431195,478833.23002622894
2025-01-02,WMT,SELL,9,88.79464721679688,88.77688828735351,798.9919945861816,0.3994959972930908,0.15983036499024195,479631.82252481784
2025-01-02,AMZN,BUY,540,220.22000122070312,220.26404522094725,118942.58441931152,59.47129220965576,23.783760131829013,360629.76681329665
2025-01-02,AVGO,BUY,519,229.0587158203125,229.10452756347655,118905.24980544433,59.45262490272217,23.77629470214282,241665.0643829496
2025-01-02,CSCO,BUY,2095,56.786293029785156,56.79765028839111,118991.07735417938,59.495538677089684,23.79345677947512,122614.49149009315
2025-01-02,GS,BUY,3,558.0611572265625,558.1727694580078,1674.5183083740235,0.8372591541870117,0.3348366943358769,120939.13592256494
2025-01-02,MS,BUY,15,119.41311645507812,119.43699907836914,1791.5549861755371,0.8957774930877686,0.3582393493652347,119146.68515889632
2025-01-02,V,BUY,383,310.31927490234375,310.3813387573242,118876.05274405518,59.43802637202759,23.770456457518208,211.19438846911362
2025-02-03,AMZN,SELL,9,237.4199981689453,237.37251416931153,2136.3526275238037,1.0681763137619018,0.4273559967040512,2346.4788396791555
2025-02-03,AVGO,SELL,519,214.98817443847656,214.94517680358888,111556.54676106262,55.77827338053131,22.31577250670773,113847.24732736124
2025-02-03,CRM,SELL,364,335.3333740234375,335.26630734863284,122036.93587490235,61.018467937451184,24.412269628897775,235823.16473432613
2025-02-03,CSCO,SELL,2095,59.050010681152344,59.038200679016114,123685.03042253877,61.84251521126939,24.74195447540083,359446.3526416536
2025-02-03,GS,SELL,8,613.7731323242188,613.6503776977539,4909.203021582031,2.4546015107910155,0.982037011718603,364353.1010617249
2025-02-03,MS,SELL,42,132.1340789794922,132.1076521636963,5548.521390875244,2.774260695437622,1.1099262634278375,369898.84819190466
2025-02-03,NFLX,SELL,53,97.89399719238281,97.87441839294434,5187.34417482605,2.5936720874130255,1.0376763702392964,375083.5986946433
2025-02-03,V,SELL,14,341.3314208984375,341.2631546142578,4777.684164599609,2.3888420822998047,0.955727978515597,379858.8940171606
2025-02-03,WMT,SELL,56,98.20687866210938,98.18723728637696,5498.485288037109,2.7492426440185547,1.0999170410154875,385354.6300625537
2025-02-03,IBM,BUY,506,249.0889129638672,249.13873074645994,126064.19775770872,63.03209887885436,25.207797991933603,259227.40020596609
2025-02-03,JPM,BUY,487,258.9512634277344,259.0030536804199,126134.4871423645,63.067243571182246,25.221853057848705,133029.8458200304
2025-02-03,META,BUY,181,694.0296630859375,694.1684690185547,125644.4928923584,62.8222464461792,25.123873803708534,7322.530681225835
2025-02-03,TSLA,BUY,15,383.67999267578125,383.7567286743164,5756.350930114746,2.878175465057373,1.1510399780269154,1563.3015756460318
2025-03-03,AMZN,SELL,531,205.02000427246094,204.97900027160645,108843.84914422303,54.421924572111514,21.773124453731754,110352.72879529695
2025-03-03,GS,SELL,205,590.37353515625,590.2554604492187,121002.36939208984,60.50118469604491,24.205314941410165,231294.59700269075
2025-03-03,IBM,SELL,13,240.6118621826172,240.56373981018066,3127.3286175323487,1.5636643087661743,0.625590841674807,234420.36195591433
2025-03-03,JPM,SELL,487,252.94361877441406,252.89303005065918,123158.90563467101,61.5794528173355,24.636708468628882,357517.688137768
2025-03-03,MS,SELL,954,124.39830780029297,124.37342813873292,118652.2504443512,59.326125222175605,23.73519712828744,476110.61245689704
2025-03-03,NFLX,SELL,69,97.37000274658203,97.35052874603272,6717.186483476258,3.3585932417381295,1.343706037902308,482824.4403471316
2025-03-03,TSLA,SELL,328,284.6499938964844,284.59306389770506,93346.52495844726,46.67326247922363,18.67303959961373,576124.2920430996
2025-03-03,V,SELL,38,357.7247009277344,357.6531559875488,13590.819927526854,6.795409963763427,2.71870772705131,589708.3165606627
2025-03-03,WMT,SELL,51,96.28298950195312,96.26373290405273,4909.45037810669,2.454725189053345,0.9820864929201178,594615.3122135804
2025-03-03,ABBV,BUY,589,201.49810791015625,201.53840753173827,118706.12203619385,59.35306101809692,23.736477111811183,475849.8371163684
2025-03-03,ABT,BUY,874,135.8106689453125,135.83783107910156,118722.26436313476,59.361132181567385,23.739704931640347,357068.21162105206
2025-03-03,AVGO,BUY,641,185.010498046875,185.04750014648437,118615.44759389648,59.30772379694823,23.71834584960436,238393.45630335866
2025-03-03,CSCO,BUY,1933,61.410457611083984,61.4227397026062,118730.1558451378,59.3650779225689,23.741282912444255,119603.9353802983
2025-03-03,GE,BUY,592,200.27392578125,200.31398056640626,118585.8764953125,59.29293824765625,23.71243281250463,958.7659467381309
2025-03-03,META,BUY,1,651.828125,651.958490625,651.958490625,0.3259792453125,0.13036562499996762,306.4814768678184
2025-04-01,ABBV,SELL,15,196.53402709960938,196.49472029418945,2947.420804412842,1.473710402206421,0.5896020812988922,3252.4285708784537
2025-04-01,AVGO,SELL,641,166.90138244628906,166.8680021697998,106962.38939084168,53.48119469542084,21.39675722961175,110161.33676702472
2025-04-01,CSCO,SELL,1933,59.78522872924805,59.7732716835022,115541.73416420976,57.77086708210488,23.112969426718593,225645.3000641524
2025-04-01,GE,SELL,35,202.46463012695312,202.42413720092773,7084.84480203247,3.5424224010162355,1.4172524108887785,232726.60244378386
2025-04-01,IBM,SELL,24,240.756103515625,240.70795229492188,5776.990855078126,2.8884954275390626,1.1556292968748494,238500.70480343446
2025-04-01,META,SELL,182,583.6365356445312,583.5198083374023,106200.60511740722,53.1003025587036,21.244369897467095,344648.20961828297
2025-04-01,NFLX,SELL,3,92.83799743652344,92.81942983703614,278.45828951110843,0.13922914475555423,0.055702798461894076,344926.52867864934
2025-04-01,V,SELL,2,342.4298095703125,342.36132360839844,684.7226472167969,0.34236132360839844,0.13697192382812773,345610.9089645425
2025-04-01,WMT,SELL,1233,87.88099670410156,87.86342050476074,108335.59748237,54.167798741185,21.671453787234753,453892.3386481713
2025-04-01,ABT,BUY,11,127.54891204833984,127.57442183074951,1403.3186401382447,0.7016593200691223,0.28060760650637917,452488.318348713
2025-04-01,AMGN,BUY,382,295.3537292480469,295.4127999938965,112847.68959766846,56.423844798834224,22.565024914556375,339584.2049062457
2025-04-01,CVX,BUY,713,158.40728759765625,158.4389690551758,112966.98493634033,56.48349246817017,22.588879211431617,226560.7364774372
2025-04-01,JNJ,BUY,762,148.24334716796875,148.27299583740233,112984.02282810058,56.49201141405029,22.592286108391022,113520.22163792256
2025-04-01,XOM,BUY,994,113.57444763183594,113.5971625213623,112915.57954623413,56.457789773117064,22.578600189211357,548.1843019153021
2025-05-01,ABBV,SELL,574,185.916748046875,185.87956469726564,106694.87013623047,53.34743506811523,21.343242675775116,107189.70700307765
2025-05-01,ABT,SELL,22,127.35157012939453,127.32609981536865,2801.17419593811,1.4005870979690551,0.560346908569386,109989.4806119178
2025-05-01,AMGN,SELL,382,273.085693359375,273.03107622070314,104297.8711163086,52.1489355581543,20.863746972649892,214235.20279266825
2025-05-01,CVX,SELL,713,128.09080505371094,128.0651868927002,91310.47825449525,45.655239127247626,18.2657488006478,305500.02580803627
2025-05-01,GE,SELL,557,202.28579711914062,202.2453399597168,112650.65435756226,56.32532717878113,22.534637799069657,418094.35483841976
2025-05-01,JNJ,SELL,762,149.413818359375,149.38393559570312,113830.55892392578,56.91527946196289,22.770665917971314,531867.9984828836
2025-05-01,NFLX,SELL,246,113.34700012207031,113.3243307220459,27877.785357623292,13.938892678811646,5.576672406005429,559731.844947828
2025-05-01,V,SELL,5,338.57391357421875,338.5061987915039,1692.5309939575195,0.8462654969787599,0.3385739135742938,561423.5296762885
2025-05-01,XOM,SELL,994,100.92326354980469,100.90307889709473,100297.66042371216,50.14883021185608,20.063544793697872,661671.0412697888
2025-05-01,AVGO,BUY,562,195.43467712402344,195.47376405944823,109856.2554014099,54.928127700704955,21.96685770873262,551759.8577406781
2025-05-01,COST,BUY,111,990.5800170898438,990.7781330932617,109976.37277335205,54.98818638667603,21.990876379387828,441728.4967809394
2025-05-01,IBM,BUY,8,230.4849853515625,230.5310823486328,1844.2486587890623,0.9221243293945312,0.36877597656234684,439883.32599782094
2025-05-01,KO,BUY,1597,68.83718872070312,68.85095615844726,109954.97698504028,54.977488492520145,21.9865980773847,329873.37152428814
2025-05-01,LLY,BUY,139,785.782958984375,785.9401155761718,109245.67606508789,54.62283803254394,21.84476625975799,220573.0726211677
2025-05-01,MCD,BUY,361,304.4833068847656,304.54420354614257,109940.45748015746,54.97022874007873,21.983694757076762,110577.64491227016
2025-05-01,WMT,BUY,1141,96.36933135986328,96.38860522613525,109979.39856302032,54.98969928151016,21.991481416321605,543.2566499683307
2025-06-02,ABT,SELL,863,129.96905517578125,129.9430613647461,112140.86195777587,56.070430978887934,22.432658923346594,112628.04817676531
2025-06-02,AVGO,SELL,91,246.3211669921875,246.27190275878908,22410.743151049806,11.205371575524902,4.483045239256029,135027.5859562396
2025-06-02,COST,SELL,111,1049.265869140625,1049.0560159667968,116445.21777231446,58.22260888615723,23.293702294924742,251414.5811196679
2025-06-02,IBM,SELL,23,255.4858856201172,255.43478844299318,5875.000134188843,2.937500067094421,1.17523507385215,257286.64375378966
2025-06-02,KO,SELL,1597,69.52275848388672,69.50885393218994,111005.63972970733,55.502819864853656,22.205569059761842,368236.78066363215
2025-06-02,LLY,SELL,139,740.8104248046875,740.6622627197265,102952.05451804199,51.476027259020995,20.594529809575192,471137.3591544151
2025-06-02,MCD,SELL,361,305.27294921875,305.21189462890624,110181.49396103516,55.09074698051758,22.040706933598642,581263.7623684697
2025-06-02,NFLX,SELL,17,121.89800262451172,121.87362302398682,2071.851591407776,1.035925795703888,0.41445320892322,583334.5780340818
2025-06-02,V,SELL,3,361.7849426269531,361.71258563842775,1085.1377569152833,0.5425688784576416,0.21707096557611294,584419.1732221186
2025-06-02,WMT,SELL,1141,98.94275665283203,98.92296810150147,112871.10660381317,56.43555330190659,22.578737068173027,697233.8442726299
2025-06-02,DIS,BUY,1048,110.86502838134766,110.88720138702392,116209.78705360107,58.10489352680054,23.237309948725965,580965.9523255021
2025-06-02,GE,BUY,472,245.8704833984375,245.91965749511718,116074.0783376953,58.037039168847656,23.210173632808164,464833.8369486379
2025-06-02,META,BUY,173,668.1941528320312,668.3277916625976,115620.70795762939,57.810353978814696,23.119517687984285,349155.31863702973
2025-06-02,MSFT,BUY,254,457.44805908203125,457.5395486938476,116215.04536823729,58.10752268411864,23.238361401358247,232882.16574610834
2025-06-02,NVDA,BUY,847,137.187744140625,137.21518168945312,116221.2588909668,58.1106294454834,23.239603857415943,116602.79622569606
2025-06-02,TSLA,BUY,339,342.69000244140625,342.7585404418945,116195.14520980224,58.097572604901124,23.234382165525062,349.5534432889108
2025-07-01,AVGO,SELL,10,262.8143310546875,262.7617681884766,2627.617681884766,1.3138088409423831,0.5256286621090567,2975.8573163327346
2025-07-01,DIS,SELL,1048,121.72736358642578,121.7030181137085,127544.7629831665,63.772381491583246,25.514055407715773,130456.84791800765
2025-07-01,IBM,SELL,25,281.91546630859375,281.859083215332,7046.477080383301,3.52323854019165,1.4095773315432325,137499.80175985076
2025-07-01,META,SELL,4,716.8704223632812,716.7270482788086,2866.9081931152346,1.4334540965576172,0.5734963378904467,140365.27649886944
2025-07-01,MSFT,SELL,6,487.233642578125,487.1361958496094,2922.817175097656,1.461408587548828,0.5846803710935546,143286.63226537954
2025-07-01,NFLX,SELL,16,129.36000061035156,129.3341286102295,2069.346057763672,1.034673028881836,0.41395200195302095,145354.94365011432
2025-07-01,NVDA,SELL,56,153.09609985351562,153.06548063354492,8571.666915478516,4.285833457739258,1.714676318359352,153922.3247321351
2025-07-01,TSLA,SELL,339,300.7099914550781,300.64984945678714,101920.29896585084,50.960149482925424,20.38813742064474,255791.663548503
2025-07-01,V,SELL,321,352.0302429199219,351.95983687133787,112979.10763569946,56.48955381784973,22.600341595465466,368714.2816303846
2025-07-01,AMD,BUY,890,136.11000061035156,136.13722261047363,121162.12812332153,60.58106406166076,24.227580108638733,247491.57244300144
2025-07-01,GE,BUY,17,247.40048217773438,247.4499622741699,4206.6493586608885,2.103324679330444,0.8411616394040209,243282.81975966122
2025-07-01,GS,BUY,175,692.5192260742188,692.6577299194336,121215.10273590087,60.60755136795044,24.238172912592404,122007.10947239239
2025-07-01,ORCL,BUY,561,216.033447265625,216.07665395507811,121219.00286879882,60.60950143439941,24.238952783197334,727.4971021591628
2025-08-01,AMD,SELL,146,171.6999969482422,171.66565694885253,25063.18591453247,12.531592957266236,5.013639910890106,25778.151423734365
2025-08-01,AVGO,SELL,15,286.5404968261719,286.48318872680665,4297.2478309021,2.14862391545105,0.859621490478446,30073.250630721013
2025-08-01,GE,SELL,12,268.0189208984375,267.9653171142578,3215.5838053710936,1.607791902685547,0.6432454101563962,33287.226644189424
2025-08-01,IBM,SELL,429,242.0774688720703,242.0290533782959,103830.46389928895,51.91523194964448,20.77024682921737,137065.77531152873
2025-08-01,MSFT,SELL,2,518.9797973632812,518.8760014038086,1037.7520028076171,0.5188760014038085,0.20759191894535434,138103.00843833495
2025-08-01,NFLX,SELL,937,115.86000061035156,115.83682861022949,108539.10840778502,54.26955420389251,21.712164114383015,246587.84729191608
2025-08-01,NVDA,SELL,54,173.4889373779297,173.4542395904541,9366.528937884523,4.683264468942261,1.873680523681287,255949.69296533166
2025-08-01,ORCL,SELL,32,241.6655731201172,241.61724000549316,7731.751680175781,3.8658758400878908,1.5466596679689246,263677.57876966737
2025-08-01,CAT,BUY,300,424.86553955078125,424.9505126586914,127485.15379760743,63.74257689880371,25.491932373051895,136128.68239516113
2025-08-01,GS,BUY,8,695.5678100585938,695.7069236206055,5565.655388964844,2.782827694482422,1.1129084960939508,130560.2441785018
2025-08-01,JPM,BUY,450,283.93804931640625,283.9948369262695,127797.67661682128,63.89883830841064,25.55442443846232,2698.668723372117
2025-08-01,META,BUY,2,747.5599365234375,747.7094485107422,1495.4188970214843,0.7477094485107422,0.2990239746093266,1202.5021169021218
2025-09-02,AVGO,SELL,19,296.0706481933594,296.0114340637207,5624.217247210693,2.8121086236053467,1.1250684631351078,6823.90725548921
2025-09-02,GE,SELL,16,273.99853515625,273.94373544921876,4383.0997671875,2.1915498835937504,0.8767953124997803,11204.815472793118
2025-09-02,GS,SELL,8,720.2630615234375,720.1190089111328,5760.952071289063,2.880476035644531,1.1524208984374127,16962.887068046537
2025-09-02,JPM,SELL,450,294.0741271972656,294.01531237182616,132306.89056732177,66.15344528366089,26.466671447761314,149203.62419008467
2025-09-02,META,SELL,171,732.70849609375,732.5619543945313,125268.09420146486,62.63404710073243,25.05863056639555,274409.0843444488
2025-09-02,MSFT,SELL,246,500.9979248046875,500.89772521972657,123220.84040405274,61.61042020202636,24.649097900389506,397568.31432829954
2025-09-02,AMD,BUY,35,162.32000732421875,162.35247132568358,5682.336496398925,2.841168248199463,1.136240051269084,391883.13666365243
2025-09-02,CAT,BUY,6,412.33831787109375,412.42078553466797,2474.5247132080076,1.2372623566040037,0.4948059814453245,389407.37468808785
2025-09-02,GOOGL,BUY,600,210.748779296875,210.79092905273438,126474.55743164063,63.23727871582031,25.28985351563051,262869.5799777314
2025-09-02,LOW,BUY,498,253.5315704345703,253.58227674865722,126283.97382083129,63.14198691041565,25.251744415280825,136522.4641699897
2025-09-02,MS,BUY,868,145.55047607421875,145.57958616943358,126363.08079506835,63.18154039753417,25.267562646474744,10096.201834523803
2025-09-02,NVDA,BUY,4,170.55284118652344,170.58695175476075,682.347807019043,0.3411739035095215,0.13644227294923894,9413.51285360125
2025-09-02,ORCL,BUY,38,222.76104736328125,222.8055995727539,8466.612783764647,4.233306391882324,1.6929839599603724,942.6667634447203
2025-10-01,AVGO,SELL,8,331.53204345703125,331.46573704833986,2651.725896386719,1.3258629481933595,0.5304512695311132,3593.066796883246
2025-10-01,CAT,SELL,15,476.5304870605469,476.43518096313477,7146.527714447022,3.573263857223511,1.4295914611815874,10736.021247473043
2025-10-01,GOOGL,SELL,31,244.42176818847656,244.37288383483886,7575.559398880005,3.7877796994400024,1.5154149627688014,18307.79286665361
2025-10-01,LOW,SELL,498,242.99795532226562,242.94935573120117,120988.77915413817,60.494389577069086,24.202596350100578,139236.07763121472
2025-10-01,ORCL,SELL,81,285.7530822753906,285.69593165893554,23141.37046437378,11.570685232186891,4.629199932862264,162365.8774103563
2025-10-01,AMD,BUY,69,164.00999450683594,164.0427965057373,11318.952958895874,5.659476479447937,2.263337924194019,151041.264974981
2025-10-01,GE,BUY,3,299.7255554199219,299.7855005310059,899.3565015930176,0.44967825079650886,0.17983533325201506,150141.45879513718
2025-10-01,GS,BUY,4,774.1312866210938,774.286112878418,3097.144451513672,1.548572225756836,0.619305029296811,147042.76577139774
2025-10-01,MS,BUY,38,153.41224670410156,153.44292915344238,5830.83130783081,2.915415653915405,1.165933074950999,141209.01904791303
2025-10-01,NVDA,BUY,2,187.00149536132812,187.03889566040039,374.07779132080077,0.18703889566040038,0.07480059814452034,140834.75421769655
2025-10-01,TSLA,BUY,302,459.4599914550781,459.55188345336916,138784.6688029175,69.39233440145874,27.7513834838918,1980.6930803775904
2025-11-03,AMD,SELL,253,259.6499938964844,259.59806389770506,65678.31016611938,32.83915508305969,13.13828969116662,67626.16409141391
2025-11-03,CAT,SELL,19,567.1243896484375,567.0109647705078,10773.208330639649,5.386604165319825,2.1550726806638068,78393.98581788824
2025-11-03,GOOGL,SELL,24,283.16595458984375,283.1093213989258,6794.6237135742185,3.397311856787109,1.3591965820314726,85185.21221960567
2025-11-03,GS,SELL,179,774.14111328125,773.9862850585938,138543.5450254883,69.27177251274416,27.71425185545843,223659.48547258123
2025-11-03,MS,SELL,906,160.99659729003906,160.96439797058105,145833.74456134642,72.91687228067322,29.17258342896241,369420.31316164695
2025-11-03,AAPL,BUY,576,268.05975341796875,268.11336536865235,154433.29845234376,77.21664922617188,30.880483593755343,214909.798060077
2025-11-03,AVGO,BUY,9,360.5295104980469,360.6016164001465,3245.4145476013186,1.6227072738006594,0.6489531188965998,211662.7608052019
2025-11-03,GE,BUY,38,307.4358215332031,307.49730869750977,11684.89773050537,5.842448865252686,2.3365122436523507,199972.02062583127
2025-11-03,NVDA,BUY,5,206.61647033691406,206.65779363098144,1033.2889681549073,0.5166444840774537,0.2066164703369111,198938.2150131923
2025-11-03,ORCL,BUY,119,255.38665771484375,255.4377350463867,30397.09047052002,15.198545235260008,6.078202453611766,168525.925997437
2025-11-03,TMO,BUY,274,563.3333740234375,563.4460406982422,154384.21515131835,77.19210757565918,30.870668896487814,14064.518738543004
2025-11-03,TSLA,BUY,27,468.3699951171875,468.46366911621095,12648.519066137696,6.324259533068848,2.529197973633188,1409.6754128722387
2025-12-01,AAPL,SELL,51,282.3315124511719,282.27504614868167,14396.027353582765,7.198013676791382,2.87978142700058,15798.504752778214
2025-12-01,AVGO,SELL,42,383.92840576171875,383.8516200805664,16121.76804338379,8.060884021691894,3.2249986083978683,31912.211912140312
2025-12-01,CAT,SELL,10,564.6096801757812,564.4967582397461,5644.967582397461,2.8224837911987306,1.1292193603514988,37554.35701074658
2025-12-01,GE,SELL,502,287.3432312011719,287.28576255493164,144217.4528025757,72.10872640128784,28.84926041259962,181699.70108692098
2025-12-01,GOOGL,SELL,73,314.2751159667969,314.2122609436035,22937.495048883055,11.468747524441527,4.588416693116642,204625.7273882796
2025-12-01,NVDA,SELL,748,179.69082641601562,179.65488825073243,134381.85641154787,67.19092820577393,26.881747631832468,338940.3928716217
2025-12-01,ORCL,SELL,605,199.02032470703125,198.98052064208986,120383.21498846436,60.19160749423217,24.081459289542693,459263.4162525918
2025-12-01,TMO,SELL,20,583.5479125976562,583.4312030151367,11668.624060302735,5.834312030151367,2.334191650390949,470926.2060008644
2025-12-01,TSLA,SELL,329,430.1400146484375,430.05398664550785,141487.76160637208,70.74388080318604,28.303212963855458,612343.2237264332
2025-12-01,AMD,BUY,80,219.75999450683594,219.8039465057373,17584.315720458984,8.792157860229493,3.5161599121079234,594750.115848114
2025-12-01,AMGN,BUY,446,332.6555480957031,332.72207920532225,148394.04732557372,74.19702366278686,29.672874890127673,446281.87149887753
2025-12-01,JNJ,BUY,730,203.08619689941406,203.12681413879395,148282.57432131958,74.14128716065979,29.65058474731535,297925.15589039726
2025-12-01,LLY,BUY,140,1052.8037109375,1053.0142716796875,147421.99803515626,73.71099901757813,29.47850390624353,150429.44685622343
2025-12-01,MRK,BUY,1491,99.50910186767578,99.52900368804931,148397.74449888154,74.19887224944077,29.673614176938443,1957.5034850924567
2026-01-02,AAPL,SELL,525,270.2743225097656,270.2202676452637,141865.64051376344,70.93282025688171,28.37880386352367,143752.211178599
2026-01-02,AMD,SELL,12,223.47000122070312,223.425307220459,2681.103686645508,1.340551843322754,0.536328002929622,146431.9743134012
2026-01-02,AMGN,SELL,446,322.9466552734375,322.88206594238284,144005.40141030276,72.00270070515137,28.80684165037951,290365.3730229988
2026-01-02,AVGO,SELL,386,346.3441467285156,346.27487789916995,133662.1028690796,66.83105143453979,26.737768127430172,423960.64484064386
2026-01-02,CAT,SELL,13,594.775390625,594.6564355468751,7730.533662109376,3.865266831054688,1.5464160156242315,431687.3132359222
2026-01-02,GOOGL,SELL,1,314.74029541015625,314.6773473510742,314.6773473510742,0.1573386736755371,0.06294805908203216,432001.8332445996
2026-01-02,JNJ,SELL,7,205.0741424560547,205.0331276275635,1435.2318933929444,0.7176159466964722,0.28710379943839826,433436.34752204583
2026-01-02,LLY,SELL,3,1075.1656494140625,1074.9506162841797,3224.8518488525388,1.6124259244262693,0.6450993896485215,436659.58694497397
2026-01-02,MRK,SELL,77,104.91289520263672,104.8919126235962,8076.677272016907,4.038338636008453,1.6156585861200767,444732.22587835486
2026-01-02,TMO,SELL,4,591.3320922851562,591.2138258666993,2364.855303466797,1.1824276517333985,0.4730656738279322,447095.89875416993
2026-01-02,GS,BUY,163,905.5623168945312,905.7434293579101,147636.17898533936,73.81808949266969,29.52133153075988,299385.9016793379
2026-01-02,MS,BUY,829,178.95068359375,178.98647373046876,148379.7867225586,74.1898933612793,29.670023339851554,150931.92506341802
2026-01-02,TSLA,BUY,338,438.07000732421875,438.1576213256836,148097.27600808104,74.04863800404053,29.613532495112054,2760.6004173329275
2026-02-02,AMD,SELL,663,246.27000427246094,246.22075027160645,163244.35743007506,81.62217871503753,32.65540256652639,165923.33566869295
2026-02-02,CAT,SELL,23,688.3201904296875,688.1825263916015,15828.198107006836,7.914099053503419,3.16627287597737,181743.61967664628
2026-02-02,GOOGL,SELL,18,343.2431945800781,343.17454594116214,6177.141826940919,3.0885709134704595,1.2356755004877868,187917.67293267374
2026-02-02,JNJ,SELL,41,228.21730041503906,228.17165695495606,9355.0379351532,4.6775189675766,1.8713818634029735,197268.03334885938
2026-02-02,MRK,SELL,21,111.73297882080078,111.71063222503662,2345.923276725769,1.1729616383628845,0.46927851104740625,199612.7836639468
2026-02-02,MS,SELL,829,183.1026611328125,183.06604060058595,151761.74765788575,75.88087382894288,30.358421215809983,351298.65044800355
2026-02-02,TMO,SELL,250,580.6134033203125,580.4972806396485,145124.3201599121,72.56216007995606,29.030670166008576,496350.4084478357
2026-02-02,TSLA,SELL,338,421.80999755859375,421.72563555908204,142543.26481896974,71.27163240948487,28.514355834959247,638822.4016343959
2026-02-02,CVX,BUY,919,169.30233764648438,169.33619811401365,155619.96606677855,77.80998303338927,31.11776965940828,483124.62558458396
2026-02-02,GS,BUY,3,937.2451782226562,937.4326272583007,2812.297881774902,1.4061489408874512,0.56234710693343,480310.92155386816
2026-02-02,LLY,BUY,12,1039.1099853515625,1039.3178073486329,12471.813688183594,6.235906844091797,2.4938639648444223,467832.87195884046
2026-02-02,TXN,BUY,698,222.73207092285156,222.77661733703613,155498.07890125123,77.74903945062562,31.09339710082719,312257.0440181386
2026-02-02,UPS,BUY,1478,105.27206420898438,105.29311862182617,155623.2293230591,77.81161466152955,31.118422180168892,156556.00308041798
2026-02-02,XOM,BUY,1147,135.67820739746094,135.7053430389404,155654.02846566465,77.82701423283233,31.124580776958084,824.1476005204895
2026-03-02,CAT,SELL,14,749.5000610351562,749.3501610229492,10490.902254321289,5.245451127160645,2.0986001708981803,11309.804403714617
2026-03-02,CVX,SELL,919,186.25372314453125,186.21647239990236,171132.93813551028,85.56646906775515,34.23343431395185,182357.17607015715
2026-03-02,GOOGL,SELL,453,306.12152099609375,306.06029669189456,138645.31440142824,69.32265720071412,27.73460980223126,320933.1678143847
2026-03-02,GS,SELL,166,857.9190063476562,857.7474225463867,142386.0721427002,71.1930360713501,28.482911010745056,463248.0469210135
2026-03-02,JNJ,SELL,38,247.13868713378906,247.0892593963623,9389.391857061768,4.694695928530884,1.8782540222166517,472632.74408214673
2026-03-02,LLY,SELL,149,1014.7664794921875,1014.5635261962891,151169.96540324707,75.58498270162353,30.240041088861062,623727.1245026921
2026-03-02,MRK,SELL,63,119.6568832397461,119.63295186309814,7536.875967375183,3.7684379836875914,1.5076767288209254,631260.2320320837
2026-03-02,TXN,SELL,698,207.6958770751953,207.65433789978027,144942.72785404662,72.4713639270233,28.99434443969733,776130.4885222033
2026-03-02,UPS,SELL,41,110.7573013305664,110.73514987030029,4540.141144682312,2.270070572341156,0.9082098709107527,780668.3595963132
2026-03-02,XOM,SELL,101,152.19480895996094,152.16436999816895,15368.601369815064,7.684300684907532,3.074335140990655,796029.2766654433
2026-03-02,AMGN,BUY,415,382.8092346191406,382.88579646606445,158897.60553341673,79.44880276670837,31.77316647338671,637052.2223292599
2026-03-02,COP,BUY,1365,116.59011840820312,116.61343643188476,159177.3407295227,79.58867036476136,31.8291023254379,477795.2929293724
2026-03-02,GE,BUY,461,344.8072814941406,344.87624295043946,158987.9480001526,79.49397400007629,31.79123135376375,318727.8509552197
2026-03-02,HON,BUY,617,257.9405517578125,257.99213986816403,159181.15029865722,79.59057514932861,31.82986408689476,159467.11008141315
2026-03-02,WMT,BUY,1257,126.59809112548828,126.62341074371338,159165.62730484773,79.58281365242387,31.826760108947468,221.89996291298303
2026-04-01,CAT,SELL,2,727.58251953125,727.4370030273437,1454.8740060546875,0.7274370030273438,0.29103300781252983,1676.0465319646432
2026-04-01,COP,SELL,158,126.58863830566406,126.56332057800293,19997.004651324463,9.998502325662232,4.000200970458934,21663.052680963443
2026-04-01,GE,SELL,461,292.31561279296875,292.2571496704102,134730.5459980591,67.36527299902954,26.951499499504507,156326.2334060235
2026-04-01,HON,SELL,617,237.3086395263672,237.26117779846192,146390.146701651,73.19507335082551,29.28388611755298,302643.1850343237
2026-04-01,JNJ,SELL,15,242.7240753173828,242.67553050231933,3640.13295753479,1.8200664787673952,0.7281722259521928,306281.4979253797
2026-04-01,MRK,SELL,57,119.97721862792969,119.9532231842041,6837.333721499634,3.418666860749817,1.3677402923581639,313115.4129800186
2026-04-01,UPS,SELL,1437,94.77580261230469,94.75684745178224,136165.58978821107,68.08279489410553,27.23856567076392,449212.9199733356
2026-04-01,WMT,SELL,30,124.50239562988281,124.47749515075684,3734.324854522705,1.8671624272613525,0.7470143737792512,452945.377665431
2026-04-01,XOM,SELL,83,158.66867065429688,158.63693692016602,13166.86576437378,6.58343288218689,2.6338999328607997,466105.6599969226
2026-04-01,AMD,BUY,727,210.2100067138672,210.25204871520995,152853.23941595762,76.4266197079788,30.564534976189776,313175.993961257
2026-04-01,AMGN,BUY,20,350.6322021484375,350.7023285888672,7014.046571777344,3.5070232858886725,1.4025288085940701,306158.44036619377
2026-04-01,COST,BUY,153,993.536376953125,993.7350842285156,152041.46788696287,76.02073394348145,30.40221313475797,154040.95174528743
2026-04-01,CVX,BUY,788,193.92587280273438,193.9646579772949,152844.15048610838,76.4220752430542,30.562717553697894,1120.379183935991
2026-05-01,AMD,SELL,275,360.5400085449219,360.4679005432129,99128.67264938356,49.56433632469178,19.829700469962575,100199.48749699486
2026-05-01,AMGN,SELL,435,327.3480529785156,327.2825833679199,142367.92376504515,71.18396188252257,28.47928060912892,242496.22730015748
2026-05-01,CAT,SELL,27,888.0225830078125,887.844978491211,23971.814419262697,11.985907209631348,4.795321948240257,266456.05581221054
2026-05-01,COST,SELL,153,1010.0940551757812,1009.8920363647461,154513.48156380616,77.25674078190308,30.908878088377264,420892.2806352348
2026-05-01,CVX,SELL,788,187.2655487060547,187.2280955963135,147535.73932989503,73.76786966494751,29.513050476060243,568354.2520954648
2026-05-01,JNJ,SELL,629,225.89088439941406,225.84570622253418,142056.949213974,71.02847460698699,28.41707325744872,710340.1728348319
2026-05-01,MRK,SELL,1273,111.35919952392578,111.33692768402099,141731.9089417587,70.86595447087934,28.352052198796656,852001.2158221197
2026-05-01,WMT,SELL,1227,131.34933471679688,131.32306484985352,161133.40057077026,80.56670028538512,32.23312673949275,1013054.0496926046
2026-05-01,XOM,SELL,963,150.74411010742188,150.7139612854004,145137.54471784056,72.56877235892028,29.03331560669278,1158119.0256380863
2026-05-01,AMZN,BUY,607,268.260009765625,268.31366176757814,162866.39269291994,81.43319634645997,32.56676518555565,995171.1997488199
2026-05-01,AVGO,BUY,387,420.6142883300781,420.6984111877441,162810.285129657,81.4051425648285,32.55554591673763,832279.5094765981
2026-05-01,COP,BUY,135,121.47105407714844,121.49534828796386,16401.87201887512,8.20093600943756,3.2797184600826057,815869.4365217135
2026-05-01,CSCO,BUY,1782,91.50767517089844,91.52597670593262,163099.29048997193,81.54964524498595,32.613335430914645,652688.5963864966
2026-05-01,GOOGL,BUY,423,385.45977783203125,385.53686978759765,163082.0959201538,81.5410479600769,32.60989720458815,489524.95941838267
2026-05-01,QCOM,BUY,924,176.35862731933594,176.3938990447998,162987.962717395,81.49398135869751,32.59107432861765,326455.502719629
2026-05-01,TXN,BUY,586,278.175048828125,278.23068383789064,163043.1807290039,81.52159036450195,32.60211572266371,163330.80040026054
2026-05-01,UNH,BUY,444,366.6856994628906,366.75903660278317,162841.01225163572,81.42050612581787,32.561690112289625,408.3676424990117
2026-06-01,AMD,SELL,99,510.1300048828125,510.02797888183596,50492.76990930176,25.246384954650882,10.100574096677121,50875.89116684612
2026-06-01,AMZN,SELL,607,261.260009765625,261.2077577636719,158553.10896254884,79.27655448127443,31.716965185527442,209349.7235749137
2026-06-01,COP,SELL,1342,114.814208984375,114.79124614257813,154049.85232333984,77.02492616166991,30.81613369139734,363322.55097209185
2026-06-01,CSCO,SELL,291,120.87779998779297,120.85362442779541,35168.404708488466,17.584202354244233,7.035087959289683,398473.3714782261
2026-06-01,GOOGL,SELL,423,376.14532470703125,376.0700956420898,159077.650456604,79.53882522830199,31.82189447022273,557471.4831096018
2026-06-01,QCOM,SELL,134,228.14735412597656,228.10172465515137,30565.631103790285,15.282815551895142,6.114349090575502,588021.8313978402
2026-06-01,UNH,SELL,444,377.7027587890625,377.6272182373047,167666.4848973633,83.83324244868164,33.540004980461845,755604.4830527548
2026-06-01,AVGO,BUY,5,459.2431640625,459.3350126953125,2296.6750634765626,1.1483375317382813,0.4592431640625705,753306.6596517465
2026-06-01,CAT,BUY,25,863.7576293945312,863.9303809204101,21598.259523010252,10.799129761505126,4.318788146971997,731697.6009989748
2026-06-01,GS,BUY,171,1048.5799560546875,1048.7896720458984,179343.03391984865,89.67151695992432,35.86143449707106,552264.8955621661
2026-06-01,IBM,BUY,566,318.1378479003906,318.2014754699707,180102.03511600342,90.0510175580017,36.01320438233199,372072.80942860467
2026-06-01,MS,BUY,859,209.85479736328125,209.8967683227539,180301.3239892456,90.1506619946228,36.05305418700621,191681.33477736445
2026-06-01,ORCL,BUY,729,247.28968811035156,247.33914604797363,180310.23746897277,90.1551187344864,36.05483652648584,11280.942189657188
2026-06-01,TXN,BUY,32,291.7064514160156,291.7647927062988,9336.473366601562,4.668236683300781,1.8669212890617928,1939.8005863723247
2026-07-01,AMD,SELL,46,540.8800048828125,540.771828881836,24875.504128564455,12.437752064282227,4.9760960449202685,26802.866962872497
2026-07-01,AVGO,SELL,392,369.3399963378906,369.26612833862305,144752.32230874023,72.37616115437011,28.956255712890197,171482.81311045837
2026-07-01,CAT,SELL,40,989.57421875,989.37630390625,39575.05215625,19.787526078124998,7.916593750001084,211038.07774063025
2026-07-01,CSCO,SELL,64,116.57390594482422,116.55059116363526,7459.237834472657,3.7296189172363285,1.4921459960933134,218493.58595618568
2026-07-01,GS,SELL,171,1019.6099853515625,1019.4060633544922,174318.43683361815,87.15921841680908,34.87066149902546,392724.863571387
2026-07-01,IBM,SELL,566,284.2112121582031,284.1543699157715,160831.37337232666,80.41568668616333,32.17270921630154,553475.8212570276
2026-07-01,MS,SELL,70,210.7001495361328,210.6580095062256,14746.060665435793,7.373030332717896,2.9498020935051272,568214.5088921307
2026-07-01,ORCL,SELL,729,142.00596618652344,141.97756499328614,103501.6448801056,51.7508224400528,20.704469869992067,671664.4029497963
2026-07-01,QCOM,SELL,790,181.9199981689453,181.88361416931153,143688.0551937561,71.84402759687805,28.74335971068973,815280.6141159555
2026-07-01,TXN,SELL,58,296.889892578125,296.8305145996094,17216.169846777346,8.608084923388672,3.4439227539055537,832488.1758778095
2026-07-01,ABBV,BUY,667,249.28561401367188,249.3354711364746,166306.75924802857,83.15337962401428,33.25470090942389,666098.263250157
2026-07-01,GE,BUY,444,374.47320556640625,374.5481002075195,166299.35649213864,83.14967824606933,33.25322065428145,499715.7570797723
2026-07-01,JNJ,BUY,655,253.97999572753906,254.03079172668455,166390.16858097838,83.19508429048919,33.27137944029758,333242.3934145034
2026-07-01,LLY,BUY,139,1190.03466796875,1190.2726749023436,165447.90181142578,82.7239509057129,33.08296376951375,167711.76765217193
2026-07-01,UNH,BUY,390,426.5400085449219,426.62531654663087,166383.87345318604,83.19193672659301,33.27012066650809,1244.7022622592922
2026-08-03,ABBV,SELL,667,245.10000610351562,245.05098610229493,163449.00773023072,81.72450386511535,32.69634081420486,164611.9854886249
2026-08-03,CAT,SELL,168,830.030029296875,829.8640232910157,139417.15591289062,69.70857795644531,27.889008984369866,303959.43282355904
2026-08-03,CSCO,SELL,61,115.86000061035156,115.83682861022949,7066.046545223999,3.5330232726119997,1.413492007446493,311021.9463455104
2026-08-03,GE,SELL,15,368.92999267578125,368.8562066772461,5532.843100158691,2.7664215500793454,1.1067899780269386,316552.02302411903
2026-08-03,JNJ,SELL,655,254.41000366210938,254.35912166137695,166605.2246882019,83.30261234410095,33.327710479740915,483073.94509997685
2026-08-03,LLY,SELL,139,1119.75537109375,1119.5314200195312,155614.86738271485,77.80743369135743,31.129199316413633,638611.0050490003
2026-08-03,MS,SELL,789,211.22999572753906,211.18774972839356,166627.13453570253,83.31356726785127,33.33209332580509,805154.8260174349
2026-08-03,TXN,SELL,560,269.0400085449219,268.9862005432129,150632.2723041992,75.3161361520996,30.13248095704057,955711.7821854821
2026-08-03,UNH,SELL,9,415.3599853515625,415.2769133544922,3737.4922201904296,1.8687461100952147,0.7476479736327519,959447.4056595624
2026-08-03,AAPL,BUY,522,303.1585693359375,303.21920104980467,158280.42294799804,79.14021147399902,31.649754638661193,801087.8425000904
2026-08-03,AMD,BUY,19,484.6400146484375,484.7369426513672,9210.001910375977,4.605000955187989,1.84163205566432,791873.2355887592
2026-08-03,BAC,BUY,2534,62.47999954223633,62.49249554214477,158355.98370379486,79.17799185189743,31.664863768000387,633438.0738931124
2026-08-03,CVX,BUY,826,191.5086669921875,191.54696872558594,158217.796167334,79.10889808366699,31.637231787112455,475141.1688276947
2026-08-03,KO,BUY,1823,86.86000061035156,86.87737261047363,158377.45026889342,79.1887251344467,31.669156222526055,316684.52983366686
2026-08-03,MRK,BUY,1239,127.7699966430664,127.79555064239501,158338.68724592743,79.16934362296371,31.661405168145066,158266.67324411648
2026-08-03,MSFT,BUY,324,486.73370361328125,486.8310503540039,157733.26031469725,78.86663015734862,31.54034399413149,454.546299261885
